timestamp,solar_generation,net_generation,demand,LMP
02/28/2025 03:00:00,2093.0,1202,1610,15.6766
02/28/2025 07:00:00,2093.0,1202,1610,20.4889
02/28/2025 09:00:00,2093.0,1202,1610,-38.2326
02/28/2025 11:00:00,2093.0,1202,1610,-21.6397
02/28/2025 15:00:00,2093.0,1202,1610,-21.2528
02/28/2025 19:00:00,2093.0,1202,1610,50.5509
02/28/2025 21:00:00,2093.0,1202,1610,38.058
02/28/2025 23:00:00,2093.0,1202,1610,32.5181
02/27/2025 01:00:00,2250.0,1309,1774,24.2228
02/27/2025 03:00:00,2250.0,1309,1774,18.6499
02/27/2025 05:00:00,2250.0,1309,1774,19.8223
02/27/2025 07:00:00,2250.0,1309,1774,24.0362
02/27/2025 09:00:00,2250.0,1309,1774,17.4102
02/27/2025 19:00:00,2250.0,1309,1774,44.4253
02/27/2025 21:00:00,2250.0,1309,1774,19.5545
02/26/2025 03:00:00,2007.0,1357,1828,-30.6929
02/26/2025 07:00:00,2007.0,1357,1828,19.1754
02/26/2025 09:00:00,2007.0,1357,1828,-30.2116
02/26/2025 11:00:00,2007.0,1357,1828,-39.8031
02/26/2025 13:00:00,2007.0,1357,1828,-2.1236
02/26/2025 19:00:00,2007.0,1357,1828,24.7572
02/26/2025 21:00:00,2007.0,1357,1828,36.7385
02/26/2025 23:00:00,2007.0,1357,1828,30.649
02/25/2025 01:00:00,2470.0,1291,1742,18.8805
02/25/2025 03:00:00,2470.0,1291,1742,18.6047
02/25/2025 05:00:00,2470.0,1291,1742,16.8776
02/25/2025 07:00:00,2470.0,1291,1742,21.5609
02/25/2025 09:00:00,2470.0,1291,1742,-42.5586
02/25/2025 11:00:00,2470.0,1291,1742,0.0042
02/25/2025 13:00:00,2470.0,1291,1742,0.0025
02/25/2025 15:00:00,2470.0,1291,1742,-29.7847
02/25/2025 17:00:00,2470.0,1291,1742,0.0032
02/25/2025 21:00:00,2470.0,1291,1742,18.6441
02/25/2025 23:00:00,2470.0,1291,1742,0.013
02/24/2025 01:00:00,2261.0,862,1726,20.2715
02/24/2025 03:00:00,2261.0,862,1726,20.6617
02/24/2025 05:00:00,2261.0,862,1726,22.1513
02/24/2025 07:00:00,2261.0,862,1726,27.415
02/24/2025 09:00:00,2261.0,862,1726,0.0048
02/24/2025 11:00:00,2261.0,862,1726,-29.4939
02/24/2025 15:00:00,2261.0,862,1726,-2.09
02/24/2025 17:00:00,2261.0,862,1726,0.0005
02/24/2025 19:00:00,2261.0,862,1726,29.2445
02/24/2025 21:00:00,2261.0,862,1726,24.3135
02/24/2025 23:00:00,2261.0,862,1726,20.5529
02/23/2025 01:00:00,1488.0,1382,1800,23.491
02/23/2025 03:00:00,1488.0,1382,1800,22.0258
02/23/2025 05:00:00,1488.0,1382,1800,20.2322
02/23/2025 07:00:00,1488.0,1382,1800,23.1072
02/23/2025 09:00:00,1488.0,1382,1800,0.0187
02/23/2025 15:00:00,1488.0,1382,1800,0.0026
02/23/2025 17:00:00,1488.0,1382,1800,11.6009
02/23/2025 19:00:00,1488.0,1382,1800,45.0519
02/23/2025 21:00:00,1488.0,1382,1800,0.0115
02/23/2025 23:00:00,1488.0,1382,1800,22.8677
02/22/2025 01:00:00,1257.0,1424,1700,26.7211
02/22/2025 03:00:00,1257.0,1424,1700,20.5359
02/22/2025 05:00:00,1257.0,1424,1700,24.9164
02/22/2025 07:00:00,1257.0,1424,1700,26.2202
02/22/2025 09:00:00,1257.0,1424,1700,0.0137
02/22/2025 11:00:00,1257.0,1424,1700,0.0055
02/22/2025 13:00:00,1257.0,1424,1700,18.7902
02/22/2025 15:00:00,1257.0,1424,1700,0.0021
02/22/2025 17:00:00,1257.0,1424,1700,0.0073
02/22/2025 19:00:00,1257.0,1424,1700,34.1002
02/22/2025 21:00:00,1257.0,1424,1700,24.3126
02/22/2025 23:00:00,1257.0,1424,1700,27.0367
02/21/2025 01:00:00,2202.0,1467,1653,25.4096
02/21/2025 03:00:00,2202.0,1467,1653,30.1805
02/21/2025 05:00:00,2202.0,1467,1653,53.8192
02/21/2025 07:00:00,2202.0,1467,1653,67.8981
02/21/2025 09:00:00,2202.0,1467,1653,29.5566
02/21/2025 11:00:00,2202.0,1467,1653,20.6416
02/21/2025 13:00:00,2202.0,1467,1653,0.0027
02/21/2025 15:00:00,2202.0,1467,1653,13.9251
02/21/2025 17:00:00,2202.0,1467,1653,0.0034
02/21/2025 19:00:00,2202.0,1467,1653,39.6423
02/21/2025 21:00:00,2202.0,1467,1653,42.4726
02/21/2025 23:00:00,2202.0,1467,1653,21.6511
02/20/2025 01:00:00,2103.0,1109,1744,29.6013
02/20/2025 03:00:00,2103.0,1109,1744,28.3448
02/20/2025 05:00:00,2103.0,1109,1744,28.4421
02/20/2025 07:00:00,2103.0,1109,1744,39.9427
02/20/2025 09:00:00,2103.0,1109,1744,23.1749
02/20/2025 11:00:00,2103.0,1109,1744,16.197
02/20/2025 13:00:00,2103.0,1109,1744,0.0114
02/20/2025 15:00:00,2103.0,1109,1744,0.0049
02/20/2025 17:00:00,2103.0,1109,1744,26.4856
02/20/2025 19:00:00,2103.0,1109,1744,28.2509
02/20/2025 21:00:00,2103.0,1109,1744,28.3681
02/20/2025 23:00:00,2103.0,1109,1744,25.232
02/19/2025 01:00:00,2107.0,1289,1793,36.4448
02/19/2025 03:00:00,2107.0,1289,1793,35.9764
02/19/2025 05:00:00,2107.0,1289,1793,35.6971
02/19/2025 07:00:00,2107.0,1289,1793,59.6014
02/19/2025 09:00:00,2107.0,1289,1793,38.5607
02/19/2025 11:00:00,2107.0,1289,1793,29.6933
02/19/2025 13:00:00,2107.0,1289,1793,26.8868
02/19/2025 15:00:00,2107.0,1289,1793,23.9059
02/19/2025 17:00:00,2107.0,1289,1793,25.9403
02/19/2025 19:00:00,2107.0,1289,1793,52.4396
02/19/2025 21:00:00,2107.0,1289,1793,49.9963
02/19/2025 23:00:00,2107.0,1289,1793,35.3172
02/18/2025 01:00:00,858.0,2049,1908,29.3333
02/18/2025 03:00:00,858.0,2049,1908,33.9824
02/18/2025 05:00:00,858.0,2049,1908,36.3707
02/18/2025 07:00:00,858.0,2049,1908,62.6717
02/18/2025 09:00:00,858.0,2049,1908,61.021
02/18/2025 11:00:00,858.0,2049,1908,27.886
02/18/2025 13:00:00,858.0,2049,1908,24.3111
02/18/2025 15:00:00,858.0,2049,1908,26.4799
02/18/2025 17:00:00,858.0,2049,1908,26.64
02/18/2025 19:00:00,858.0,2049,1908,39.5312
02/18/2025 21:00:00,858.0,2049,1908,66.1456
02/18/2025 23:00:00,858.0,2049,1908,51.6641
02/17/2025 01:00:00,1903.0,2227,1855,28.6037
02/17/2025 03:00:00,1903.0,2227,1855,30.4123
02/17/2025 05:00:00,1903.0,2227,1855,28.4291
02/17/2025 07:00:00,1903.0,2227,1855,54.489
02/17/2025 09:00:00,1903.0,2227,1855,18.1227
02/17/2025 11:00:00,1903.0,2227,1855,28.3236
02/17/2025 13:00:00,1903.0,2227,1855,22.1419
02/17/2025 15:00:00,1903.0,2227,1855,22.7686
02/17/2025 17:00:00,1903.0,2227,1855,28.9728
02/17/2025 19:00:00,1903.0,2227,1855,55.3944
02/17/2025 21:00:00,1903.0,2227,1855,64.8874
02/17/2025 23:00:00,1903.0,2227,1855,38.8783
02/16/2025 01:00:00,1363.0,2191,1844,40.2096
02/16/2025 03:00:00,1363.0,2191,1844,30.5769
02/16/2025 05:00:00,1363.0,2191,1844,25.426
02/16/2025 07:00:00,1363.0,2191,1844,38.7752
02/16/2025 09:00:00,1363.0,2191,1844,63.2115
02/16/2025 11:00:00,1363.0,2191,1844,23.1734
02/16/2025 13:00:00,1363.0,2191,1844,0.0062
02/16/2025 15:00:00,1363.0,2191,1844,-2.1416
02/16/2025 17:00:00,1363.0,2191,1844,0.0099
02/16/2025 19:00:00,1363.0,2191,1844,40.9615
02/16/2025 21:00:00,1363.0,2191,1844,29.7289
02/16/2025 23:00:00,1363.0,2191,1844,30.1921
02/15/2025 01:00:00,1322.0,2003,1733,26.2839
02/15/2025 03:00:00,1322.0,2003,1733,27.4022
02/15/2025 05:00:00,1322.0,2003,1733,37.5667
02/15/2025 07:00:00,1322.0,2003,1733,34.5614
02/15/2025 09:00:00,1322.0,2003,1733,26.3104
02/15/2025 11:00:00,1322.0,2003,1733,39.4053
02/15/2025 13:00:00,1322.0,2003,1733,27.0303
02/15/2025 15:00:00,1322.0,2003,1733,26.1496
02/15/2025 17:00:00,1322.0,2003,1733,16.6825
02/15/2025 19:00:00,1322.0,2003,1733,29.5821
02/15/2025 21:00:00,1322.0,2003,1733,28.7244
02/15/2025 23:00:00,1322.0,2003,1733,28.9817
02/14/2025 01:00:00,1534.0,1776,1709,7.6976
02/14/2025 03:00:00,1534.0,1776,1709,22.8765
02/14/2025 05:00:00,1534.0,1776,1709,20.837
02/14/2025 07:00:00,1534.0,1776,1709,25.8381
02/14/2025 09:00:00,1534.0,1776,1709,24.6049
02/14/2025 11:00:00,1534.0,1776,1709,22.2852
02/14/2025 13:00:00,1534.0,1776,1709,22.0661
02/14/2025 15:00:00,1534.0,1776,1709,24.5576
02/14/2025 17:00:00,1534.0,1776,1709,22.2394
02/14/2025 19:00:00,1534.0,1776,1709,45.3838
02/14/2025 21:00:00,1534.0,1776,1709,26.0025
02/14/2025 23:00:00,1534.0,1776,1709,18.6875
02/13/2025 01:00:00,1473.0,1245,1807,23.8778
02/13/2025 03:00:00,1473.0,1245,1807,22.3958
02/13/2025 05:00:00,1473.0,1245,1807,24.1552
02/13/2025 07:00:00,1473.0,1245,1807,24.8764
02/13/2025 09:00:00,1473.0,1245,1807,24.5361
02/13/2025 11:00:00,1473.0,1245,1807,21.2745
02/13/2025 13:00:00,1473.0,1245,1807,4.7247
02/13/2025 15:00:00,1473.0,1245,1807,17.8331
02/13/2025 17:00:00,1473.0,1245,1807,83.7696
02/13/2025 19:00:00,1473.0,1245,1807,24.0642
02/13/2025 21:00:00,1473.0,1245,1807,8.6666
02/13/2025 23:00:00,1473.0,1245,1807,16.0625
02/12/2025 01:00:00,682.0,2691,2008,32.4406
02/12/2025 03:00:00,682.0,2691,2008,27.8099
02/12/2025 05:00:00,682.0,2691,2008,0.0091
02/12/2025 07:00:00,682.0,2691,2008,18.5707
02/12/2025 09:00:00,682.0,2691,2008,17.6038
02/12/2025 11:00:00,682.0,2691,2008,3.5478
02/12/2025 13:00:00,682.0,2691,2008,12.6828
02/12/2025 15:00:00,682.0,2691,2008,10.2832
02/12/2025 17:00:00,682.0,2691,2008,23.5333
02/12/2025 19:00:00,682.0,2691,2008,51.0174
02/12/2025 21:00:00,682.0,2691,2008,36.6088
02/12/2025 23:00:00,682.0,2691,2008,31.3851
02/11/2025 01:00:00,1383.0,2431,1950,31.4646
02/11/2025 03:00:00,1383.0,2431,1950,33.2564
02/11/2025 05:00:00,1383.0,2431,1950,57.6905
02/11/2025 07:00:00,1383.0,2431,1950,56.5252
02/11/2025 09:00:00,1383.0,2431,1950,55.7376
02/11/2025 11:00:00,1383.0,2431,1950,31.201
02/11/2025 13:00:00,1383.0,2431,1950,29.8302
02/11/2025 15:00:00,1383.0,2431,1950,29.0424
02/11/2025 17:00:00,1383.0,2431,1950,29.0008
02/11/2025 19:00:00,1383.0,2431,1950,34.4054
02/11/2025 21:00:00,1383.0,2431,1950,31.3448
02/11/2025 23:00:00,1383.0,2431,1950,31.9893
02/10/2025 01:00:00,1549.0,2270,2053,16.162
02/10/2025 03:00:00,1549.0,2270,2053,17.4019
02/10/2025 05:00:00,1549.0,2270,2053,18.8945
02/10/2025 07:00:00,1549.0,2270,2053,39.9154
02/10/2025 09:00:00,1549.0,2270,2053,19.3303
02/10/2025 11:00:00,1549.0,2270,2053,18.0481
02/10/2025 13:00:00,1549.0,2270,2053,11.9787
02/10/2025 15:00:00,1549.0,2270,2053,0.0098
02/10/2025 17:00:00,1549.0,2270,2053,17.9717
02/10/2025 19:00:00,1549.0,2270,2053,21.7777
02/10/2025 21:00:00,1549.0,2270,2053,94.3121
02/10/2025 23:00:00,1549.0,2270,2053,21.5289
02/09/2025 01:00:00,2104.0,1524,1828,33.6862
02/09/2025 03:00:00,2104.0,1524,1828,23.4096
02/09/2025 05:00:00,2104.0,1524,1828,33.0294
02/09/2025 07:00:00,2104.0,1524,1828,32.6282
02/09/2025 09:00:00,2104.0,1524,1828,24.0895
02/09/2025 11:00:00,2104.0,1524,1828,13.0091
02/09/2025 13:00:00,2104.0,1524,1828,17.7712
02/09/2025 15:00:00,2104.0,1524,1828,16.6263
02/09/2025 17:00:00,2104.0,1524,1828,17.5944
02/09/2025 19:00:00,2104.0,1524,1828,25.2084
02/09/2025 21:00:00,2104.0,1524,1828,20.283
02/09/2025 23:00:00,2104.0,1524,1828,21.499
02/08/2025 01:00:00,2084.0,1750,1743,0.026
02/08/2025 03:00:00,2084.0,1750,1743,32.7056
02/08/2025 05:00:00,2084.0,1750,1743,4.8374
02/08/2025 07:00:00,2084.0,1750,1743,17.7294
02/08/2025 09:00:00,2084.0,1750,1743,17.819
02/08/2025 11:00:00,2084.0,1750,1743,18.0947
02/08/2025 13:00:00,2084.0,1750,1743,17.4395
02/08/2025 15:00:00,2084.0,1750,1743,0.0143
02/08/2025 17:00:00,2084.0,1750,1743,18.5195
02/08/2025 19:00:00,2084.0,1750,1743,40.3284
02/08/2025 21:00:00,2084.0,1750,1743,28.3761
02/08/2025 23:00:00,2084.0,1750,1743,24.0897
02/07/2025 01:00:00,2002.0,1310,1736,4.3184
02/07/2025 03:00:00,2002.0,1310,1736,0.0197
02/07/2025 05:00:00,2002.0,1310,1736,17.4778
02/07/2025 07:00:00,2002.0,1310,1736,45.4741
02/07/2025 09:00:00,2002.0,1310,1736,20.9157
02/07/2025 11:00:00,2002.0,1310,1736,12.1331
02/07/2025 13:00:00,2002.0,1310,1736,0.0152
02/07/2025 15:00:00,2002.0,1310,1736,0.0126
02/07/2025 17:00:00,2002.0,1310,1736,0.0115
02/07/2025 19:00:00,2002.0,1310,1736,21.0358
02/07/2025 21:00:00,2002.0,1310,1736,0.0188
02/07/2025 23:00:00,2002.0,1310,1736,12.2193
02/06/2025 01:00:00,1523.0,1975,1829,14.8929
02/06/2025 03:00:00,1523.0,1975,1829,15.6999
02/06/2025 05:00:00,1523.0,1975,1829,20.6383
02/06/2025 07:00:00,1523.0,1975,1829,45.2312
02/06/2025 09:00:00,1523.0,1975,1829,27.0931
02/06/2025 11:00:00,1523.0,1975,1829,19.6188
02/06/2025 13:00:00,1523.0,1975,1829,16.6179
02/06/2025 15:00:00,1523.0,1975,1829,0.0121
02/06/2025 17:00:00,1523.0,1975,1829,7.7452
02/06/2025 19:00:00,1523.0,1975,1829,20.7948
02/06/2025 21:00:00,1523.0,1975,1829,12.3498
02/06/2025 23:00:00,1523.0,1975,1829,0.0299
02/05/2025 01:00:00,561.0,2491,2238,21.1343
02/05/2025 03:00:00,561.0,2491,2238,21.9434
02/05/2025 05:00:00,561.0,2491,2238,31.8385
02/05/2025 07:00:00,561.0,2491,2238,45.4988
02/05/2025 09:00:00,561.0,2491,2238,17.3898
02/05/2025 11:00:00,561.0,2491,2238,13.3769
02/05/2025 13:00:00,561.0,2491,2238,0.0198
02/05/2025 15:00:00,561.0,2491,2238,-2.242
02/05/2025 17:00:00,561.0,2491,2238,4.3867
02/05/2025 19:00:00,561.0,2491,2238,45.3658
02/05/2025 21:00:00,561.0,2491,2238,22.0834
02/05/2025 23:00:00,561.0,2491,2238,19.539
02/04/2025 01:00:00,1788.0,1330,1841,18.8866
02/04/2025 03:00:00,1788.0,1330,1841,19.2059
02/04/2025 05:00:00,1788.0,1330,1841,20.0955
02/04/2025 07:00:00,1788.0,1330,1841,45.3527
02/04/2025 09:00:00,1788.0,1330,1841,45.3647
02/04/2025 11:00:00,1788.0,1330,1841,18.7866
02/04/2025 13:00:00,1788.0,1330,1841,13.7112
02/04/2025 15:00:00,1788.0,1330,1841,20.7451
02/04/2025 17:00:00,1788.0,1330,1841,21.09
02/04/2025 19:00:00,1788.0,1330,1841,27.1099
02/04/2025 21:00:00,1788.0,1330,1841,18.5026
02/04/2025 23:00:00,1788.0,1330,1841,20.4326
02/03/2025 01:00:00,467.0,2158,2140,15.8385
02/03/2025 03:00:00,467.0,2158,2140,0.8883
02/03/2025 05:00:00,467.0,2158,2140,0.4725
02/03/2025 07:00:00,467.0,2158,2140,17.2886
02/03/2025 09:00:00,467.0,2158,2140,17.424
02/03/2025 11:00:00,467.0,2158,2140,0.0306
02/03/2025 13:00:00,467.0,2158,2140,14.6551
02/03/2025 15:00:00,467.0,2158,2140,15.6332
02/03/2025 17:00:00,467.0,2158,2140,18.5819
02/03/2025 19:00:00,467.0,2158,2140,26.8588
02/03/2025 21:00:00,467.0,2158,2140,21.2978
02/03/2025 23:00:00,467.0,2158,2140,19.1323
02/02/2025 01:00:00,736.0,1667,1947,18.8826
02/02/2025 03:00:00,736.0,1667,1947,39.0907
02/02/2025 05:00:00,736.0,1667,1947,38.879
02/02/2025 07:00:00,736.0,1667,1947,18.5173
02/02/2025 09:00:00,736.0,1667,1947,0.0225
02/02/2025 11:00:00,736.0,1667,1947,0.7544
02/02/2025 13:00:00,736.0,1667,1947,3.8678
02/02/2025 15:00:00,736.0,1667,1947,3.8695
02/02/2025 17:00:00,736.0,1667,1947,8.6793
02/02/2025 19:00:00,736.0,1667,1947,20.8978
02/02/2025 21:00:00,736.0,1667,1947,18.3545
02/02/2025 23:00:00,736.0,1667,1947,16.2194
02/01/2025 01:00:00,244.0,1188,1955,10.4609
02/01/2025 03:00:00,244.0,1188,1955,0.0137
02/01/2025 05:00:00,244.0,1188,1955,15.727
02/01/2025 07:00:00,244.0,1188,1955,15.6328
02/01/2025 09:00:00,244.0,1188,1955,17.3985
02/01/2025 11:00:00,244.0,1188,1955,18.3608
02/01/2025 13:00:00,244.0,1188,1955,17.2781
02/01/2025 15:00:00,244.0,1188,1955,10.068
02/01/2025 17:00:00,244.0,1188,1955,17.5897
02/01/2025 19:00:00,244.0,1188,1955,45.2507
02/01/2025 21:00:00,244.0,1188,1955,17.9596
02/01/2025 23:00:00,244.0,1188,1955,18.126
01/31/2025 07:00:00,356.0,1529,2008,20.5253
01/31/2025 09:00:00,356.0,1529,2008,19.6453
01/31/2025 11:00:00,356.0,1529,2008,19.4857
01/31/2025 13:00:00,356.0,1529,2008,19.9263
01/31/2025 15:00:00,356.0,1529,2008,17.9431
01/31/2025 17:00:00,356.0,1529,2008,16.6606
01/31/2025 19:00:00,356.0,1529,2008,16.8453
01/31/2025 21:00:00,356.0,1529,2008,18.9925
01/31/2025 23:00:00,356.0,1529,2008,17.6293
01/30/2025 01:00:00,364.0,1803,2199,31.2878
01/30/2025 03:00:00,364.0,1803,2199,28.3657
01/30/2025 05:00:00,364.0,1803,2199,21.7232
01/30/2025 07:00:00,364.0,1803,2199,21.0859
01/30/2025 09:00:00,364.0,1803,2199,22.6079
01/30/2025 11:00:00,364.0,1803,2199,21.4291
01/30/2025 13:00:00,364.0,1803,2199,19.5341
01/30/2025 15:00:00,364.0,1803,2199,14.9538
01/30/2025 17:00:00,364.0,1803,2199,0.0077
01/30/2025 21:00:00,364.0,1803,2199,15.3615
01/30/2025 23:00:00,364.0,1803,2199,14.7469
01/29/2025 01:00:00,1700.0,1421,1844,31.2003
01/29/2025 03:00:00,1700.0,1421,1844,31.7423
01/29/2025 05:00:00,1700.0,1421,1844,31.595
01/29/2025 07:00:00,1700.0,1421,1844,82.2828
01/29/2025 09:00:00,1700.0,1421,1844,31.1774
01/29/2025 11:00:00,1700.0,1421,1844,24.9223
01/29/2025 13:00:00,1700.0,1421,1844,20.8487
01/29/2025 15:00:00,1700.0,1421,1844,0.004
01/29/2025 17:00:00,1700.0,1421,1844,29.1561
01/29/2025 19:00:00,1700.0,1421,1844,35.3459
01/29/2025 21:00:00,1700.0,1421,1844,27.8597
01/29/2025 23:00:00,1700.0,1421,1844,30.402
01/28/2025 01:00:00,1719.0,1531,1803,27.8221
01/28/2025 03:00:00,1719.0,1531,1803,44.891
01/28/2025 05:00:00,1719.0,1531,1803,28.2357
01/28/2025 07:00:00,1719.0,1531,1803,31.5023
01/28/2025 09:00:00,1719.0,1531,1803,33.0506
01/28/2025 11:00:00,1719.0,1531,1803,21.2272
01/28/2025 13:00:00,1719.0,1531,1803,22.0
01/28/2025 15:00:00,1719.0,1531,1803,20.3905
01/28/2025 17:00:00,1719.0,1531,1803,32.5742
01/28/2025 19:00:00,1719.0,1531,1803,45.4665
01/28/2025 21:00:00,1719.0,1531,1803,30.5257
01/28/2025 23:00:00,1719.0,1531,1803,27.2439
01/27/2025 01:00:00,1745.0,1445,1851,20.3118
01/27/2025 03:00:00,1745.0,1445,1851,23.7092
01/27/2025 05:00:00,1745.0,1445,1851,20.4286
01/27/2025 07:00:00,1745.0,1445,1851,25.1943
01/27/2025 09:00:00,1745.0,1445,1851,21.8845
01/27/2025 11:00:00,1745.0,1445,1851,21.0606
01/27/2025 13:00:00,1745.0,1445,1851,22.0087
01/27/2025 15:00:00,1745.0,1445,1851,10.2595
01/27/2025 17:00:00,1745.0,1445,1851,21.5882
01/27/2025 19:00:00,1745.0,1445,1851,22.2024
01/27/2025 21:00:00,1745.0,1445,1851,26.4614
01/27/2025 23:00:00,1745.0,1445,1851,24.8951
01/26/2025 01:00:00,1743.0,1394,1839,39.5046
01/26/2025 03:00:00,1743.0,1394,1839,35.1519
01/26/2025 05:00:00,1743.0,1394,1839,28.1215
01/26/2025 07:00:00,1743.0,1394,1839,23.7985
01/26/2025 09:00:00,1743.0,1394,1839,34.7418
01/26/2025 11:00:00,1743.0,1394,1839,24.3365
01/26/2025 13:00:00,1743.0,1394,1839,24.1734
01/26/2025 15:00:00,1743.0,1394,1839,23.6166
01/26/2025 17:00:00,1743.0,1394,1839,23.0226
01/26/2025 19:00:00,1743.0,1394,1839,32.6785
01/26/2025 21:00:00,1743.0,1394,1839,18.9436
01/26/2025 23:00:00,1743.0,1394,1839,29.233
01/25/2025 01:00:00,1561.0,1800,1770,22.3376
01/25/2025 03:00:00,1561.0,1800,1770,23.3033
01/25/2025 05:00:00,1561.0,1800,1770,26.3169
01/25/2025 07:00:00,1561.0,1800,1770,25.4639
01/25/2025 09:00:00,1561.0,1800,1770,26.2348
01/25/2025 11:00:00,1561.0,1800,1770,25.1911
01/25/2025 13:00:00,1561.0,1800,1770,21.5884
01/25/2025 15:00:00,1561.0,1800,1770,25.5986
01/25/2025 17:00:00,1561.0,1800,1770,31.9317
01/25/2025 19:00:00,1561.0,1800,1770,37.8868
01/25/2025 21:00:00,1561.0,1800,1770,29.7545
01/25/2025 23:00:00,1561.0,1800,1770,55.943
01/24/2025 01:00:00,1189.0,1623,1804,144.9121
01/24/2025 03:00:00,1189.0,1623,1804,146.4365
01/24/2025 05:00:00,1189.0,1623,1804,137.3617
01/24/2025 07:00:00,1189.0,1623,1804,38.7233
01/24/2025 09:00:00,1189.0,1623,1804,24.3377
01/24/2025 11:00:00,1189.0,1623,1804,10.2232
01/24/2025 13:00:00,1189.0,1623,1804,20.238
01/24/2025 15:00:00,1189.0,1623,1804,13.417
01/24/2025 17:00:00,1189.0,1623,1804,23.3079
01/24/2025 19:00:00,1189.0,1623,1804,54.3597
01/24/2025 21:00:00,1189.0,1623,1804,22.2098
01/24/2025 23:00:00,1189.0,1623,1804,27.772
01/23/2025 01:00:00,1300.0,1327,1830,23.5675
01/23/2025 03:00:00,1300.0,1327,1830,10.4757
01/23/2025 05:00:00,1300.0,1327,1830,24.5798
01/23/2025 07:00:00,1300.0,1327,1830,27.7715
01/23/2025 09:00:00,1300.0,1327,1830,41.6982
01/23/2025 11:00:00,1300.0,1327,1830,2.9211
01/23/2025 13:00:00,1300.0,1327,1830,0.0129
01/23/2025 15:00:00,1300.0,1327,1830,0.0078
01/23/2025 17:00:00,1300.0,1327,1830,23.9041
01/23/2025 19:00:00,1300.0,1327,1830,36.1084
01/23/2025 21:00:00,1300.0,1327,1830,32.6923
01/23/2025 23:00:00,1300.0,1327,1830,24.9577
01/22/2025 01:00:00,1657.0,1255,1776,19.7508
01/22/2025 03:00:00,1657.0,1255,1776,10.5937
01/22/2025 05:00:00,1657.0,1255,1776,15.4848
01/22/2025 07:00:00,1657.0,1255,1776,24.6253
01/22/2025 09:00:00,1657.0,1255,1776,43.5379
01/22/2025 11:00:00,1657.0,1255,1776,20.7938
01/22/2025 13:00:00,1657.0,1255,1776,31.5968
01/22/2025 15:00:00,1657.0,1255,1776,3.2753
01/22/2025 17:00:00,1657.0,1255,1776,21.983
01/22/2025 19:00:00,1657.0,1255,1776,37.8779
01/22/2025 21:00:00,1657.0,1255,1776,35.1456
01/22/2025 23:00:00,1657.0,1255,1776,25.6613
01/21/2025 01:00:00,1656.0,1211,1791,21.6026
01/21/2025 03:00:00,1656.0,1211,1791,48.455
01/21/2025 05:00:00,1656.0,1211,1791,39.8276
01/21/2025 07:00:00,1656.0,1211,1791,44.5718
01/21/2025 09:00:00,1656.0,1211,1791,36.8423
01/21/2025 11:00:00,1656.0,1211,1791,14.5646
01/21/2025 13:00:00,1656.0,1211,1791,21.8615
01/21/2025 15:00:00,1656.0,1211,1791,83.2972
01/21/2025 17:00:00,1656.0,1211,1791,46.6202
01/21/2025 19:00:00,1656.0,1211,1791,34.6517
01/21/2025 21:00:00,1656.0,1211,1791,60.806
01/21/2025 23:00:00,1656.0,1211,1791,0.0263
01/20/2025 01:00:00,1639.0,1255,1798,25.5828
01/20/2025 03:00:00,1639.0,1255,1798,16.0448
01/20/2025 05:00:00,1639.0,1255,1798,-1.1288
01/20/2025 07:00:00,1639.0,1255,1798,14.9674
01/20/2025 09:00:00,1639.0,1255,1798,0.0147
01/20/2025 11:00:00,1639.0,1255,1798,0.0089
01/20/2025 13:00:00,1639.0,1255,1798,0.0089
01/20/2025 15:00:00,1639.0,1255,1798,0.0058
01/20/2025 17:00:00,1639.0,1255,1798,18.865
01/20/2025 19:00:00,1639.0,1255,1798,76.7363
01/20/2025 21:00:00,1639.0,1255,1798,45.1814
01/20/2025 23:00:00,1639.0,1255,1798,38.7899
01/19/2025 01:00:00,1689.0,1239,1880,39.3111
01/19/2025 03:00:00,1689.0,1239,1880,39.6237
01/19/2025 05:00:00,1689.0,1239,1880,58.494
01/19/2025 07:00:00,1689.0,1239,1880,60.1588
01/19/2025 09:00:00,1689.0,1239,1880,59.6596
01/19/2025 11:00:00,1689.0,1239,1880,56.0818
01/19/2025 13:00:00,1689.0,1239,1880,46.3256
01/19/2025 15:00:00,1689.0,1239,1880,0.0006
01/19/2025 17:00:00,1689.0,1239,1880,62.7058
01/19/2025 19:00:00,1689.0,1239,1880,34.2979
01/19/2025 21:00:00,1689.0,1239,1880,0.5179
01/19/2025 23:00:00,1689.0,1239,1880,72.9486
01/18/2025 01:00:00,1612.0,1206,1741,20.0878
01/18/2025 03:00:00,1612.0,1206,1741,22.5783
01/18/2025 05:00:00,1612.0,1206,1741,22.3106
01/18/2025 07:00:00,1612.0,1206,1741,22.5578
01/18/2025 09:00:00,1612.0,1206,1741,0.0194
01/18/2025 11:00:00,1612.0,1206,1741,0.0194
01/18/2025 13:00:00,1612.0,1206,1741,0.0158
01/18/2025 15:00:00,1612.0,1206,1741,0.009
01/18/2025 17:00:00,1612.0,1206,1741,0.0149
01/18/2025 19:00:00,1612.0,1206,1741,18.2504
01/18/2025 21:00:00,1612.0,1206,1741,16.06
01/18/2025 23:00:00,1612.0,1206,1741,20.4146
01/17/2025 01:00:00,1440.0,1261,1747,20.155
01/17/2025 03:00:00,1440.0,1261,1747,18.134
01/17/2025 07:00:00,1440.0,1261,1747,13.9766
01/17/2025 09:00:00,1440.0,1261,1747,0.0138
01/17/2025 11:00:00,1440.0,1261,1747,0.0143
01/17/2025 13:00:00,1440.0,1261,1747,0.0148
01/17/2025 15:00:00,1440.0,1261,1747,0.02
01/17/2025 17:00:00,1440.0,1261,1747,9.6188
01/17/2025 19:00:00,1440.0,1261,1747,23.9092
01/17/2025 21:00:00,1440.0,1261,1747,21.7141
01/17/2025 23:00:00,1440.0,1261,1747,23.9466
01/16/2025 01:00:00,1565.0,1227,1831,28.7646
01/16/2025 03:00:00,1565.0,1227,1831,29.5146
01/16/2025 05:00:00,1565.0,1227,1831,30.7794
01/16/2025 07:00:00,1565.0,1227,1831,39.5658
01/16/2025 09:00:00,1565.0,1227,1831,25.5545
01/16/2025 13:00:00,1565.0,1227,1831,0.0253
01/16/2025 15:00:00,1565.0,1227,1831,-1.0664
01/16/2025 17:00:00,1565.0,1227,1831,24.2935
01/16/2025 19:00:00,1565.0,1227,1831,23.7491
01/16/2025 21:00:00,1565.0,1227,1831,23.0024
01/16/2025 23:00:00,1565.0,1227,1831,25.225
01/15/2025 01:00:00,1572.0,1494,1839,25.287
01/15/2025 03:00:00,1572.0,1494,1839,29.5247
01/15/2025 05:00:00,1572.0,1494,1839,31.0855
01/15/2025 07:00:00,1572.0,1494,1839,39.0152
01/15/2025 09:00:00,1572.0,1494,1839,24.3348
01/15/2025 11:00:00,1572.0,1494,1839,18.8099
01/15/2025 17:00:00,1572.0,1494,1839,22.3284
01/15/2025 19:00:00,1572.0,1494,1839,15.0006
01/15/2025 21:00:00,1572.0,1494,1839,28.2934
01/15/2025 23:00:00,1572.0,1494,1839,28.0546
01/14/2025 01:00:00,1546.0,1445,1826,22.9004
01/14/2025 03:00:00,1546.0,1445,1826,20.1379
01/14/2025 05:00:00,1546.0,1445,1826,26.2503
01/14/2025 07:00:00,1546.0,1445,1826,58.8265
01/14/2025 09:00:00,1546.0,1445,1826,31.9678
01/14/2025 11:00:00,1546.0,1445,1826,23.8379
01/14/2025 13:00:00,1546.0,1445,1826,20.6862
01/14/2025 15:00:00,1546.0,1445,1826,0.0076
01/14/2025 17:00:00,1546.0,1445,1826,28.1052
01/14/2025 19:00:00,1546.0,1445,1826,63.3187
01/14/2025 21:00:00,1546.0,1445,1826,26.7201
01/14/2025 23:00:00,1546.0,1445,1826,26.2934
01/13/2025 01:00:00,1591.0,1857,1883,21.2648
01/13/2025 03:00:00,1591.0,1857,1883,20.3523
01/13/2025 05:00:00,1591.0,1857,1883,23.1543
01/13/2025 07:00:00,1591.0,1857,1883,34.1325
01/13/2025 09:00:00,1591.0,1857,1883,36.4519
01/13/2025 11:00:00,1591.0,1857,1883,25.7087
01/13/2025 13:00:00,1591.0,1857,1883,24.6344
01/13/2025 15:00:00,1591.0,1857,1883,25.1818
01/13/2025 17:00:00,1591.0,1857,1883,37.1986
01/13/2025 19:00:00,1591.0,1857,1883,29.5541
01/13/2025 21:00:00,1591.0,1857,1883,25.2992
01/13/2025 23:00:00,1591.0,1857,1883,27.3841
01/12/2025 01:00:00,1532.0,1875,1906,15.6225
01/12/2025 03:00:00,1532.0,1875,1906,1.7089
01/12/2025 05:00:00,1532.0,1875,1906,15.7786
01/12/2025 07:00:00,1532.0,1875,1906,15.7943
01/12/2025 09:00:00,1532.0,1875,1906,16.2271
01/12/2025 11:00:00,1532.0,1875,1906,15.6656
01/12/2025 15:00:00,1532.0,1875,1906,17.9209
01/12/2025 17:00:00,1532.0,1875,1906,37.0954
01/12/2025 19:00:00,1532.0,1875,1906,39.9499
01/12/2025 21:00:00,1532.0,1875,1906,34.15
01/12/2025 23:00:00,1532.0,1875,1906,26.2036
01/11/2025 01:00:00,1554.0,1645,1770,18.2781
01/11/2025 03:00:00,1554.0,1645,1770,20.1747
01/11/2025 05:00:00,1554.0,1645,1770,22.1979
01/11/2025 07:00:00,1554.0,1645,1770,19.3178
01/11/2025 09:00:00,1554.0,1645,1770,21.6876
01/11/2025 11:00:00,1554.0,1645,1770,0.0077
01/11/2025 13:00:00,1554.0,1645,1770,15.8314
01/11/2025 15:00:00,1554.0,1645,1770,15.0229
01/11/2025 17:00:00,1554.0,1645,1770,17.0843
01/11/2025 19:00:00,1554.0,1645,1770,16.8428
01/11/2025 21:00:00,1554.0,1645,1770,23.2715
01/11/2025 23:00:00,1554.0,1645,1770,20.7714
01/10/2025 01:00:00,1606.0,1373,1780,16.1981
01/10/2025 03:00:00,1606.0,1373,1780,16.5518
01/10/2025 05:00:00,1606.0,1373,1780,18.0464
01/10/2025 07:00:00,1606.0,1373,1780,24.1999
01/10/2025 09:00:00,1606.0,1373,1780,74.3647
01/10/2025 11:00:00,1606.0,1373,1780,18.3606
01/10/2025 13:00:00,1606.0,1373,1780,19.4234
01/10/2025 15:00:00,1606.0,1373,1780,18.061
01/10/2025 17:00:00,1606.0,1373,1780,21.5354
01/10/2025 19:00:00,1606.0,1373,1780,22.1023
01/10/2025 21:00:00,1606.0,1373,1780,11.42
01/10/2025 23:00:00,1606.0,1373,1780,19.3333
01/09/2025 01:00:00,1472.0,1578,1851,0.0121
01/09/2025 03:00:00,1472.0,1578,1851,0.0209
01/09/2025 05:00:00,1472.0,1578,1851,41.4413
01/09/2025 07:00:00,1472.0,1578,1851,38.8281
01/09/2025 09:00:00,1472.0,1578,1851,21.3753
01/09/2025 11:00:00,1472.0,1578,1851,16.9514
01/09/2025 13:00:00,1472.0,1578,1851,23.9152
01/09/2025 15:00:00,1472.0,1578,1851,15.4878
01/09/2025 17:00:00,1472.0,1578,1851,20.6288
01/09/2025 19:00:00,1472.0,1578,1851,21.1407
01/09/2025 21:00:00,1472.0,1578,1851,14.2599
01/09/2025 23:00:00,1472.0,1578,1851,15.9218
01/08/2025 01:00:00,1293.0,1752,1932,22.1112
01/08/2025 03:00:00,1293.0,1752,1932,26.7076
01/08/2025 05:00:00,1293.0,1752,1932,35.6905
01/08/2025 07:00:00,1293.0,1752,1932,41.6223
01/08/2025 09:00:00,1293.0,1752,1932,28.4887
01/08/2025 11:00:00,1293.0,1752,1932,19.5585
01/08/2025 13:00:00,1293.0,1752,1932,0.0097
01/08/2025 15:00:00,1293.0,1752,1932,0.0087
01/08/2025 17:00:00,1293.0,1752,1932,30.5942
01/08/2025 19:00:00,1293.0,1752,1932,32.3332
01/08/2025 21:00:00,1293.0,1752,1932,23.3969
01/08/2025 23:00:00,1293.0,1752,1932,24.2275
01/07/2025 01:00:00,1418.0,1684,1838,28.1176
01/07/2025 03:00:00,1418.0,1684,1838,17.8815
01/07/2025 05:00:00,1418.0,1684,1838,18.5706
01/07/2025 07:00:00,1418.0,1684,1838,24.3424
01/07/2025 09:00:00,1418.0,1684,1838,27.8961
01/07/2025 11:00:00,1418.0,1684,1838,33.3066
01/07/2025 13:00:00,1418.0,1684,1838,20.3919
01/07/2025 15:00:00,1418.0,1684,1838,18.8328
01/07/2025 17:00:00,1418.0,1684,1838,18.6101
01/07/2025 19:00:00,1418.0,1684,1838,22.1253
01/07/2025 21:00:00,1418.0,1684,1838,18.6384
01/07/2025 23:00:00,1418.0,1684,1838,22.1377
01/06/2025 01:00:00,1421.0,1781,1881,35.2133
01/06/2025 03:00:00,1421.0,1781,1881,33.2804
01/06/2025 05:00:00,1421.0,1781,1881,47.997
01/06/2025 07:00:00,1421.0,1781,1881,52.5524
01/06/2025 09:00:00,1421.0,1781,1881,27.4294
01/06/2025 11:00:00,1421.0,1781,1881,29.5437
01/06/2025 13:00:00,1421.0,1781,1881,18.5741
01/06/2025 15:00:00,1421.0,1781,1881,19.5946
01/06/2025 17:00:00,1421.0,1781,1881,26.5513
01/06/2025 19:00:00,1421.0,1781,1881,24.7766
01/06/2025 21:00:00,1421.0,1781,1881,20.2285
01/06/2025 23:00:00,1421.0,1781,1881,25.3523
01/05/2025 01:00:00,1341.0,1862,1933,30.5872
01/05/2025 03:00:00,1341.0,1862,1933,24.057
01/05/2025 05:00:00,1341.0,1862,1933,21.2078
01/05/2025 07:00:00,1341.0,1862,1933,25.0918
01/05/2025 09:00:00,1341.0,1862,1933,32.3775
01/05/2025 11:00:00,1341.0,1862,1933,23.0066
01/05/2025 13:00:00,1341.0,1862,1933,25.4943
01/05/2025 15:00:00,1341.0,1862,1933,20.0103
01/05/2025 17:00:00,1341.0,1862,1933,22.2249
01/05/2025 19:00:00,1341.0,1862,1933,31.6595
01/05/2025 21:00:00,1341.0,1862,1933,28.4379
01/05/2025 23:00:00,1341.0,1862,1933,27.5609
01/04/2025 01:00:00,1221.0,1714,1795,45.9223
01/04/2025 03:00:00,1221.0,1714,1795,32.3765
01/04/2025 05:00:00,1221.0,1714,1795,46.0169
01/04/2025 07:00:00,1221.0,1714,1795,45.8896
01/04/2025 09:00:00,1221.0,1714,1795,45.8167
01/04/2025 11:00:00,1221.0,1714,1795,33.8472
01/04/2025 13:00:00,1221.0,1714,1795,29.5996
01/04/2025 15:00:00,1221.0,1714,1795,34.5124
01/04/2025 17:00:00,1221.0,1714,1795,85.3479
01/04/2025 19:00:00,1221.0,1714,1795,31.4249
01/04/2025 21:00:00,1221.0,1714,1795,27.0431
01/04/2025 23:00:00,1221.0,1714,1795,28.1692
01/03/2025 01:00:00,1192.0,1607,1826,18.6115
01/03/2025 03:00:00,1192.0,1607,1826,20.0591
01/03/2025 05:00:00,1192.0,1607,1826,18.8409
01/03/2025 07:00:00,1192.0,1607,1826,19.5727
01/03/2025 09:00:00,1192.0,1607,1826,20.8255
01/03/2025 11:00:00,1192.0,1607,1826,19.991
01/03/2025 13:00:00,1192.0,1607,1826,32.5965
01/03/2025 15:00:00,1192.0,1607,1826,28.3868
01/03/2025 17:00:00,1192.0,1607,1826,32.9849
01/03/2025 19:00:00,1192.0,1607,1826,31.3138
01/03/2025 21:00:00,1192.0,1607,1826,28.7203
01/03/2025 23:00:00,1192.0,1607,1826,21.8576
01/02/2025 01:00:00,370.0,1577,1987,45.5909
01/02/2025 03:00:00,370.0,1577,1987,20.2025
01/02/2025 05:00:00,370.0,1577,1987,23.9349
01/02/2025 07:00:00,370.0,1577,1987,35.7762
01/02/2025 09:00:00,370.0,1577,1987,24.7484
01/02/2025 11:00:00,370.0,1577,1987,19.8148
01/02/2025 13:00:00,370.0,1577,1987,18.7975
01/02/2025 15:00:00,370.0,1577,1987,19.8904
01/02/2025 17:00:00,370.0,1577,1987,24.8228
01/02/2025 19:00:00,370.0,1577,1987,25.2318
01/02/2025 21:00:00,370.0,1577,1987,20.9003
01/02/2025 23:00:00,370.0,1577,1987,17.9926
01/01/2025 01:00:00,992.0,1625,1879,31.6511
01/01/2025 03:00:00,992.0,1625,1879,23.9132
01/01/2025 05:00:00,992.0,1625,1879,19.2305
01/01/2025 07:00:00,992.0,1625,1879,22.6487
01/01/2025 09:00:00,992.0,1625,1879,16.911
01/01/2025 11:00:00,992.0,1625,1879,14.6065
01/01/2025 13:00:00,992.0,1625,1879,14.9501
01/01/2025 15:00:00,992.0,1625,1879,0.0196
01/01/2025 17:00:00,992.0,1625,1879,19.2247
01/01/2025 19:00:00,992.0,1625,1879,19.4593
01/01/2025 21:00:00,992.0,1625,1879,19.6196
01/01/2025 23:00:00,992.0,1625,1879,21.6182
12/31/2024 01:00:00,489.0,1533,1861,12.6904
12/31/2024 03:00:00,489.0,1533,1861,14.8222
12/31/2024 05:00:00,489.0,1533,1861,15.2091
12/31/2024 07:00:00,489.0,1533,1861,21.587
12/31/2024 09:00:00,489.0,1533,1861,21.0819
12/31/2024 11:00:00,489.0,1533,1861,41.9772
12/31/2024 13:00:00,489.0,1533,1861,23.1139
12/31/2024 15:00:00,489.0,1533,1861,16.2182
12/31/2024 17:00:00,489.0,1533,1861,29.9653
12/31/2024 19:00:00,489.0,1533,1861,21.1327
12/31/2024 21:00:00,489.0,1533,1861,13.6486
12/31/2024 23:00:00,489.0,1533,1861,20.2714
12/30/2024 01:00:00,1309.0,1389,1821,-1.1622
12/30/2024 07:00:00,1309.0,1389,1821,13.7937
12/30/2024 13:00:00,1309.0,1389,1821,0.0098
12/30/2024 15:00:00,1309.0,1389,1821,0.0128
12/30/2024 17:00:00,1309.0,1389,1821,12.2667
12/30/2024 19:00:00,1309.0,1389,1821,15.338
12/30/2024 21:00:00,1309.0,1389,1821,15.9284
12/30/2024 23:00:00,1309.0,1389,1821,14.3968
12/29/2024 01:00:00,1228.0,1173,1823,15.184
12/29/2024 03:00:00,1228.0,1173,1823,14.7405
12/29/2024 05:00:00,1228.0,1173,1823,10.6572
12/29/2024 07:00:00,1228.0,1173,1823,21.316
12/29/2024 09:00:00,1228.0,1173,1823,22.1962
12/29/2024 11:00:00,1228.0,1173,1823,14.4134
12/29/2024 13:00:00,1228.0,1173,1823,10.1717
12/29/2024 17:00:00,1228.0,1173,1823,13.5925
12/29/2024 19:00:00,1228.0,1173,1823,14.7898
12/29/2024 21:00:00,1228.0,1173,1823,14.7565
12/29/2024 23:00:00,1228.0,1173,1823,14.7732
12/28/2024 01:00:00,586.0,1410,1711,16.4649
12/28/2024 03:00:00,586.0,1410,1711,17.8295
12/28/2024 05:00:00,586.0,1410,1711,17.2041
12/28/2024 07:00:00,586.0,1410,1711,17.4712
12/28/2024 09:00:00,586.0,1410,1711,18.2475
12/28/2024 11:00:00,586.0,1410,1711,29.5522
12/28/2024 13:00:00,586.0,1410,1711,17.5412
12/28/2024 15:00:00,586.0,1410,1711,19.7123
12/28/2024 17:00:00,586.0,1410,1711,19.4048
12/28/2024 19:00:00,586.0,1410,1711,16.5717
12/28/2024 21:00:00,586.0,1410,1711,15.0838
12/28/2024 23:00:00,586.0,1410,1711,15.0459
12/27/2024 01:00:00,585.0,1403,1795,17.7663
12/27/2024 03:00:00,585.0,1403,1795,17.5052
12/27/2024 05:00:00,585.0,1403,1795,16.1014
12/27/2024 07:00:00,585.0,1403,1795,15.2456
12/27/2024 09:00:00,585.0,1403,1795,15.343
12/27/2024 13:00:00,585.0,1403,1795,15.8465
12/27/2024 15:00:00,585.0,1403,1795,21.0583
12/27/2024 17:00:00,585.0,1403,1795,42.0172
12/27/2024 19:00:00,585.0,1403,1795,25.4144
12/27/2024 21:00:00,585.0,1403,1795,22.057
12/27/2024 23:00:00,585.0,1403,1795,16.3989
12/26/2024 01:00:00,348.0,1666,1944,10.3288
12/26/2024 03:00:00,348.0,1666,1944,15.4808
12/26/2024 05:00:00,348.0,1666,1944,21.2612
12/26/2024 07:00:00,348.0,1666,1944,31.3437
12/26/2024 09:00:00,348.0,1666,1944,16.0768
12/26/2024 11:00:00,348.0,1666,1944,16.3432
12/26/2024 13:00:00,348.0,1666,1944,16.4332
12/26/2024 15:00:00,348.0,1666,1944,17.6219
12/26/2024 17:00:00,348.0,1666,1944,25.8164
12/26/2024 19:00:00,348.0,1666,1944,18.6426
12/26/2024 21:00:00,348.0,1666,1944,15.0974
12/26/2024 23:00:00,348.0,1666,1944,16.8159
12/25/2024 05:00:00,316.0,1313,2048,14.3978
12/25/2024 09:00:00,316.0,1313,2048,16.7119
12/25/2024 11:00:00,316.0,1313,2048,0.0147
12/25/2024 13:00:00,316.0,1313,2048,17.0581
12/25/2024 15:00:00,316.0,1313,2048,0.0078
12/25/2024 17:00:00,316.0,1313,2048,18.8903
12/25/2024 19:00:00,316.0,1313,2048,16.6992
12/25/2024 21:00:00,316.0,1313,2048,17.5737
12/25/2024 23:00:00,316.0,1313,2048,17.285
12/24/2024 01:00:00,675.0,1305,1780,15.1488
12/24/2024 03:00:00,675.0,1305,1780,16.8955
12/24/2024 05:00:00,675.0,1305,1780,21.8429
12/24/2024 07:00:00,675.0,1305,1780,25.4906
12/24/2024 09:00:00,675.0,1305,1780,13.5354
12/24/2024 11:00:00,675.0,1305,1780,16.0385
12/24/2024 13:00:00,675.0,1305,1780,17.4749
12/24/2024 15:00:00,675.0,1305,1780,16.8528
12/24/2024 17:00:00,675.0,1305,1780,21.1514
12/24/2024 19:00:00,675.0,1305,1780,16.3208
12/24/2024 21:00:00,675.0,1305,1780,0.0122
12/23/2024 01:00:00,493.0,1333,1844,22.5198
12/23/2024 03:00:00,493.0,1333,1844,18.1036
12/23/2024 05:00:00,493.0,1333,1844,18.4775
12/23/2024 07:00:00,493.0,1333,1844,25.4519
12/23/2024 09:00:00,493.0,1333,1844,23.8904
12/23/2024 11:00:00,493.0,1333,1844,23.1074
12/23/2024 13:00:00,493.0,1333,1844,22.9959
12/23/2024 15:00:00,493.0,1333,1844,17.5045
12/23/2024 17:00:00,493.0,1333,1844,25.2829
12/23/2024 19:00:00,493.0,1333,1844,20.4746
12/23/2024 21:00:00,493.0,1333,1844,22.2975
12/23/2024 23:00:00,493.0,1333,1844,17.3256
12/22/2024 01:00:00,654.0,1256,1908,15.9488
12/22/2024 03:00:00,654.0,1256,1908,16.7012
12/22/2024 05:00:00,654.0,1256,1908,16.0186
12/22/2024 07:00:00,654.0,1256,1908,16.8921
12/22/2024 09:00:00,654.0,1256,1908,15.4894
12/22/2024 11:00:00,654.0,1256,1908,17.9533
12/22/2024 13:00:00,654.0,1256,1908,17.5172
12/22/2024 15:00:00,654.0,1256,1908,20.8894
12/22/2024 17:00:00,654.0,1256,1908,26.441
12/22/2024 19:00:00,654.0,1256,1908,22.0864
12/22/2024 21:00:00,654.0,1256,1908,20.9148
12/22/2024 23:00:00,654.0,1256,1908,20.5998
12/21/2024 01:00:00,697.0,1388,1846,17.4707
12/21/2024 03:00:00,697.0,1388,1846,18.9588
12/21/2024 05:00:00,697.0,1388,1846,41.4911
12/21/2024 07:00:00,697.0,1388,1846,27.3168
12/21/2024 09:00:00,697.0,1388,1846,18.1816
12/21/2024 11:00:00,697.0,1388,1846,15.3885
12/21/2024 13:00:00,697.0,1388,1846,15.1652
12/21/2024 15:00:00,697.0,1388,1846,14.5291
12/21/2024 17:00:00,697.0,1388,1846,18.3657
12/21/2024 19:00:00,697.0,1388,1846,17.3381
12/21/2024 21:00:00,697.0,1388,1846,16.3565
12/21/2024 23:00:00,697.0,1388,1846,15.2643
12/20/2024 01:00:00,170.0,1238,2010,15.6404
12/20/2024 03:00:00,170.0,1238,2010,17.6666
12/20/2024 05:00:00,170.0,1238,2010,16.658
12/20/2024 07:00:00,170.0,1238,2010,18.0
12/20/2024 09:00:00,170.0,1238,2010,19.1097
12/20/2024 11:00:00,170.0,1238,2010,17.533
12/20/2024 13:00:00,170.0,1238,2010,17.3492
12/20/2024 15:00:00,170.0,1238,2010,15.6093
12/20/2024 17:00:00,170.0,1238,2010,19.2241
12/20/2024 19:00:00,170.0,1238,2010,18.9524
12/20/2024 21:00:00,170.0,1238,2010,17.9673
12/20/2024 23:00:00,170.0,1238,2010,19.7523
12/19/2024 01:00:00,252.0,1357,2137,0.0208
12/19/2024 03:00:00,252.0,1357,2137,15.9317
12/19/2024 05:00:00,252.0,1357,2137,15.7964
12/19/2024 07:00:00,252.0,1357,2137,20.5927
12/19/2024 09:00:00,252.0,1357,2137,19.5741
12/19/2024 11:00:00,252.0,1357,2137,0.006
12/19/2024 13:00:00,252.0,1357,2137,0.0063
12/19/2024 15:00:00,252.0,1357,2137,0.0099
12/19/2024 17:00:00,252.0,1357,2137,21.9363
12/19/2024 19:00:00,252.0,1357,2137,16.4013
12/19/2024 21:00:00,252.0,1357,2137,22.2134
12/19/2024 23:00:00,252.0,1357,2137,19.0591
12/18/2024 01:00:00,266.0,1520,2116,23.0138
12/18/2024 03:00:00,266.0,1520,2116,31.3377
12/18/2024 05:00:00,266.0,1520,2116,23.6563
12/18/2024 07:00:00,266.0,1520,2116,23.5056
12/18/2024 09:00:00,266.0,1520,2116,18.0337
12/18/2024 11:00:00,266.0,1520,2116,15.2052
12/18/2024 13:00:00,266.0,1520,2116,0.0172
12/18/2024 15:00:00,266.0,1520,2116,17.311
12/18/2024 17:00:00,266.0,1520,2116,17.3396
12/18/2024 19:00:00,266.0,1520,2116,18.689
12/18/2024 21:00:00,266.0,1520,2116,17.4481
12/18/2024 23:00:00,266.0,1520,2116,9.8946
12/17/2024 01:00:00,584.0,1298,2026,19.4529
12/17/2024 03:00:00,584.0,1298,2026,18.5162
12/17/2024 05:00:00,584.0,1298,2026,18.5274
12/17/2024 07:00:00,584.0,1298,2026,18.2165
12/17/2024 09:00:00,584.0,1298,2026,18.0049
12/17/2024 11:00:00,584.0,1298,2026,15.6949
12/17/2024 13:00:00,584.0,1298,2026,0.0167
12/17/2024 15:00:00,584.0,1298,2026,-39.127
12/17/2024 17:00:00,584.0,1298,2026,19.9634
12/17/2024 21:00:00,584.0,1298,2026,22.2862
12/17/2024 23:00:00,584.0,1298,2026,19.1443
12/16/2024 01:00:00,438.0,1773,1993,18.3582
12/16/2024 03:00:00,438.0,1773,1993,18.0141
12/16/2024 05:00:00,438.0,1773,1993,18.6921
12/16/2024 07:00:00,438.0,1773,1993,21.7783
12/16/2024 09:00:00,438.0,1773,1993,22.6981
12/16/2024 11:00:00,438.0,1773,1993,18.8909
12/16/2024 13:00:00,438.0,1773,1993,17.9648
12/16/2024 17:00:00,438.0,1773,1993,19.5886
12/16/2024 19:00:00,438.0,1773,1993,22.6983
12/16/2024 21:00:00,438.0,1773,1993,18.3668
12/16/2024 23:00:00,438.0,1773,1993,19.3065
12/15/2024 01:00:00,228.0,1752,2176,18.9987
12/15/2024 03:00:00,228.0,1752,2176,32.4213
12/15/2024 07:00:00,228.0,1752,2176,15.8759
12/15/2024 09:00:00,228.0,1752,2176,15.094
12/15/2024 13:00:00,228.0,1752,2176,0.0059
12/15/2024 15:00:00,228.0,1752,2176,0.0057
12/15/2024 17:00:00,228.0,1752,2176,17.3509
12/15/2024 19:00:00,228.0,1752,2176,21.7516
12/15/2024 21:00:00,228.0,1752,2176,14.7774
12/15/2024 23:00:00,228.0,1752,2176,18.5098
12/14/2024 07:00:00,899.0,1319,1958,18.6399
12/14/2024 09:00:00,899.0,1319,1958,19.9631
12/14/2024 11:00:00,899.0,1319,1958,18.8969
12/14/2024 13:00:00,899.0,1319,1958,17.1996
12/14/2024 15:00:00,899.0,1319,1958,0.0088
12/14/2024 17:00:00,899.0,1319,1958,18.1817
12/14/2024 19:00:00,899.0,1319,1958,16.8257
12/14/2024 21:00:00,899.0,1319,1958,15.749
12/14/2024 23:00:00,899.0,1319,1958,15.6375
12/13/2024 01:00:00,480.0,1287,1926,19.9438
12/13/2024 03:00:00,480.0,1287,1926,20.0227
12/13/2024 05:00:00,480.0,1287,1926,37.1383
12/13/2024 07:00:00,480.0,1287,1926,51.3481
12/13/2024 09:00:00,480.0,1287,1926,30.823
12/13/2024 11:00:00,480.0,1287,1926,19.0178
12/13/2024 13:00:00,480.0,1287,1926,16.5737
12/13/2024 15:00:00,480.0,1287,1926,18.2311
12/13/2024 17:00:00,480.0,1287,1926,28.1911
12/13/2024 19:00:00,480.0,1287,1926,16.6882
12/13/2024 21:00:00,480.0,1287,1926,15.7115
12/13/2024 23:00:00,480.0,1287,1926,0.0121
12/12/2024 01:00:00,243.0,1638,2106,21.831
12/12/2024 03:00:00,243.0,1638,2106,23.0649
12/12/2024 05:00:00,243.0,1638,2106,25.5281
12/12/2024 07:00:00,243.0,1638,2106,26.0236
12/12/2024 09:00:00,243.0,1638,2106,26.5871
12/12/2024 11:00:00,243.0,1638,2106,28.8595
12/12/2024 13:00:00,243.0,1638,2106,28.7743
12/12/2024 15:00:00,243.0,1638,2106,18.1807
12/12/2024 17:00:00,243.0,1638,2106,25.0449
12/12/2024 19:00:00,243.0,1638,2106,19.7805
12/12/2024 21:00:00,243.0,1638,2106,18.2934
12/12/2024 23:00:00,243.0,1638,2106,19.5685
12/11/2024 01:00:00,633.0,1734,2133,33.6405
12/11/2024 03:00:00,633.0,1734,2133,25.5487
12/11/2024 05:00:00,633.0,1734,2133,25.2597
12/11/2024 07:00:00,633.0,1734,2133,33.6176
12/11/2024 09:00:00,633.0,1734,2133,16.3259
12/11/2024 11:00:00,633.0,1734,2133,18.9296
12/11/2024 13:00:00,633.0,1734,2133,18.8664
12/11/2024 15:00:00,633.0,1734,2133,18.0208
12/11/2024 17:00:00,633.0,1734,2133,24.8938
12/11/2024 19:00:00,633.0,1734,2133,25.795
12/11/2024 21:00:00,633.0,1734,2133,27.0635
12/11/2024 23:00:00,633.0,1734,2133,28.3622
12/10/2024 01:00:00,1215.0,1654,1956,20.064
12/10/2024 03:00:00,1215.0,1654,1956,16.6691
12/10/2024 05:00:00,1215.0,1654,1956,19.2451
12/10/2024 07:00:00,1215.0,1654,1956,38.6761
12/10/2024 09:00:00,1215.0,1654,1956,17.7993
12/10/2024 11:00:00,1215.0,1654,1956,0.007
12/10/2024 13:00:00,1215.0,1654,1956,-2.054
12/10/2024 15:00:00,1215.0,1654,1956,-0.0016
12/10/2024 17:00:00,1215.0,1654,1956,21.488
12/10/2024 19:00:00,1215.0,1654,1956,47.6145
12/10/2024 21:00:00,1215.0,1654,1956,30.7859
12/10/2024 23:00:00,1215.0,1654,1956,24.5319
12/09/2024 01:00:00,856.0,1723,2003,24.0658
12/09/2024 03:00:00,856.0,1723,2003,15.888
12/09/2024 05:00:00,856.0,1723,2003,17.4405
12/09/2024 07:00:00,856.0,1723,2003,23.0557
12/09/2024 09:00:00,856.0,1723,2003,20.6805
12/09/2024 11:00:00,856.0,1723,2003,17.3234
12/09/2024 13:00:00,856.0,1723,2003,15.26
12/09/2024 15:00:00,856.0,1723,2003,14.8924
12/09/2024 17:00:00,856.0,1723,2003,20.1513
12/09/2024 19:00:00,856.0,1723,2003,27.3481
12/09/2024 21:00:00,856.0,1723,2003,24.989
12/09/2024 23:00:00,856.0,1723,2003,22.0505
12/08/2024 01:00:00,1334.0,1448,1925,16.9224
12/08/2024 03:00:00,1334.0,1448,1925,18.3063
12/08/2024 05:00:00,1334.0,1448,1925,21.0543
12/08/2024 07:00:00,1334.0,1448,1925,38.9893
12/08/2024 09:00:00,1334.0,1448,1925,18.1383
12/08/2024 11:00:00,1334.0,1448,1925,16.0004
12/08/2024 15:00:00,1334.0,1448,1925,15.086
12/08/2024 17:00:00,1334.0,1448,1925,17.4984
12/08/2024 19:00:00,1334.0,1448,1925,31.2326
12/08/2024 21:00:00,1334.0,1448,1925,26.0606
12/08/2024 23:00:00,1334.0,1448,1925,25.9943
12/07/2024 01:00:00,1219.0,1373,1811,18.7422
12/07/2024 03:00:00,1219.0,1373,1811,19.429
12/07/2024 05:00:00,1219.0,1373,1811,19.0225
12/07/2024 07:00:00,1219.0,1373,1811,23.8921
12/07/2024 09:00:00,1219.0,1373,1811,19.3476
12/07/2024 11:00:00,1219.0,1373,1811,17.3919
12/07/2024 13:00:00,1219.0,1373,1811,17.9334
12/07/2024 15:00:00,1219.0,1373,1811,16.9363
12/07/2024 17:00:00,1219.0,1373,1811,43.3272
12/07/2024 19:00:00,1219.0,1373,1811,23.9251
12/07/2024 21:00:00,1219.0,1373,1811,19.7617
12/07/2024 23:00:00,1219.0,1373,1811,27.0023
12/06/2024 01:00:00,1083.0,1330,1851,35.818
12/06/2024 03:00:00,1083.0,1330,1851,47.9419
12/06/2024 05:00:00,1083.0,1330,1851,26.321
12/06/2024 07:00:00,1083.0,1330,1851,22.3877
12/06/2024 11:00:00,1083.0,1330,1851,20.7763
12/06/2024 13:00:00,1083.0,1330,1851,24.2629
12/06/2024 15:00:00,1083.0,1330,1851,16.8645
12/06/2024 17:00:00,1083.0,1330,1851,25.4343
12/06/2024 19:00:00,1083.0,1330,1851,25.5706
12/06/2024 21:00:00,1083.0,1330,1851,23.8033
12/06/2024 23:00:00,1083.0,1330,1851,17.4127
12/05/2024 01:00:00,1266.0,1549,1886,22.8589
12/05/2024 03:00:00,1266.0,1549,1886,25.0878
12/05/2024 05:00:00,1266.0,1549,1886,18.9185
12/05/2024 07:00:00,1266.0,1549,1886,25.0397
12/05/2024 09:00:00,1266.0,1549,1886,28.4192
12/05/2024 11:00:00,1266.0,1549,1886,14.177
12/05/2024 13:00:00,1266.0,1549,1886,17.4979
12/05/2024 15:00:00,1266.0,1549,1886,16.3938
12/05/2024 17:00:00,1266.0,1549,1886,37.9636
12/05/2024 19:00:00,1266.0,1549,1886,26.6202
12/05/2024 21:00:00,1266.0,1549,1886,26.0019
12/05/2024 23:00:00,1266.0,1549,1886,26.4551
12/04/2024 01:00:00,1210.0,1523,1902,15.6492
12/04/2024 03:00:00,1210.0,1523,1902,15.8723
12/04/2024 05:00:00,1210.0,1523,1902,20.7423
12/04/2024 07:00:00,1210.0,1523,1902,25.3678
12/04/2024 09:00:00,1210.0,1523,1902,19.5931
12/04/2024 11:00:00,1210.0,1523,1902,17.935
12/04/2024 15:00:00,1210.0,1523,1902,18.1173
12/04/2024 17:00:00,1210.0,1523,1902,39.3663
12/04/2024 19:00:00,1210.0,1523,1902,27.7026
12/04/2024 21:00:00,1210.0,1523,1902,39.0378
12/04/2024 23:00:00,1210.0,1523,1902,34.1122
12/03/2024 01:00:00,1280.0,1683,1893,19.8106
12/03/2024 03:00:00,1280.0,1683,1893,20.4396
12/03/2024 05:00:00,1280.0,1683,1893,38.6972
12/03/2024 07:00:00,1280.0,1683,1893,38.6094
12/03/2024 09:00:00,1280.0,1683,1893,23.5515
12/03/2024 11:00:00,1280.0,1683,1893,18.3321
12/03/2024 13:00:00,1280.0,1683,1893,18.4601
12/03/2024 15:00:00,1280.0,1683,1893,18.5425
12/03/2024 17:00:00,1280.0,1683,1893,40.5782
12/03/2024 19:00:00,1280.0,1683,1893,40.8379
12/03/2024 21:00:00,1280.0,1683,1893,18.7113
12/03/2024 23:00:00,1280.0,1683,1893,18.3913
12/02/2024 01:00:00,1287.0,1457,1829,27.5074
12/02/2024 03:00:00,1287.0,1457,1829,28.789
12/02/2024 05:00:00,1287.0,1457,1829,44.7482
12/02/2024 07:00:00,1287.0,1457,1829,42.8906
12/02/2024 09:00:00,1287.0,1457,1829,28.6024
12/02/2024 11:00:00,1287.0,1457,1829,22.6949
12/02/2024 13:00:00,1287.0,1457,1829,25.977
12/02/2024 15:00:00,1287.0,1457,1829,27.905
12/02/2024 17:00:00,1287.0,1457,1829,40.3786
12/02/2024 19:00:00,1287.0,1457,1829,19.614
12/02/2024 21:00:00,1287.0,1457,1829,79.5977
12/02/2024 23:00:00,1287.0,1457,1829,20.5456
12/01/2024 01:00:00,1179.0,1563,1860,22.8995
12/01/2024 03:00:00,1179.0,1563,1860,20.7615
12/01/2024 05:00:00,1179.0,1563,1860,21.7986
12/01/2024 07:00:00,1179.0,1563,1860,39.1361
12/01/2024 09:00:00,1179.0,1563,1860,27.6291
12/01/2024 11:00:00,1179.0,1563,1860,15.3626
12/01/2024 13:00:00,1179.0,1563,1860,17.7144
12/01/2024 15:00:00,1179.0,1563,1860,17.8205
12/01/2024 17:00:00,1179.0,1563,1860,41.4877
12/01/2024 19:00:00,1179.0,1563,1860,44.4751
12/01/2024 21:00:00,1179.0,1563,1860,27.2847
12/01/2024 23:00:00,1179.0,1563,1860,28.4828
11/30/2024 01:00:00,991.0,1645,1840,0.014
11/30/2024 03:00:00,991.0,1645,1840,0.0166
11/30/2024 05:00:00,991.0,1645,1840,0.0216
11/30/2024 07:00:00,991.0,1645,1840,17.8111
11/30/2024 09:00:00,991.0,1645,1840,18.4557
11/30/2024 11:00:00,991.0,1645,1840,19.3658
11/30/2024 13:00:00,991.0,1645,1840,19.0452
11/30/2024 15:00:00,991.0,1645,1840,17.924
11/30/2024 17:00:00,991.0,1645,1840,40.4772
11/30/2024 19:00:00,991.0,1645,1840,28.5973
11/30/2024 21:00:00,991.0,1645,1840,23.6658
11/30/2024 23:00:00,991.0,1645,1840,29.3063
11/29/2024 01:00:00,1117.0,1658,1852,20.4111
11/29/2024 03:00:00,1117.0,1658,1852,18.3825
11/29/2024 05:00:00,1117.0,1658,1852,20.4183
11/29/2024 07:00:00,1117.0,1658,1852,26.7512
11/29/2024 09:00:00,1117.0,1658,1852,23.4674
11/29/2024 11:00:00,1117.0,1658,1852,21.1225
11/29/2024 13:00:00,1117.0,1658,1852,19.0578
11/29/2024 15:00:00,1117.0,1658,1852,17.9864
11/29/2024 17:00:00,1117.0,1658,1852,28.5536
11/29/2024 19:00:00,1117.0,1658,1852,27.37
11/29/2024 21:00:00,1117.0,1658,1852,23.8066
11/29/2024 23:00:00,1117.0,1658,1852,19.7971
11/28/2024 01:00:00,1382.0,1665,1807,46.7433
11/28/2024 03:00:00,1382.0,1665,1807,31.1032
11/28/2024 05:00:00,1382.0,1665,1807,26.6736
11/28/2024 07:00:00,1382.0,1665,1807,23.6405
11/28/2024 09:00:00,1382.0,1665,1807,19.8058
11/28/2024 11:00:00,1382.0,1665,1807,16.8143
11/28/2024 13:00:00,1382.0,1665,1807,16.4629
11/28/2024 15:00:00,1382.0,1665,1807,0.008
11/28/2024 17:00:00,1382.0,1665,1807,37.5692
11/28/2024 19:00:00,1382.0,1665,1807,28.5731
11/28/2024 21:00:00,1382.0,1665,1807,23.9904
11/28/2024 23:00:00,1382.0,1665,1807,18.8889
11/27/2024 01:00:00,1449.0,1624,1768,44.038
11/27/2024 03:00:00,1449.0,1624,1768,17.7081
11/27/2024 05:00:00,1449.0,1624,1768,17.9904
11/27/2024 07:00:00,1449.0,1624,1768,24.4679
11/27/2024 09:00:00,1449.0,1624,1768,18.0029
11/27/2024 11:00:00,1449.0,1624,1768,25.1897
11/27/2024 13:00:00,1449.0,1624,1768,8.9804
11/27/2024 15:00:00,1449.0,1624,1768,8.0418
11/27/2024 17:00:00,1449.0,1624,1768,20.5141
11/27/2024 19:00:00,1449.0,1624,1768,19.0031
11/27/2024 21:00:00,1449.0,1624,1768,27.8177
11/27/2024 23:00:00,1449.0,1624,1768,38.3848
11/26/2024 01:00:00,1448.0,1694,1897,16.8929
11/26/2024 03:00:00,1448.0,1694,1897,23.8989
11/26/2024 05:00:00,1448.0,1694,1897,21.7152
11/26/2024 07:00:00,1448.0,1694,1897,40.6729
11/26/2024 09:00:00,1448.0,1694,1897,22.9914
11/26/2024 11:00:00,1448.0,1694,1897,22.7472
11/26/2024 13:00:00,1448.0,1694,1897,21.534
11/26/2024 15:00:00,1448.0,1694,1897,27.2741
11/26/2024 17:00:00,1448.0,1694,1897,43.0351
11/26/2024 21:00:00,1448.0,1694,1897,24.0386
11/26/2024 23:00:00,1448.0,1694,1897,27.5806
11/25/2024 01:00:00,610.0,1459,1910,15.687
11/25/2024 03:00:00,610.0,1459,1910,15.8459
11/25/2024 05:00:00,610.0,1459,1910,21.0495
11/25/2024 07:00:00,610.0,1459,1910,38.0106
11/25/2024 09:00:00,610.0,1459,1910,22.8959
11/25/2024 11:00:00,610.0,1459,1910,18.1391
11/25/2024 13:00:00,610.0,1459,1910,21.6759
11/25/2024 15:00:00,610.0,1459,1910,15.4253
11/25/2024 17:00:00,610.0,1459,1910,37.8847
11/25/2024 19:00:00,610.0,1459,1910,21.7719
11/25/2024 21:00:00,610.0,1459,1910,14.7363
11/25/2024 23:00:00,610.0,1459,1910,25.1611
11/24/2024 01:00:00,449.0,1746,2095,15.2094
11/24/2024 03:00:00,449.0,1746,2095,14.9307
11/24/2024 05:00:00,449.0,1746,2095,22.7562
11/24/2024 07:00:00,449.0,1746,2095,30.4263
11/24/2024 09:00:00,449.0,1746,2095,15.4983
11/24/2024 11:00:00,449.0,1746,2095,14.351
11/24/2024 13:00:00,449.0,1746,2095,14.9539
11/24/2024 15:00:00,449.0,1746,2095,12.8612
11/24/2024 17:00:00,449.0,1746,2095,0.015
11/24/2024 19:00:00,449.0,1746,2095,15.9859
11/24/2024 21:00:00,449.0,1746,2095,16.0018
11/24/2024 23:00:00,449.0,1746,2095,20.1244
11/23/2024 01:00:00,1393.0,1247,1783,22.3763
11/23/2024 03:00:00,1393.0,1247,1783,26.1458
11/23/2024 05:00:00,1393.0,1247,1783,28.4489
11/23/2024 07:00:00,1393.0,1247,1783,26.349
11/23/2024 09:00:00,1393.0,1247,1783,26.2772
11/23/2024 11:00:00,1393.0,1247,1783,18.5111
11/23/2024 13:00:00,1393.0,1247,1783,15.1199
11/23/2024 15:00:00,1393.0,1247,1783,14.4425
11/23/2024 17:00:00,1393.0,1247,1783,14.6285
11/23/2024 19:00:00,1393.0,1247,1783,20.4716
11/23/2024 21:00:00,1393.0,1247,1783,16.1903
11/23/2024 23:00:00,1393.0,1247,1783,16.4608
11/22/2024 01:00:00,782.0,1209,1862,21.91
11/22/2024 03:00:00,782.0,1209,1862,22.3387
11/22/2024 05:00:00,782.0,1209,1862,22.3224
11/22/2024 07:00:00,782.0,1209,1862,38.1482
11/22/2024 09:00:00,782.0,1209,1862,21.3267
11/22/2024 11:00:00,782.0,1209,1862,21.1071
11/22/2024 13:00:00,782.0,1209,1862,17.4838
11/22/2024 15:00:00,782.0,1209,1862,16.8328
11/22/2024 17:00:00,782.0,1209,1862,22.529
11/22/2024 19:00:00,782.0,1209,1862,22.1251
11/22/2024 21:00:00,782.0,1209,1862,18.6036
11/22/2024 23:00:00,782.0,1209,1862,19.2682
11/21/2024 01:00:00,65.0,1340,2165,29.5921
11/21/2024 03:00:00,65.0,1340,2165,20.1039
11/21/2024 05:00:00,65.0,1340,2165,26.9598
11/21/2024 07:00:00,65.0,1340,2165,38.2381
11/21/2024 09:00:00,65.0,1340,2165,14.1764
11/21/2024 11:00:00,65.0,1340,2165,14.057
11/21/2024 13:00:00,65.0,1340,2165,12.7527
11/21/2024 15:00:00,65.0,1340,2165,0.0041
11/21/2024 17:00:00,65.0,1340,2165,16.2038
11/21/2024 19:00:00,65.0,1340,2165,24.0912
11/21/2024 21:00:00,65.0,1340,2165,15.5127
11/21/2024 23:00:00,65.0,1340,2165,23.1278
11/20/2024 01:00:00,238.0,1369,2063,20.581
11/20/2024 03:00:00,238.0,1369,2063,12.7786
11/20/2024 05:00:00,238.0,1369,2063,17.444
11/20/2024 07:00:00,238.0,1369,2063,33.7129
11/20/2024 09:00:00,238.0,1369,2063,12.9501
11/20/2024 11:00:00,238.0,1369,2063,0.0164
11/20/2024 13:00:00,238.0,1369,2063,13.0067
11/20/2024 15:00:00,238.0,1369,2063,12.664
11/20/2024 17:00:00,238.0,1369,2063,37.703
11/20/2024 19:00:00,238.0,1369,2063,19.4411
11/20/2024 21:00:00,238.0,1369,2063,20.4443
11/20/2024 23:00:00,238.0,1369,2063,38.751
11/19/2024 01:00:00,131.0,1349,2137,-31.6884
11/19/2024 03:00:00,131.0,1349,2137,0.0082
11/19/2024 05:00:00,131.0,1349,2137,0.0096
11/19/2024 07:00:00,131.0,1349,2137,11.5751
11/19/2024 09:00:00,131.0,1349,2137,24.9144
11/19/2024 11:00:00,131.0,1349,2137,12.6779
11/19/2024 13:00:00,131.0,1349,2137,11.4094
11/19/2024 15:00:00,131.0,1349,2137,0.0076
11/19/2024 17:00:00,131.0,1349,2137,12.6263
11/19/2024 19:00:00,131.0,1349,2137,80.1045
11/19/2024 21:00:00,131.0,1349,2137,22.274
11/19/2024 23:00:00,131.0,1349,2137,20.2201
11/18/2024 01:00:00,1099.0,1638,2021,11.2747
11/18/2024 03:00:00,1099.0,1638,2021,18.1534
11/18/2024 05:00:00,1099.0,1638,2021,21.9206
11/18/2024 07:00:00,1099.0,1638,2021,25.7572
11/18/2024 09:00:00,1099.0,1638,2021,11.3898
11/18/2024 11:00:00,1099.0,1638,2021,0.0101
11/18/2024 13:00:00,1099.0,1638,2021,0.4157
11/18/2024 15:00:00,1099.0,1638,2021,0.1901
11/18/2024 17:00:00,1099.0,1638,2021,0.0078
11/18/2024 19:00:00,1099.0,1638,2021,10.8918
11/18/2024 21:00:00,1099.0,1638,2021,12.0839
11/18/2024 23:00:00,1099.0,1638,2021,11.2038
11/17/2024 01:00:00,1549.0,1008,1883,19.4477
11/17/2024 03:00:00,1549.0,1008,1883,19.9341
11/17/2024 05:00:00,1549.0,1008,1883,11.7193
11/17/2024 07:00:00,1549.0,1008,1883,20.3232
11/17/2024 09:00:00,1549.0,1008,1883,0.0078
11/17/2024 11:00:00,1549.0,1008,1883,0.0034
11/17/2024 13:00:00,1549.0,1008,1883,0.0008
11/17/2024 15:00:00,1549.0,1008,1883,-0.0009
11/17/2024 17:00:00,1549.0,1008,1883,37.2366
11/17/2024 19:00:00,1549.0,1008,1883,28.051
11/17/2024 21:00:00,1549.0,1008,1883,19.8944
11/17/2024 23:00:00,1549.0,1008,1883,16.4656
11/16/2024 01:00:00,1256.0,954,1867,0.01
11/16/2024 07:00:00,1256.0,954,1867,12.0671
11/16/2024 09:00:00,1256.0,954,1867,0.0134
11/16/2024 11:00:00,1256.0,954,1867,0.0062
11/16/2024 13:00:00,1256.0,954,1867,0.0052
11/16/2024 15:00:00,1256.0,954,1867,0.0072
11/16/2024 17:00:00,1256.0,954,1867,38.0371
11/16/2024 19:00:00,1256.0,954,1867,25.9044
11/16/2024 21:00:00,1256.0,954,1867,16.2492
11/16/2024 23:00:00,1256.0,954,1867,20.2336
11/15/2024 01:00:00,1722.0,967,1741,22.3937
11/15/2024 03:00:00,1722.0,967,1741,20.0567
11/15/2024 05:00:00,1722.0,967,1741,22.3611
11/15/2024 07:00:00,1722.0,967,1741,18.999
11/15/2024 09:00:00,1722.0,967,1741,13.7721
11/15/2024 11:00:00,1722.0,967,1741,11.9739
11/15/2024 13:00:00,1722.0,967,1741,0.0091
11/15/2024 15:00:00,1722.0,967,1741,-5.297
11/15/2024 17:00:00,1722.0,967,1741,9.5744
11/15/2024 19:00:00,1722.0,967,1741,11.922
11/15/2024 21:00:00,1722.0,967,1741,11.3977
11/15/2024 23:00:00,1722.0,967,1741,11.2017
11/14/2024 01:00:00,1321.0,991,1848,13.1968
11/14/2024 03:00:00,1321.0,991,1848,16.0638
11/14/2024 05:00:00,1321.0,991,1848,23.3223
11/14/2024 07:00:00,1321.0,991,1848,37.3833
11/14/2024 09:00:00,1321.0,991,1848,11.3053
11/14/2024 11:00:00,1321.0,991,1848,12.0936
11/14/2024 15:00:00,1321.0,991,1848,12.4748
11/14/2024 17:00:00,1321.0,991,1848,37.5052
11/14/2024 19:00:00,1321.0,991,1848,15.1377
11/14/2024 21:00:00,1321.0,991,1848,17.7188
11/14/2024 23:00:00,1321.0,991,1848,27.6646
11/13/2024 01:00:00,1182.0,1223,1919,6.797
11/13/2024 03:00:00,1182.0,1223,1919,7.1893
11/13/2024 05:00:00,1182.0,1223,1919,6.3527
11/13/2024 07:00:00,1182.0,1223,1919,7.6402
11/13/2024 11:00:00,1182.0,1223,1919,0.4965
11/13/2024 13:00:00,1182.0,1223,1919,0.0096
11/13/2024 15:00:00,1182.0,1223,1919,10.0665
11/13/2024 17:00:00,1182.0,1223,1919,17.7794
11/13/2024 19:00:00,1182.0,1223,1919,21.5709
11/13/2024 21:00:00,1182.0,1223,1919,17.3528
11/13/2024 23:00:00,1182.0,1223,1919,12.8749
11/12/2024 01:00:00,1066.0,1425,1960,7.4787
11/12/2024 03:00:00,1066.0,1425,1960,7.492
11/12/2024 05:00:00,1066.0,1425,1960,7.3003
11/12/2024 07:00:00,1066.0,1425,1960,20.7266
11/12/2024 09:00:00,1066.0,1425,1960,0.6849
11/12/2024 11:00:00,1066.0,1425,1960,7.2395
11/12/2024 13:00:00,1066.0,1425,1960,7.4165
11/12/2024 15:00:00,1066.0,1425,1960,7.4574
11/12/2024 17:00:00,1066.0,1425,1960,11.5771
11/12/2024 19:00:00,1066.0,1425,1960,7.9961
11/12/2024 21:00:00,1066.0,1425,1960,6.4766
11/12/2024 23:00:00,1066.0,1425,1960,0.0234
11/11/2024 01:00:00,1688.0,1206,1834,37.9507
11/11/2024 03:00:00,1688.0,1206,1834,21.9955
11/11/2024 05:00:00,1688.0,1206,1834,22.0233
11/11/2024 07:00:00,1688.0,1206,1834,22.3635
11/11/2024 09:00:00,1688.0,1206,1834,11.6322
11/11/2024 11:00:00,1688.0,1206,1834,10.6548
11/11/2024 13:00:00,1688.0,1206,1834,12.4496
11/11/2024 15:00:00,1688.0,1206,1834,12.687
11/11/2024 17:00:00,1688.0,1206,1834,37.7621
11/11/2024 19:00:00,1688.0,1206,1834,14.5116
11/11/2024 21:00:00,1688.0,1206,1834,7.7584
11/11/2024 23:00:00,1688.0,1206,1834,6.496
11/10/2024 01:00:00,529.0,1297,1918,8.6749
11/10/2024 03:00:00,529.0,1297,1918,7.4263
11/10/2024 05:00:00,529.0,1297,1918,7.0983
11/10/2024 07:00:00,529.0,1297,1918,8.6928
11/10/2024 09:00:00,529.0,1297,1918,7.9038
11/10/2024 11:00:00,529.0,1297,1918,8.7821
11/10/2024 13:00:00,529.0,1297,1918,11.2266
11/10/2024 15:00:00,529.0,1297,1918,6.761
11/10/2024 17:00:00,529.0,1297,1918,37.7126
11/10/2024 19:00:00,529.0,1297,1918,15.5314
11/10/2024 21:00:00,529.0,1297,1918,11.0036
11/10/2024 23:00:00,529.0,1297,1918,16.6846
11/09/2024 01:00:00,1696.0,1151,1696,9.6974
11/09/2024 05:00:00,1696.0,1151,1696,0.0051
11/09/2024 07:00:00,1696.0,1151,1696,0.0053
11/09/2024 09:00:00,1696.0,1151,1696,0.0061
11/09/2024 11:00:00,1696.0,1151,1696,-3.1148
11/09/2024 13:00:00,1696.0,1151,1696,5.814
11/09/2024 15:00:00,1696.0,1151,1696,-40.6616
11/09/2024 17:00:00,1696.0,1151,1696,5.8212
11/09/2024 19:00:00,1696.0,1151,1696,19.7311
11/09/2024 21:00:00,1696.0,1151,1696,11.2658
11/09/2024 23:00:00,1696.0,1151,1696,10.1585
11/08/2024 01:00:00,1692.0,1123,1708,18.5892
11/08/2024 03:00:00,1692.0,1123,1708,17.124
11/08/2024 05:00:00,1692.0,1123,1708,16.9743
11/08/2024 07:00:00,1692.0,1123,1708,20.5675
11/08/2024 09:00:00,1692.0,1123,1708,18.4416
11/08/2024 11:00:00,1692.0,1123,1708,13.6025
11/08/2024 13:00:00,1692.0,1123,1708,8.4503
11/08/2024 15:00:00,1692.0,1123,1708,7.9534
11/08/2024 17:00:00,1692.0,1123,1708,24.7103
11/08/2024 19:00:00,1692.0,1123,1708,12.4092
11/08/2024 21:00:00,1692.0,1123,1708,8.0391
11/08/2024 23:00:00,1692.0,1123,1708,0.005
11/07/2024 01:00:00,1738.0,1093,1827,16.969
11/07/2024 03:00:00,1738.0,1093,1827,15.7977
11/07/2024 05:00:00,1738.0,1093,1827,17.3991
11/07/2024 07:00:00,1738.0,1093,1827,38.2938
11/07/2024 09:00:00,1738.0,1093,1827,16.2561
11/07/2024 11:00:00,1738.0,1093,1827,14.0389
11/07/2024 13:00:00,1738.0,1093,1827,10.518
11/07/2024 15:00:00,1738.0,1093,1827,10.4444
11/07/2024 17:00:00,1738.0,1093,1827,13.4348
11/07/2024 19:00:00,1738.0,1093,1827,17.7369
11/07/2024 21:00:00,1738.0,1093,1827,13.7683
11/07/2024 23:00:00,1738.0,1093,1827,13.9829
11/06/2024 01:00:00,1735.0,1220,1845,13.5136
11/06/2024 03:00:00,1735.0,1220,1845,7.3082
11/06/2024 05:00:00,1735.0,1220,1845,6.7198
11/06/2024 07:00:00,1735.0,1220,1845,0.0147
11/06/2024 09:00:00,1735.0,1220,1845,26.204
11/06/2024 11:00:00,1735.0,1220,1845,3.9876
11/06/2024 13:00:00,1735.0,1220,1845,0.357
11/06/2024 15:00:00,1735.0,1220,1845,0.5076
11/06/2024 17:00:00,1735.0,1220,1845,13.9167
11/06/2024 19:00:00,1735.0,1220,1845,20.0195
11/06/2024 21:00:00,1735.0,1220,1845,18.5332
11/06/2024 23:00:00,1735.0,1220,1845,15.8336
11/05/2024 01:00:00,1712.0,1025,1826,-5.2092
11/05/2024 03:00:00,1712.0,1025,1826,6.9219
11/05/2024 05:00:00,1712.0,1025,1826,14.5015
11/05/2024 07:00:00,1712.0,1025,1826,19.9942
11/05/2024 09:00:00,1712.0,1025,1826,6.8121
11/05/2024 11:00:00,1712.0,1025,1826,7.3435
11/05/2024 13:00:00,1712.0,1025,1826,9.6486
11/05/2024 15:00:00,1712.0,1025,1826,7.6145
11/05/2024 17:00:00,1712.0,1025,1826,9.744
11/05/2024 19:00:00,1712.0,1025,1826,32.7431
11/05/2024 21:00:00,1712.0,1025,1826,14.0154
11/05/2024 23:00:00,1712.0,1025,1826,11.6566
11/04/2024 01:00:00,1433.0,1090,1843,1.3699
11/04/2024 03:00:00,1433.0,1090,1843,2.0991
11/04/2024 05:00:00,1433.0,1090,1843,-1.7486
11/04/2024 07:00:00,1433.0,1090,1843,9.0227
11/04/2024 09:00:00,1433.0,1090,1843,-6.8303
11/04/2024 11:00:00,1433.0,1090,1843,5.8205
11/04/2024 13:00:00,1433.0,1090,1843,-1.1014
11/04/2024 15:00:00,1433.0,1090,1843,6.8912
11/04/2024 17:00:00,1433.0,1090,1843,28.4383
11/04/2024 19:00:00,1433.0,1090,1843,-51.9367
11/04/2024 21:00:00,1433.0,1090,1843,23.0056
11/04/2024 23:00:00,1433.0,1090,1843,28.0064
11/03/2024 01:00:00,1765.0,1046,1805,12.6182
11/03/2024 03:00:00,1765.0,1046,1805,9.3719
11/03/2024 05:00:00,1765.0,1046,1805,8.01
11/03/2024 07:00:00,1765.0,1046,1805,12.209
11/03/2024 13:00:00,1765.0,1046,1805,7.573
11/03/2024 15:00:00,1765.0,1046,1805,7.5091
11/03/2024 17:00:00,1765.0,1046,1805,7.5532
11/03/2024 19:00:00,1765.0,1046,1805,15.7096
11/03/2024 21:00:00,1765.0,1046,1805,7.6023
11/03/2024 23:00:00,1765.0,1046,1805,-3.3919
11/02/2024 01:00:00,1839.0,1229,1734,7.2092
11/02/2024 03:00:00,1839.0,1229,1734,10.4037
11/02/2024 05:00:00,1839.0,1229,1734,20.5388
11/02/2024 07:00:00,1839.0,1229,1734,33.5152
11/02/2024 09:00:00,1839.0,1229,1734,35.3963
11/02/2024 11:00:00,1839.0,1229,1734,14.6418
11/02/2024 13:00:00,1839.0,1229,1734,9.2684
11/02/2024 17:00:00,1839.0,1229,1734,-37.0319
11/02/2024 19:00:00,1839.0,1229,1734,7.268
11/02/2024 21:00:00,1839.0,1229,1734,-3.1535
11/02/2024 23:00:00,1839.0,1229,1734,-22.5602
11/01/2024 01:00:00,1228.0,1348,1723,11.7249
11/01/2024 03:00:00,1228.0,1348,1723,15.4136
11/01/2024 05:00:00,1228.0,1348,1723,20.2644
11/01/2024 07:00:00,1228.0,1348,1723,20.567
11/01/2024 09:00:00,1228.0,1348,1723,16.9611
11/01/2024 11:00:00,1228.0,1348,1723,9.6121
11/01/2024 13:00:00,1228.0,1348,1723,10.2264
11/01/2024 15:00:00,1228.0,1348,1723,10.6453
11/01/2024 17:00:00,1228.0,1348,1723,14.3354
11/01/2024 19:00:00,1228.0,1348,1723,15.3998
11/01/2024 21:00:00,1228.0,1348,1723,11.0981
11/01/2024 23:00:00,1228.0,1348,1723,9.3951
10/31/2024 01:00:00,1488.0,1186,1861,19.4612
10/31/2024 03:00:00,1488.0,1186,1861,14.7539
10/31/2024 05:00:00,1488.0,1186,1861,20.7758
10/31/2024 07:00:00,1488.0,1186,1861,28.7361
10/31/2024 09:00:00,1488.0,1186,1861,21.1729
10/31/2024 11:00:00,1488.0,1186,1861,14.7462
10/31/2024 13:00:00,1488.0,1186,1861,11.6048
10/31/2024 15:00:00,1488.0,1186,1861,-39.7725
10/31/2024 19:00:00,1488.0,1186,1861,13.8087
10/31/2024 21:00:00,1488.0,1186,1861,2.4058
10/31/2024 23:00:00,1488.0,1186,1861,3.0722
10/30/2024 01:00:00,1525.0,1306,1804,17.3173
10/30/2024 03:00:00,1525.0,1306,1804,16.1231
10/30/2024 05:00:00,1525.0,1306,1804,15.263
10/30/2024 07:00:00,1525.0,1306,1804,31.56
10/30/2024 09:00:00,1525.0,1306,1804,18.8916
10/30/2024 11:00:00,1525.0,1306,1804,16.2693
10/30/2024 13:00:00,1525.0,1306,1804,15.9
10/30/2024 15:00:00,1525.0,1306,1804,16.0731
10/30/2024 17:00:00,1525.0,1306,1804,33.1265
10/30/2024 19:00:00,1525.0,1306,1804,-60.0669
10/30/2024 21:00:00,1525.0,1306,1804,55.6271
10/30/2024 23:00:00,1525.0,1306,1804,14.271
10/29/2024 01:00:00,1380.0,1653,1844,15.3165
10/29/2024 03:00:00,1380.0,1653,1844,21.3808
10/29/2024 05:00:00,1380.0,1653,1844,34.8711
10/29/2024 07:00:00,1380.0,1653,1844,35.828
10/29/2024 09:00:00,1380.0,1653,1844,20.4445
10/29/2024 11:00:00,1380.0,1653,1844,1.1523
10/29/2024 13:00:00,1380.0,1653,1844,-2.2034
10/29/2024 17:00:00,1380.0,1653,1844,-11.5538
10/29/2024 21:00:00,1380.0,1653,1844,14.9794
10/29/2024 23:00:00,1380.0,1653,1844,15.5882
10/28/2024 03:00:00,1843.0,1715,1800,13.9367
10/28/2024 05:00:00,1843.0,1715,1800,14.8621
10/28/2024 07:00:00,1843.0,1715,1800,16.9473
10/28/2024 09:00:00,1843.0,1715,1800,18.0502
10/28/2024 11:00:00,1843.0,1715,1800,32.5025
10/28/2024 13:00:00,1843.0,1715,1800,17.3372
10/28/2024 15:00:00,1843.0,1715,1800,14.8888
10/28/2024 17:00:00,1843.0,1715,1800,12.6332
10/28/2024 19:00:00,1843.0,1715,1800,14.8339
10/28/2024 21:00:00,1843.0,1715,1800,12.6059
10/28/2024 23:00:00,1843.0,1715,1800,12.8341
10/27/2024 01:00:00,1792.0,1457,1931,14.9204
10/27/2024 03:00:00,1792.0,1457,1931,21.6439
10/27/2024 05:00:00,1792.0,1457,1931,20.954
10/27/2024 07:00:00,1792.0,1457,1931,20.9916
10/27/2024 09:00:00,1792.0,1457,1931,33.4756
10/27/2024 11:00:00,1792.0,1457,1931,14.9303
10/27/2024 13:00:00,1792.0,1457,1931,10.0012
10/27/2024 15:00:00,1792.0,1457,1931,12.2548
10/27/2024 17:00:00,1792.0,1457,1931,10.4731
10/27/2024 19:00:00,1792.0,1457,1931,10.1994
10/27/2024 21:00:00,1792.0,1457,1931,9.5214
10/27/2024 23:00:00,1792.0,1457,1931,0.516
10/26/2024 05:00:00,1517.0,1528,1909,10.9479
10/26/2024 07:00:00,1517.0,1528,1909,13.1325
10/26/2024 09:00:00,1517.0,1528,1909,13.3174
10/26/2024 13:00:00,1517.0,1528,1909,-1.0541
10/26/2024 19:00:00,1517.0,1528,1909,16.3982
10/26/2024 21:00:00,1517.0,1528,1909,16.6738
10/26/2024 23:00:00,1517.0,1528,1909,14.2365
10/25/2024 01:00:00,1552.0,1187,1817,33.0464
10/25/2024 03:00:00,1552.0,1187,1817,30.751
10/25/2024 05:00:00,1552.0,1187,1817,19.644
10/25/2024 07:00:00,1552.0,1187,1817,21.8344
10/25/2024 09:00:00,1552.0,1187,1817,22.0773
10/25/2024 11:00:00,1552.0,1187,1817,12.0171
10/25/2024 13:00:00,1552.0,1187,1817,4.9792
10/25/2024 17:00:00,1552.0,1187,1817,12.7952
10/25/2024 19:00:00,1552.0,1187,1817,23.3577
10/25/2024 21:00:00,1552.0,1187,1817,12.1076
10/25/2024 23:00:00,1552.0,1187,1817,10.5486
10/24/2024 03:00:00,1507.0,1722,1906,10.1032
10/24/2024 07:00:00,1507.0,1722,1906,25.799
10/24/2024 09:00:00,1507.0,1722,1906,10.4866
10/24/2024 21:00:00,1507.0,1722,1906,0.0477
10/24/2024 23:00:00,1507.0,1722,1906,14.8194
10/23/2024 01:00:00,1867.0,1716,1925,12.296
10/23/2024 03:00:00,1867.0,1716,1925,13.0705
10/23/2024 05:00:00,1867.0,1716,1925,23.128
10/23/2024 07:00:00,1867.0,1716,1925,26.3751
10/23/2024 09:00:00,1867.0,1716,1925,13.4105
10/23/2024 11:00:00,1867.0,1716,1925,9.8573
10/23/2024 13:00:00,1867.0,1716,1925,9.914
10/23/2024 15:00:00,1867.0,1716,1925,10.1331
10/23/2024 17:00:00,1867.0,1716,1925,10.5653
10/23/2024 19:00:00,1867.0,1716,1925,19.7273
10/23/2024 21:00:00,1867.0,1716,1925,10.2485
10/23/2024 23:00:00,1867.0,1716,1925,-6.5801
10/22/2024 01:00:00,1837.0,1722,2035,64.643
10/22/2024 03:00:00,1837.0,1722,2035,13.8052
10/22/2024 05:00:00,1837.0,1722,2035,12.2249
10/22/2024 07:00:00,1837.0,1722,2035,32.8464
10/22/2024 09:00:00,1837.0,1722,2035,23.3158
10/22/2024 11:00:00,1837.0,1722,2035,8.2013
10/22/2024 13:00:00,1837.0,1722,2035,8.1931
10/22/2024 15:00:00,1837.0,1722,2035,13.4741
10/22/2024 17:00:00,1837.0,1722,2035,20.3076
10/22/2024 19:00:00,1837.0,1722,2035,19.8402
10/22/2024 21:00:00,1837.0,1722,2035,12.3265
10/22/2024 23:00:00,1837.0,1722,2035,14.4448
10/21/2024 01:00:00,2005.0,1828,2042,9.7074
10/21/2024 07:00:00,2005.0,1828,2042,15.2217
10/21/2024 09:00:00,2005.0,1828,2042,14.2493
10/21/2024 11:00:00,2005.0,1828,2042,11.9879
10/21/2024 19:00:00,2005.0,1828,2042,32.2366
10/21/2024 21:00:00,2005.0,1828,2042,11.7981
10/21/2024 23:00:00,2005.0,1828,2042,-1.135
10/20/2024 01:00:00,2015.0,1935,2042,14.3552
10/20/2024 03:00:00,2015.0,1935,2042,10.1298
10/20/2024 05:00:00,2015.0,1935,2042,9.7838
10/20/2024 07:00:00,2015.0,1935,2042,8.6222
10/20/2024 13:00:00,2015.0,1935,2042,-5.2844
10/20/2024 15:00:00,2015.0,1935,2042,0.0034
10/20/2024 17:00:00,2015.0,1935,2042,0.0069
10/20/2024 19:00:00,2015.0,1935,2042,52.9967
10/20/2024 21:00:00,2015.0,1935,2042,8.7654
10/20/2024 23:00:00,2015.0,1935,2042,0.0093
10/19/2024 01:00:00,2020.0,1762,1936,15.3831
10/19/2024 03:00:00,2020.0,1762,1936,10.8696
10/19/2024 05:00:00,2020.0,1762,1936,16.0538
10/19/2024 07:00:00,2020.0,1762,1936,17.7164
10/19/2024 09:00:00,2020.0,1762,1936,25.4569
10/19/2024 11:00:00,2020.0,1762,1936,14.0859
10/19/2024 13:00:00,2020.0,1762,1936,10.0314
10/19/2024 15:00:00,2020.0,1762,1936,0.005
10/19/2024 17:00:00,2020.0,1762,1936,0.004
10/19/2024 19:00:00,2020.0,1762,1936,11.215
10/19/2024 21:00:00,2020.0,1762,1936,12.0591
10/19/2024 23:00:00,2020.0,1762,1936,11.7639
10/18/2024 01:00:00,2075.0,1481,1894,2.0868
10/18/2024 03:00:00,2075.0,1481,1894,11.6581
10/18/2024 07:00:00,2075.0,1481,1894,0.0066
10/18/2024 09:00:00,2075.0,1481,1894,13.2567
10/18/2024 11:00:00,2075.0,1481,1894,0.0048
10/18/2024 13:00:00,2075.0,1481,1894,1.9157
10/18/2024 17:00:00,2075.0,1481,1894,12.9008
10/18/2024 19:00:00,2075.0,1481,1894,16.8277
10/18/2024 21:00:00,2075.0,1481,1894,14.6559
10/18/2024 23:00:00,2075.0,1481,1894,16.4297
10/17/2024 01:00:00,2194.0,1508,1902,0.0001
10/17/2024 03:00:00,2194.0,1508,1902,11.2757
10/17/2024 05:00:00,2194.0,1508,1902,12.8524
10/17/2024 07:00:00,2194.0,1508,1902,13.2905
10/17/2024 09:00:00,2194.0,1508,1902,12.6441
10/17/2024 11:00:00,2194.0,1508,1902,15.9117
10/17/2024 13:00:00,2194.0,1508,1902,2.236
10/17/2024 15:00:00,2194.0,1508,1902,1.5177
10/17/2024 17:00:00,2194.0,1508,1902,2.3301
10/17/2024 19:00:00,2194.0,1508,1902,12.4156
10/17/2024 21:00:00,2194.0,1508,1902,0.5996
10/17/2024 23:00:00,2194.0,1508,1902,2.2179
10/16/2024 01:00:00,1838.0,1778,1989,0.0074
10/16/2024 07:00:00,1838.0,1778,1989,9.8213
10/16/2024 09:00:00,1838.0,1778,1989,0.0001
10/16/2024 11:00:00,1838.0,1778,1989,0.0081
10/16/2024 13:00:00,1838.0,1778,1989,0.0044
10/16/2024 15:00:00,1838.0,1778,1989,0.0081
10/16/2024 17:00:00,1838.0,1778,1989,0.0111
10/16/2024 19:00:00,1838.0,1778,1989,16.5236
10/16/2024 21:00:00,1838.0,1778,1989,11.2142
10/16/2024 23:00:00,1838.0,1778,1989,12.7312
10/15/2024 01:00:00,1152.0,1576,2105,17.5858
10/15/2024 03:00:00,1152.0,1576,2105,18.995
10/15/2024 05:00:00,1152.0,1576,2105,16.8584
10/15/2024 07:00:00,1152.0,1576,2105,18.2902
10/15/2024 09:00:00,1152.0,1576,2105,18.0776
10/15/2024 11:00:00,1152.0,1576,2105,13.4963
10/15/2024 13:00:00,1152.0,1576,2105,13.7396
10/15/2024 15:00:00,1152.0,1576,2105,4.9467
10/15/2024 17:00:00,1152.0,1576,2105,14.248
10/15/2024 19:00:00,1152.0,1576,2105,14.2293
10/15/2024 21:00:00,1152.0,1576,2105,0.0065
10/15/2024 23:00:00,1152.0,1576,2105,0.0073
10/14/2024 01:00:00,1943.0,1607,2664,0.0063
10/14/2024 07:00:00,1943.0,1607,2664,18.0661
10/14/2024 09:00:00,1943.0,1607,2664,15.5415
10/14/2024 11:00:00,1943.0,1607,2664,15.9594
10/14/2024 13:00:00,1943.0,1607,2664,17.5265
10/14/2024 15:00:00,1943.0,1607,2664,23.2211
10/14/2024 17:00:00,1943.0,1607,2664,13.246
10/14/2024 19:00:00,1943.0,1607,2664,20.9603
10/14/2024 21:00:00,1943.0,1607,2664,19.9129
10/14/2024 23:00:00,1943.0,1607,2664,18.1327
10/13/2024 01:00:00,1947.0,1669,2675,20.6045
10/13/2024 03:00:00,1947.0,1669,2675,19.8582
10/13/2024 05:00:00,1947.0,1669,2675,18.2616
10/13/2024 07:00:00,1947.0,1669,2675,15.2054
10/13/2024 09:00:00,1947.0,1669,2675,14.3682
10/13/2024 11:00:00,1947.0,1669,2675,0.0001
10/13/2024 13:00:00,1947.0,1669,2675,0.0001
10/13/2024 15:00:00,1947.0,1669,2675,13.9794
10/13/2024 17:00:00,1947.0,1669,2675,15.1474
10/13/2024 19:00:00,1947.0,1669,2675,31.5061
10/13/2024 21:00:00,1947.0,1669,2675,-2.913
10/13/2024 23:00:00,1947.0,1669,2675,0.0076
10/12/2024 01:00:00,1964.0,1854,2406,18.6581
10/12/2024 03:00:00,1964.0,1854,2406,13.9415
10/12/2024 05:00:00,1964.0,1854,2406,14.2098
10/12/2024 07:00:00,1964.0,1854,2406,16.925
10/12/2024 09:00:00,1964.0,1854,2406,0.0043
10/12/2024 11:00:00,1964.0,1854,2406,0.0064
10/12/2024 13:00:00,1964.0,1854,2406,14.6788
10/12/2024 15:00:00,1964.0,1854,2406,18.4977
10/12/2024 17:00:00,1964.0,1854,2406,32.0185
10/12/2024 19:00:00,1964.0,1854,2406,24.2648
10/12/2024 21:00:00,1964.0,1854,2406,19.7179
10/12/2024 23:00:00,1964.0,1854,2406,19.7506
10/11/2024 01:00:00,2030.0,1672,2204,21.9387
10/11/2024 03:00:00,2030.0,1672,2204,20.5151
10/11/2024 05:00:00,2030.0,1672,2204,15.1027
10/11/2024 07:00:00,2030.0,1672,2204,15.7987
10/11/2024 09:00:00,2030.0,1672,2204,15.3407
10/11/2024 11:00:00,2030.0,1672,2204,19.5032
10/11/2024 13:00:00,2030.0,1672,2204,20.2927
10/11/2024 15:00:00,2030.0,1672,2204,32.773
10/11/2024 17:00:00,2030.0,1672,2204,22.1447
10/11/2024 19:00:00,2030.0,1672,2204,31.9343
10/11/2024 21:00:00,2030.0,1672,2204,17.0313
10/11/2024 23:00:00,2030.0,1672,2204,18.4351
10/10/2024 01:00:00,2141.0,1709,2424,22.6955
10/10/2024 03:00:00,2141.0,1709,2424,18.5767
10/10/2024 05:00:00,2141.0,1709,2424,18.696
10/10/2024 07:00:00,2141.0,1709,2424,20.8514
10/10/2024 09:00:00,2141.0,1709,2424,19.1528
10/10/2024 11:00:00,2141.0,1709,2424,19.6273
10/10/2024 13:00:00,2141.0,1709,2424,17.8096
10/10/2024 15:00:00,2141.0,1709,2424,35.8568
10/10/2024 17:00:00,2141.0,1709,2424,18.5921
10/10/2024 19:00:00,2141.0,1709,2424,37.9831
10/10/2024 21:00:00,2141.0,1709,2424,20.6502
10/10/2024 23:00:00,2141.0,1709,2424,10.4639
10/09/2024 01:00:00,1849.0,2159,2672,15.5026
10/09/2024 03:00:00,1849.0,2159,2672,18.0943
10/09/2024 05:00:00,1849.0,2159,2672,14.942
10/09/2024 07:00:00,1849.0,2159,2672,20.0477
10/09/2024 09:00:00,1849.0,2159,2672,18.7333
10/09/2024 11:00:00,1849.0,2159,2672,17.9334
10/09/2024 13:00:00,1849.0,2159,2672,19.7361
10/09/2024 15:00:00,1849.0,2159,2672,26.9859
10/09/2024 17:00:00,1849.0,2159,2672,36.3317
10/09/2024 19:00:00,1849.0,2159,2672,26.6777
10/09/2024 21:00:00,1849.0,2159,2672,37.6709
10/09/2024 23:00:00,1849.0,2159,2672,22.4472
10/08/2024 01:00:00,1981.0,2164,2832,22.9754
10/08/2024 03:00:00,1981.0,2164,2832,19.7767
10/08/2024 05:00:00,1981.0,2164,2832,22.4574
10/08/2024 07:00:00,1981.0,2164,2832,36.856
10/08/2024 09:00:00,1981.0,2164,2832,19.3752
10/08/2024 11:00:00,1981.0,2164,2832,14.8034
10/08/2024 13:00:00,1981.0,2164,2832,16.6759
10/08/2024 15:00:00,1981.0,2164,2832,20.5666
10/08/2024 17:00:00,1981.0,2164,2832,26.1316
10/08/2024 19:00:00,1981.0,2164,2832,19.6379
10/08/2024 21:00:00,1981.0,2164,2832,19.6927
10/08/2024 23:00:00,1981.0,2164,2832,15.9714
10/07/2024 07:00:00,2023.0,2672,3560,16.0265
10/07/2024 09:00:00,2023.0,2672,3560,13.5067
10/07/2024 11:00:00,2023.0,2672,3560,17.9952
10/07/2024 13:00:00,2023.0,2672,3560,17.2837
10/07/2024 15:00:00,2023.0,2672,3560,32.6624
10/07/2024 17:00:00,2023.0,2672,3560,51.6877
10/07/2024 19:00:00,2023.0,2672,3560,34.2739
10/07/2024 21:00:00,2023.0,2672,3560,23.1691
10/07/2024 23:00:00,2023.0,2672,3560,26.5268
10/06/2024 01:00:00,1969.0,2838,3735,20.1203
10/06/2024 03:00:00,1969.0,2838,3735,20.0512
10/06/2024 05:00:00,1969.0,2838,3735,24.6126
10/06/2024 07:00:00,1969.0,2838,3735,26.6603
10/06/2024 09:00:00,1969.0,2838,3735,18.4834
10/06/2024 11:00:00,1969.0,2838,3735,14.1479
10/06/2024 13:00:00,1969.0,2838,3735,14.3109
10/06/2024 15:00:00,1969.0,2838,3735,13.1519
10/06/2024 17:00:00,1969.0,2838,3735,14.4133
10/06/2024 19:00:00,1969.0,2838,3735,36.735
10/06/2024 21:00:00,1969.0,2838,3735,37.5495
10/06/2024 23:00:00,1969.0,2838,3735,0.0152
10/05/2024 01:00:00,2048.0,2352,3492,0.0001
10/05/2024 03:00:00,2048.0,2352,3492,-29.2934
10/05/2024 05:00:00,2048.0,2352,3492,0.0001
10/05/2024 13:00:00,2048.0,2352,3492,10.0377
10/05/2024 15:00:00,2048.0,2352,3492,16.9063
10/05/2024 17:00:00,2048.0,2352,3492,19.6574
10/05/2024 19:00:00,2048.0,2352,3492,36.7071
10/05/2024 21:00:00,2048.0,2352,3492,18.2387
10/05/2024 23:00:00,2048.0,2352,3492,14.8851
10/04/2024 01:00:00,2126.0,2538,3398,14.9789
10/04/2024 03:00:00,2126.0,2538,3398,14.245
10/04/2024 05:00:00,2126.0,2538,3398,18.33
10/04/2024 07:00:00,2126.0,2538,3398,17.9739
10/04/2024 09:00:00,2126.0,2538,3398,18.114
10/04/2024 11:00:00,2126.0,2538,3398,13.9854
10/04/2024 13:00:00,2126.0,2538,3398,10.3904
10/04/2024 15:00:00,2126.0,2538,3398,15.4105
10/04/2024 17:00:00,2126.0,2538,3398,14.5117
10/04/2024 19:00:00,2126.0,2538,3398,21.5017
10/04/2024 21:00:00,2126.0,2538,3398,10.5575
10/04/2024 23:00:00,2126.0,2538,3398,-29.8302
10/03/2024 01:00:00,2149.0,2583,3493,36.9713
10/03/2024 03:00:00,2149.0,2583,3493,19.5167
10/03/2024 05:00:00,2149.0,2583,3493,-28.1921
10/03/2024 07:00:00,2149.0,2583,3493,9.6424
10/03/2024 11:00:00,2149.0,2583,3493,0.0059
10/03/2024 15:00:00,2149.0,2583,3493,0.0062
10/03/2024 17:00:00,2149.0,2583,3493,13.0072
10/3/2024 19:00,2149.0,2583,3493,37.8001
10/03/2024 21:00:00,2149.0,2583,3493,23.4512
10/03/2024 23:00:00,2149.0,2583,3493,16.6702
10/02/2024 01:00:00,2189.0,2739,3765,-38.5243
10/02/2024 03:00:00,2189.0,2739,3765,14.9288
10/02/2024 05:00:00,2189.0,2739,3765,13.3269
10/02/2024 07:00:00,2189.0,2739,3765,14.7086
10/02/2024 09:00:00,2189.0,2739,3765,-0.0014
10/02/2024 11:00:00,2189.0,2739,3765,0.0001
10/02/2024 13:00:00,2189.0,2739,3765,13.2174
10/02/2024 15:00:00,2189.0,2739,3765,14.6889
10/02/2024 17:00:00,2189.0,2739,3765,15.0944
10/02/2024 19:00:00,2189.0,2739,3765,14.4034
10/02/2024 21:00:00,2189.0,2739,3765,0.0001
10/01/2024 01:00:00,2214.0,2770,3755,14.5158
10/01/2024 03:00:00,2214.0,2770,3755,18.5533
10/01/2024 05:00:00,2214.0,2770,3755,19.4859
10/01/2024 07:00:00,2214.0,2770,3755,18.8957
10/01/2024 09:00:00,2214.0,2770,3755,15.0508
10/01/2024 11:00:00,2214.0,2770,3755,0.0023
10/01/2024 13:00:00,2214.0,2770,3755,0.0048
10/01/2024 15:00:00,2214.0,2770,3755,0.0076
10/01/2024 17:00:00,2214.0,2770,3755,14.5424
10/1/2024 19:00,2214.0,2770,3755,19.9159
10/01/2024 21:00:00,2214.0,2770,3755,14.7428
10/01/2024 23:00:00,2214.0,2770,3755,10.5142
09/30/2024 01:00:00,2346.0,2527,3520,-1.1468
09/30/2024 03:00:00,2346.0,2527,3520,11.5972
09/30/2024 05:00:00,2346.0,2527,3520,15.7803
09/30/2024 07:00:00,2346.0,2527,3520,21.1492
09/30/2024 09:00:00,2346.0,2527,3520,18.9004
09/30/2024 11:00:00,2346.0,2527,3520,14.5628
09/30/2024 13:00:00,2346.0,2527,3520,0.0075
09/30/2024 15:00:00,2346.0,2527,3520,11.1158
09/30/2024 17:00:00,2346.0,2527,3520,19.3101
09/30/2024 19:00:00,2346.0,2527,3520,37.4075
09/30/2024 21:00:00,2346.0,2527,3520,18.8324
09/30/2024 23:00:00,2346.0,2527,3520,15.6895
09/29/2024 01:00:00,2290.0,1920,2981,16.5595
09/29/2024 03:00:00,2290.0,1920,2981,17.7398
09/29/2024 05:00:00,2290.0,1920,2981,16.911
09/29/2024 07:00:00,2290.0,1920,2981,20.2221
09/29/2024 09:00:00,2290.0,1920,2981,14.8778
09/29/2024 11:00:00,2290.0,1920,2981,0.0066
09/29/2024 13:00:00,2290.0,1920,2981,13.6432
09/29/2024 15:00:00,2290.0,1920,2981,20.1515
09/29/2024 17:00:00,2290.0,1920,2981,23.2522
09/29/2024 19:00:00,2290.0,1920,2981,23.532
09/29/2024 21:00:00,2290.0,1920,2981,1.3169
09/29/2024 23:00:00,2290.0,1920,2981,11.7198
09/28/2024 01:00:00,2368.0,1798,2504,20.2709
09/28/2024 03:00:00,2368.0,1798,2504,19.6879
09/28/2024 05:00:00,2368.0,1798,2504,20.5111
09/28/2024 07:00:00,2368.0,1798,2504,23.1535
09/28/2024 09:00:00,2368.0,1798,2504,17.6952
09/28/2024 11:00:00,2368.0,1798,2504,16.1322
09/28/2024 13:00:00,2368.0,1798,2504,14.4037
09/28/2024 15:00:00,2368.0,1798,2504,22.6088
09/28/2024 17:00:00,2368.0,1798,2504,36.7495
09/28/2024 19:00:00,2368.0,1798,2504,40.6434
09/28/2024 21:00:00,2368.0,1798,2504,14.8405
09/28/2024 23:00:00,2368.0,1798,2504,15.4983
09/27/2024 01:00:00,2388.0,1990,2962,20.4011
09/27/2024 03:00:00,2388.0,1990,2962,16.6146
09/27/2024 05:00:00,2388.0,1990,2962,16.5809
09/27/2024 07:00:00,2388.0,1990,2962,15.2162
09/27/2024 09:00:00,2388.0,1990,2962,11.3467
09/27/2024 11:00:00,2388.0,1990,2962,12.9334
09/27/2024 13:00:00,2388.0,1990,2962,36.4732
09/27/2024 15:00:00,2388.0,1990,2962,36.9189
09/27/2024 17:00:00,2388.0,1990,2962,26.8421
09/27/2024 19:00:00,2388.0,1990,2962,34.2485
09/27/2024 21:00:00,2388.0,1990,2962,19.4188
09/27/2024 23:00:00,2388.0,1990,2962,17.733
09/26/2024 05:00:00,2480.0,1947,3087,18.8106
09/26/2024 07:00:00,2480.0,1947,3087,37.4278
09/26/2024 09:00:00,2480.0,1947,3087,22.2348
09/26/2024 11:00:00,2480.0,1947,3087,17.2189
09/26/2024 13:00:00,2480.0,1947,3087,20.1393
09/26/2024 15:00:00,2480.0,1947,3087,36.762
09/26/2024 17:00:00,2480.0,1947,3087,41.7318
09/26/2024 19:00:00,2480.0,1947,3087,29.141
09/26/2024 21:00:00,2480.0,1947,3087,22.7374
09/26/2024 23:00:00,2480.0,1947,3087,16.442
09/25/2024 01:00:00,2468.0,1598,2666,21.8433
09/25/2024 03:00:00,2468.0,1598,2666,14.1037
09/25/2024 05:00:00,2468.0,1598,2666,14.2972
09/25/2024 07:00:00,2468.0,1598,2666,18.94
09/25/2024 09:00:00,2468.0,1598,2666,17.0099
09/25/2024 11:00:00,2468.0,1598,2666,15.0195
09/25/2024 13:00:00,2468.0,1598,2666,16.4643
09/25/2024 15:00:00,2468.0,1598,2666,19.2979
09/25/2024 17:00:00,2468.0,1598,2666,21.9459
09/25/2024 19:00:00,2468.0,1598,2666,37.3279
09/25/2024 21:00:00,2468.0,1598,2666,17.1954
09/25/2024 23:00:00,2468.0,1598,2666,11.38
09/24/2024 01:00:00,2463.0,1938,2743,13.9169
09/24/2024 03:00:00,2463.0,1938,2743,14.0656
09/24/2024 05:00:00,2463.0,1938,2743,-30.0763
09/24/2024 07:00:00,2463.0,1938,2743,16.3731
09/24/2024 09:00:00,2463.0,1938,2743,37.2937
09/24/2024 11:00:00,2463.0,1938,2743,14.0693
09/24/2024 13:00:00,2463.0,1938,2743,15.5665
09/24/2024 15:00:00,2463.0,1938,2743,13.8748
09/24/2024 17:00:00,2463.0,1938,2743,20.6273
09/24/2024 19:00:00,2463.0,1938,2743,35.6666
09/24/2024 21:00:00,2463.0,1938,2743,34.5761
09/24/2024 23:00:00,2463.0,1938,2743,22.3762
09/23/2024 01:00:00,2408.0,2186,3802,12.5826
09/23/2024 03:00:00,2408.0,2186,3802,9.19
09/23/2024 05:00:00,2408.0,2186,3802,13.271
09/23/2024 07:00:00,2408.0,2186,3802,36.6667
09/23/2024 09:00:00,2408.0,2186,3802,19.9027
09/23/2024 11:00:00,2408.0,2186,3802,14.7958
09/23/2024 13:00:00,2408.0,2186,3802,15.4984
09/23/2024 15:00:00,2408.0,2186,3802,14.8534
09/23/2024 17:00:00,2408.0,2186,3802,19.9585
09/23/2024 19:00:00,2408.0,2186,3802,25.6307
09/23/2024 21:00:00,2408.0,2186,3802,24.4526
09/23/2024 23:00:00,2408.0,2186,3802,10.4564
09/22/2024 01:00:00,2510.0,2309,3490,37.2731
09/22/2024 03:00:00,2510.0,2309,3490,15.8727
09/22/2024 05:00:00,2510.0,2309,3490,18.3597
09/22/2024 07:00:00,2510.0,2309,3490,29.9914
09/22/2024 09:00:00,2510.0,2309,3490,19.2137
09/22/2024 11:00:00,2510.0,2309,3490,17.5919
09/22/2024 13:00:00,2510.0,2309,3490,13.8136
09/22/2024 15:00:00,2510.0,2309,3490,12.5403
09/22/2024 17:00:00,2510.0,2309,3490,11.1876
09/22/2024 19:00:00,2510.0,2309,3490,19.5611
09/22/2024 21:00:00,2510.0,2309,3490,19.3166
09/22/2024 23:00:00,2510.0,2309,3490,16.1052
09/21/2024 01:00:00,2435.0,1867,3015,0.0075
09/21/2024 03:00:00,2435.0,1867,3015,-38.7175
09/21/2024 05:00:00,2435.0,1867,3015,-38.987
09/21/2024 07:00:00,2435.0,1867,3015,0.0119
09/21/2024 09:00:00,2435.0,1867,3015,-41.617
09/21/2024 11:00:00,2435.0,1867,3015,0.0063
09/21/2024 13:00:00,2435.0,1867,3015,0.0081
09/21/2024 15:00:00,2435.0,1867,3015,8.0631
09/21/2024 17:00:00,2435.0,1867,3015,36.8391
09/21/2024 19:00:00,2435.0,1867,3015,25.9744
09/21/2024 21:00:00,2435.0,1867,3015,16.6234
09/21/2024 23:00:00,2435.0,1867,3015,16.4848
09/20/2024 01:00:00,2469.0,2246,2767,11.4374
09/20/2024 03:00:00,2469.0,2246,2767,0.0001
09/20/2024 05:00:00,2469.0,2246,2767,0.0001
09/20/2024 07:00:00,2469.0,2246,2767,13.1437
09/20/2024 09:00:00,2469.0,2246,2767,15.3346
09/20/2024 11:00:00,2469.0,2246,2767,11.1086
09/20/2024 13:00:00,2469.0,2246,2767,16.647
09/20/2024 15:00:00,2469.0,2246,2767,9.8278
09/20/2024 17:00:00,2469.0,2246,2767,10.3158
09/20/2024 19:00:00,2469.0,2246,2767,36.1312
09/20/2024 21:00:00,2469.0,2246,2767,18.5509
09/20/2024 23:00:00,2469.0,2246,2767,11.1595
09/19/2024 01:00:00,2513.0,1869,2758,15.2041
09/19/2024 07:00:00,2513.0,1869,2758,0.0001
09/19/2024 09:00:00,2513.0,1869,2758,-0.0001
09/19/2024 11:00:00,2513.0,1869,2758,0.0001
09/19/2024 13:00:00,2513.0,1869,2758,11.4309
09/19/2024 15:00:00,2513.0,1869,2758,16.8123
09/19/2024 17:00:00,2513.0,1869,2758,35.4633
09/19/2024 19:00:00,2513.0,1869,2758,23.2426
09/19/2024 21:00:00,2513.0,1869,2758,15.229
09/19/2024 23:00:00,2513.0,1869,2758,11.2727
09/18/2024 01:00:00,2399.0,1661,2663,10.5595
09/18/2024 03:00:00,2399.0,1661,2663,10.5291
09/18/2024 05:00:00,2399.0,1661,2663,9.0586
09/18/2024 07:00:00,2399.0,1661,2663,20.9547
09/18/2024 09:00:00,2399.0,1661,2663,18.5842
09/18/2024 11:00:00,2399.0,1661,2663,11.2014
09/18/2024 13:00:00,2399.0,1661,2663,15.3749
09/18/2024 15:00:00,2399.0,1661,2663,10.504
09/18/2024 17:00:00,2399.0,1661,2663,12.1417
09/18/2024 19:00:00,2399.0,1661,2663,36.3112
09/18/2024 21:00:00,2399.0,1661,2663,18.0787
09/18/2024 23:00:00,2399.0,1661,2663,11.5549
09/17/2024 01:00:00,1644.0,1477,2208,14.1745
09/17/2024 03:00:00,1644.0,1477,2208,0.0002
09/17/2024 05:00:00,1644.0,1477,2208,-27.6917
09/17/2024 07:00:00,1644.0,1477,2208,14.5266
09/17/2024 09:00:00,1644.0,1477,2208,10.0507
09/17/2024 11:00:00,1644.0,1477,2208,0.0001
09/17/2024 13:00:00,1644.0,1477,2208,8.4869
09/17/2024 15:00:00,1644.0,1477,2208,15.7272
09/17/2024 17:00:00,1644.0,1477,2208,0.0001
09/17/2024 19:00:00,1644.0,1477,2208,10.4733
09/17/2024 21:00:00,1644.0,1477,2208,16.9371
09/17/2024 23:00:00,1644.0,1477,2208,13.6524
09/16/2024 01:00:00,2470.0,1055,2225,8.5175
09/16/2024 03:00:00,2470.0,1055,2225,9.4447
09/16/2024 05:00:00,2470.0,1055,2225,0.8755
09/16/2024 07:00:00,2470.0,1055,2225,17.0283
09/16/2024 09:00:00,2470.0,1055,2225,15.4814
09/16/2024 11:00:00,2470.0,1055,2225,20.9018
09/16/2024 13:00:00,2470.0,1055,2225,37.8089
09/16/2024 15:00:00,2470.0,1055,2225,15.354
09/16/2024 17:00:00,2470.0,1055,2225,14.4666
09/16/2024 19:00:00,2470.0,1055,2225,13.4422
09/16/2024 21:00:00,2470.0,1055,2225,21.7675
09/16/2024 23:00:00,2470.0,1055,2225,16.196
09/15/2024 01:00:00,1980.0,1646,2040,8.9723
09/15/2024 03:00:00,1980.0,1646,2040,14.0222
09/15/2024 05:00:00,1980.0,1646,2040,18.4561
09/15/2024 07:00:00,1980.0,1646,2040,36.7979
09/15/2024 09:00:00,1980.0,1646,2040,24.1743
09/15/2024 11:00:00,1980.0,1646,2040,36.7949
09/15/2024 13:00:00,1980.0,1646,2040,13.4349
09/15/2024 15:00:00,1980.0,1646,2040,8.4915
09/15/2024 17:00:00,1980.0,1646,2040,19.9858
09/15/2024 19:00:00,1980.0,1646,2040,9.406
09/15/2024 21:00:00,1980.0,1646,2040,16.048
09/15/2024 23:00:00,1980.0,1646,2040,11.9533
09/14/2024 01:00:00,2511.0,1643,2177,18.7253
09/14/2024 03:00:00,2511.0,1643,2177,22.5744
09/14/2024 05:00:00,2511.0,1643,2177,22.4823
09/14/2024 07:00:00,2511.0,1643,2177,25.4805
09/14/2024 09:00:00,2511.0,1643,2177,14.6306
09/14/2024 11:00:00,2511.0,1643,2177,13.4475
09/14/2024 13:00:00,2511.0,1643,2177,21.7971
09/14/2024 15:00:00,2511.0,1643,2177,36.6114
09/14/2024 17:00:00,2511.0,1643,2177,36.3672
09/14/2024 19:00:00,2511.0,1643,2177,35.1101
09/14/2024 21:00:00,2511.0,1643,2177,16.0813
09/14/2024 23:00:00,2511.0,1643,2177,10.3134
09/13/2024 01:00:00,2732.0,1760,3043,10.2645
09/13/2024 03:00:00,2732.0,1760,3043,10.685
09/13/2024 05:00:00,2732.0,1760,3043,0.822
09/13/2024 07:00:00,2732.0,1760,3043,16.8023
09/13/2024 09:00:00,2732.0,1760,3043,0.0117
09/13/2024 11:00:00,2732.0,1760,3043,0.0072
09/13/2024 13:00:00,2732.0,1760,3043,9.6653
09/13/2024 15:00:00,2732.0,1760,3043,22.073
09/13/2024 17:00:00,2732.0,1760,3043,20.179
09/13/2024 19:00:00,2732.0,1760,3043,36.5551
09/13/2024 21:00:00,2732.0,1760,3043,16.2111
09/13/2024 23:00:00,2732.0,1760,3043,18.3003
09/12/2024 01:00:00,2756.0,2060,3063,11.1194
09/12/2024 03:00:00,2756.0,2060,3063,0.017
09/12/2024 05:00:00,2756.0,2060,3063,0.0182
09/12/2024 07:00:00,2756.0,2060,3063,15.5176
09/12/2024 09:00:00,2756.0,2060,3063,0.0157
09/12/2024 11:00:00,2756.0,2060,3063,0.0112
09/12/2024 13:00:00,2756.0,2060,3063,0.0118
09/12/2024 15:00:00,2756.0,2060,3063,0.0095
09/12/2024 17:00:00,2756.0,2060,3063,36.3061
09/12/2024 19:00:00,2756.0,2060,3063,37.3268
09/12/2024 21:00:00,2756.0,2060,3063,10.4743
09/12/2024 23:00:00,2756.0,2060,3063,10.534
09/11/2024 01:00:00,2783.0,1868,2785,19.3607
09/11/2024 03:00:00,2783.0,1868,2785,23.7883
09/11/2024 05:00:00,2783.0,1868,2785,21.1459
09/11/2024 07:00:00,2783.0,1868,2785,38.0187
09/11/2024 09:00:00,2783.0,1868,2785,23.6343
09/11/2024 11:00:00,2783.0,1868,2785,37.0562
09/11/2024 13:00:00,2783.0,1868,2785,31.368
09/11/2024 15:00:00,2783.0,1868,2785,20.446
09/11/2024 17:00:00,2783.0,1868,2785,37.2262
09/11/2024 19:00:00,2783.0,1868,2785,15.6071
09/11/2024 21:00:00,2783.0,1868,2785,38.2777
09/11/2024 23:00:00,2783.0,1868,2785,38.1729
09/10/2024 01:00:00,2950.0,1873,2737,18.6802
09/10/2024 03:00:00,2950.0,1873,2737,17.9066
09/10/2024 05:00:00,2950.0,1873,2737,19.1567
09/10/2024 07:00:00,2950.0,1873,2737,19.5524
09/10/2024 09:00:00,2950.0,1873,2737,0.0169
09/10/2024 11:00:00,2950.0,1873,2737,18.0073
09/10/2024 13:00:00,2950.0,1873,2737,23.0824
09/10/2024 15:00:00,2950.0,1873,2737,37.6759
09/10/2024 17:00:00,2950.0,1873,2737,38.1551
09/10/2024 19:00:00,2950.0,1873,2737,39.2987
09/10/2024 21:00:00,2950.0,1873,2737,32.2736
09/10/2024 23:00:00,2950.0,1873,2737,27.2967
09/09/2024 01:00:00,2865.0,2031,2867,18.4968
09/09/2024 03:00:00,2865.0,2031,2867,17.8462
09/09/2024 05:00:00,2865.0,2031,2867,18.8172
09/09/2024 07:00:00,2865.0,2031,2867,19.3103
09/09/2024 09:00:00,2865.0,2031,2867,16.1512
09/09/2024 11:00:00,2865.0,2031,2867,17.257
09/09/2024 13:00:00,2865.0,2031,2867,19.7589
09/09/2024 15:00:00,2865.0,2031,2867,37.3668
09/09/2024 17:00:00,2865.0,2031,2867,33.182
09/09/2024 19:00:00,2865.0,2031,2867,39.3487
09/09/2024 21:00:00,2865.0,2031,2867,26.8486
09/09/2024 23:00:00,2865.0,2031,2867,17.5538
09/08/2024 01:00:00,2744.0,2614,4025,11.5036
09/08/2024 03:00:00,2744.0,2614,4025,10.7666
09/08/2024 05:00:00,2744.0,2614,4025,12.2345
09/08/2024 07:00:00,2744.0,2614,4025,14.8805
09/08/2024 09:00:00,2744.0,2614,4025,11.6847
09/08/2024 11:00:00,2744.0,2614,4025,12.4873
09/08/2024 13:00:00,2744.0,2614,4025,14.3098
09/08/2024 15:00:00,2744.0,2614,4025,36.8875
09/08/2024 17:00:00,2744.0,2614,4025,38.4824
09/08/2024 19:00:00,2744.0,2614,4025,38.6091
09/08/2024 21:00:00,2744.0,2614,4025,19.0083
09/08/2024 23:00:00,2744.0,2614,4025,15.4538
09/07/2024 01:00:00,2870.0,2744,3673,10.4593
09/07/2024 03:00:00,2870.0,2744,3673,11.6581
09/07/2024 05:00:00,2870.0,2744,3673,12.241
09/07/2024 07:00:00,2870.0,2744,3673,15.1311
09/07/2024 09:00:00,2870.0,2744,3673,15.2237
09/07/2024 11:00:00,2870.0,2744,3673,14.4706
09/07/2024 13:00:00,2870.0,2744,3673,15.4063
09/07/2024 15:00:00,2870.0,2744,3673,37.1099
09/07/2024 17:00:00,2870.0,2744,3673,68.2801
09/07/2024 19:00:00,2870.0,2744,3673,33.4742
09/07/2024 21:00:00,2870.0,2744,3673,11.9596
09/07/2024 23:00:00,2870.0,2744,3673,12.7923
09/06/2024 01:00:00,2783.0,2381,3711,16.492
09/06/2024 03:00:00,2783.0,2381,3711,17.3304
09/06/2024 05:00:00,2783.0,2381,3711,15.441
09/06/2024 07:00:00,2783.0,2381,3711,16.8391
09/06/2024 09:00:00,2783.0,2381,3711,12.8661
09/06/2024 11:00:00,2783.0,2381,3711,14.038
09/06/2024 13:00:00,2783.0,2381,3711,19.0885
09/06/2024 15:00:00,2783.0,2381,3711,23.0634
09/06/2024 17:00:00,2783.0,2381,3711,32.4975
09/06/2024 19:00:00,2783.0,2381,3711,39.9559
09/06/2024 21:00:00,2783.0,2381,3711,24.5869
09/06/2024 23:00:00,2783.0,2381,3711,12.2463
09/05/2024 01:00:00,2856.0,3054,4085,17.0794
09/05/2024 03:00:00,2856.0,3054,4085,11.0636
09/05/2024 05:00:00,2856.0,3054,4085,30.1986
09/05/2024 07:00:00,2856.0,3054,4085,15.8902
09/05/2024 09:00:00,2856.0,3054,4085,18.3907
09/05/2024 11:00:00,2856.0,3054,4085,20.4012
09/05/2024 13:00:00,2856.0,3054,4085,16.2948
09/05/2024 15:00:00,2856.0,3054,4085,20.2643
09/05/2024 17:00:00,2856.0,3054,4085,18.3016
09/05/2024 19:00:00,2856.0,3054,4085,33.5416
09/05/2024 21:00:00,2856.0,3054,4085,32.6654
09/05/2024 23:00:00,2856.0,3054,4085,22.6667
09/04/2024 01:00:00,2703.0,2732,4008,14.6917
09/04/2024 03:00:00,2703.0,2732,4008,14.3826
09/04/2024 05:00:00,2703.0,2732,4008,14.4502
09/04/2024 07:00:00,2703.0,2732,4008,15.9413
09/04/2024 09:00:00,2703.0,2732,4008,13.2029
09/04/2024 11:00:00,2703.0,2732,4008,10.0958
09/04/2024 13:00:00,2703.0,2732,4008,14.978
09/04/2024 15:00:00,2703.0,2732,4008,21.061
09/04/2024 17:00:00,2703.0,2732,4008,37.9305
09/04/2024 19:00:00,2703.0,2732,4008,14.5255
09/04/2024 21:00:00,2703.0,2732,4008,18.8148
09/04/2024 23:00:00,2703.0,2732,4008,15.5745
09/03/2024 01:00:00,2802.0,2629,4098,9.8671
09/03/2024 03:00:00,2802.0,2629,4098,9.3615
09/03/2024 05:00:00,2802.0,2629,4098,8.5343
09/03/2024 07:00:00,2802.0,2629,4098,14.3101
09/03/2024 09:00:00,2802.0,2629,4098,10.7317
09/03/2024 11:00:00,2802.0,2629,4098,13.6084
09/03/2024 13:00:00,2802.0,2629,4098,36.6241
09/03/2024 15:00:00,2802.0,2629,4098,22.7244
09/03/2024 17:00:00,2802.0,2629,4098,37.0681
09/03/2024 19:00:00,2802.0,2629,4098,31.4773
09/03/2024 21:00:00,2802.0,2629,4098,17.4342
09/03/2024 23:00:00,2802.0,2629,4098,12.4839
09/02/2024 07:00:00,2853.0,2325,3535,8.9988
09/02/2024 09:00:00,2853.0,2325,3535,-0.0023
09/02/2024 11:00:00,2853.0,2325,3535,-0.0023
09/02/2024 13:00:00,2853.0,2325,3535,0.0098
09/02/2024 15:00:00,2853.0,2325,3535,12.3606
09/02/2024 17:00:00,2853.0,2325,3535,18.1112
09/02/2024 19:00:00,2853.0,2325,3535,18.6701
09/02/2024 21:00:00,2853.0,2325,3535,18.2368
09/02/2024 23:00:00,2853.0,2325,3535,13.5331
09/01/2024 01:00:00,3027.0,2144,2874,15.2458
09/01/2024 03:00:00,3027.0,2144,2874,12.3028
09/01/2024 05:00:00,3027.0,2144,2874,15.0749
09/01/2024 07:00:00,3027.0,2144,2874,18.8707
09/01/2024 09:00:00,3027.0,2144,2874,14.7988
09/01/2024 11:00:00,3027.0,2144,2874,12.1045
09/01/2024 13:00:00,3027.0,2144,2874,13.7158
09/01/2024 15:00:00,3027.0,2144,2874,36.4757
09/01/2024 17:00:00,3027.0,2144,2874,22.8544
09/01/2024 19:00:00,3027.0,2144,2874,21.3408
09/01/2024 21:00:00,3027.0,2144,2874,15.2719
09/01/2024 23:00:00,3027.0,2144,2874,9.9494
08/31/2024 01:00:00,2902.0,2317,2975,9.5551
08/31/2024 03:00:00,2902.0,2317,2975,-0.002
08/31/2024 05:00:00,2902.0,2317,2975,-0.001
08/31/2024 07:00:00,2902.0,2317,2975,11.7875
08/31/2024 09:00:00,2902.0,2317,2975,13.1309
08/31/2024 11:00:00,2902.0,2317,2975,13.2655
08/31/2024 13:00:00,2902.0,2317,2975,18.4462
08/31/2024 15:00:00,2902.0,2317,2975,36.6763
08/31/2024 17:00:00,2902.0,2317,2975,38.1304
08/31/2024 19:00:00,2902.0,2317,2975,22.1241
08/31/2024 21:00:00,2902.0,2317,2975,19.6494
08/31/2024 23:00:00,2902.0,2317,2975,15.7162
08/30/2024 01:00:00,2867.0,2080,3364,19.0179
08/30/2024 03:00:00,2867.0,2080,3364,16.952
08/30/2024 05:00:00,2867.0,2080,3364,17.6114
08/30/2024 07:00:00,2867.0,2080,3364,20.7008
08/30/2024 09:00:00,2867.0,2080,3364,16.7051
08/30/2024 11:00:00,2867.0,2080,3364,14.6019
08/30/2024 13:00:00,2867.0,2080,3364,15.2343
08/30/2024 15:00:00,2867.0,2080,3364,17.6823
08/30/2024 17:00:00,2867.0,2080,3364,31.6584
08/30/2024 19:00:00,2867.0,2080,3364,38.2077
08/30/2024 21:00:00,2867.0,2080,3364,10.7387
08/30/2024 23:00:00,2867.0,2080,3364,8.9801
08/29/2024 01:00:00,3035.0,2121,3497,8.9406
08/29/2024 03:00:00,3035.0,2121,3497,-0.0001
08/29/2024 07:00:00,3035.0,2121,3497,14.7059
08/29/2024 09:00:00,3035.0,2121,3497,19.6229
08/29/2024 11:00:00,3035.0,2121,3497,16.9951
08/29/2024 13:00:00,3035.0,2121,3497,16.6246
08/29/2024 15:00:00,3035.0,2121,3497,36.4945
08/29/2024 17:00:00,3035.0,2121,3497,20.9628
08/29/2024 21:00:00,3035.0,2121,3497,38.0492
08/29/2024 23:00:00,3035.0,2121,3497,17.4976
08/28/2024 01:00:00,2977.0,2014,3516,9.8278
08/28/2024 03:00:00,2977.0,2014,3516,10.5489
08/28/2024 05:00:00,2977.0,2014,3516,14.5603
08/28/2024 07:00:00,2977.0,2014,3516,18.2845
08/28/2024 09:00:00,2977.0,2014,3516,14.4754
08/28/2024 11:00:00,2977.0,2014,3516,15.5021
08/28/2024 13:00:00,2977.0,2014,3516,21.6722
08/28/2024 15:00:00,2977.0,2014,3516,18.5298
08/28/2024 17:00:00,2977.0,2014,3516,36.289
08/28/2024 19:00:00,2977.0,2014,3516,36.6423
08/28/2024 21:00:00,2977.0,2014,3516,13.6799
08/28/2024 23:00:00,2977.0,2014,3516,14.9555
08/27/2024 01:00:00,2987.0,2447,3831,8.3357
08/27/2024 05:00:00,2987.0,2447,3831,7.8351
08/27/2024 07:00:00,2987.0,2447,3831,8.2317
08/27/2024 09:00:00,2987.0,2447,3831,8.0297
08/27/2024 11:00:00,2987.0,2447,3831,9.6674
08/27/2024 13:00:00,2987.0,2447,3831,16.4611
08/27/2024 15:00:00,2987.0,2447,3831,29.9849
08/27/2024 17:00:00,2987.0,2447,3831,156.3512
08/27/2024 19:00:00,2987.0,2447,3831,27.0609
08/27/2024 21:00:00,2987.0,2447,3831,-304.6424
08/27/2024 23:00:00,2987.0,2447,3831,0.0168
08/26/2024 01:00:00,3015.0,2283,3701,7.4246
08/26/2024 03:00:00,3015.0,2283,3701,15.0435
08/26/2024 05:00:00,3015.0,2283,3701,15.7404
08/26/2024 07:00:00,3015.0,2283,3701,17.1773
08/26/2024 09:00:00,3015.0,2283,3701,17.007
08/26/2024 11:00:00,3015.0,2283,3701,17.588
08/26/2024 13:00:00,3015.0,2283,3701,15.5603
08/26/2024 15:00:00,3015.0,2283,3701,17.7391
08/26/2024 17:00:00,3015.0,2283,3701,18.3886
08/26/2024 19:00:00,3015.0,2283,3701,16.0747
08/26/2024 21:00:00,3015.0,2283,3701,37.4738
08/26/2024 23:00:00,3015.0,2283,3701,10.4398
08/25/2024 01:00:00,3057.0,2063,3245,15.1857
08/25/2024 03:00:00,3057.0,2063,3245,13.5885
08/25/2024 05:00:00,3057.0,2063,3245,8.4012
08/25/2024 07:00:00,3057.0,2063,3245,7.4302
08/25/2024 09:00:00,3057.0,2063,3245,0.0001
08/25/2024 11:00:00,3057.0,2063,3245,7.5765
08/25/2024 13:00:00,3057.0,2063,3245,16.4517
08/25/2024 15:00:00,3057.0,2063,3245,16.7039
08/25/2024 17:00:00,3057.0,2063,3245,14.975
08/25/2024 19:00:00,3057.0,2063,3245,21.9236
08/25/2024 21:00:00,3057.0,2063,3245,22.7205
08/25/2024 23:00:00,3057.0,2063,3245,7.8921
08/24/2024 01:00:00,2917.0,1649,2440,15.199
08/24/2024 03:00:00,2917.0,1649,2440,15.5721
08/24/2024 05:00:00,2917.0,1649,2440,16.822
08/24/2024 07:00:00,2917.0,1649,2440,15.4787
08/24/2024 09:00:00,2917.0,1649,2440,-0.0008
08/24/2024 11:00:00,2917.0,1649,2440,0.0002
08/24/2024 13:00:00,2917.0,1649,2440,20.1328
08/24/2024 15:00:00,2917.0,1649,2440,29.4466
08/24/2024 17:00:00,2917.0,1649,2440,13.3197
08/24/2024 19:00:00,2917.0,1649,2440,36.6775
08/24/2024 21:00:00,2917.0,1649,2440,17.4416
08/24/2024 23:00:00,2917.0,1649,2440,18.3095
08/23/2024 01:00:00,1674.0,1305,2017,15.7456
08/23/2024 03:00:00,1674.0,1305,2017,16.4387
08/23/2024 05:00:00,1674.0,1305,2017,13.0884
08/23/2024 07:00:00,1674.0,1305,2017,17.3646
08/23/2024 09:00:00,1674.0,1305,2017,10.5838
08/23/2024 11:00:00,1674.0,1305,2017,19.681
08/23/2024 13:00:00,1674.0,1305,2017,18.4596
08/23/2024 15:00:00,1674.0,1305,2017,36.7847
08/23/2024 17:00:00,1674.0,1305,2017,17.1548
08/23/2024 19:00:00,1674.0,1305,2017,14.6054
08/23/2024 21:00:00,1674.0,1305,2017,22.4607
08/23/2024 23:00:00,1674.0,1305,2017,15.3787
08/22/2024 01:00:00,2207.0,1474,2156,15.1078
08/22/2024 03:00:00,2207.0,1474,2156,11.6343
08/22/2024 05:00:00,2207.0,1474,2156,19.9534
08/22/2024 07:00:00,2207.0,1474,2156,21.0598
08/22/2024 09:00:00,2207.0,1474,2156,10.474
08/22/2024 11:00:00,2207.0,1474,2156,18.2061
08/22/2024 13:00:00,2207.0,1474,2156,19.1641
08/22/2024 15:00:00,2207.0,1474,2156,37.0863
08/22/2024 17:00:00,2207.0,1474,2156,38.297
08/22/2024 19:00:00,2207.0,1474,2156,36.997
08/22/2024 21:00:00,2207.0,1474,2156,21.8019
08/22/2024 23:00:00,2207.0,1474,2156,16.5392
08/21/2024 01:00:00,2982.0,1800,2599,12.7307
08/21/2024 03:00:00,2982.0,1800,2599,12.3773
08/21/2024 07:00:00,2982.0,1800,2599,17.0137
08/21/2024 09:00:00,2982.0,1800,2599,18.3903
08/21/2024 11:00:00,2982.0,1800,2599,36.7823
08/21/2024 13:00:00,2982.0,1800,2599,34.7252
08/21/2024 15:00:00,2982.0,1800,2599,23.0126
08/21/2024 17:00:00,2982.0,1800,2599,29.9234
08/21/2024 19:00:00,2982.0,1800,2599,17.8321
08/21/2024 21:00:00,2982.0,1800,2599,15.6117
08/21/2024 23:00:00,2982.0,1800,2599,18.7339
08/20/2024 01:00:00,2966.0,2286,3187,11.7435
08/20/2024 03:00:00,2966.0,2286,3187,-40.5023
08/20/2024 05:00:00,2966.0,2286,3187,0.0001
08/20/2024 07:00:00,2966.0,2286,3187,12.1358
08/20/2024 09:00:00,2966.0,2286,3187,11.7816
08/20/2024 11:00:00,2966.0,2286,3187,17.6125
08/20/2024 13:00:00,2966.0,2286,3187,22.342
08/20/2024 15:00:00,2966.0,2286,3187,25.7707
08/20/2024 17:00:00,2966.0,2286,3187,41.3688
08/20/2024 19:00:00,2966.0,2286,3187,21.1627
08/20/2024 21:00:00,2966.0,2286,3187,109.2829
08/20/2024 23:00:00,2966.0,2286,3187,17.3698
08/19/2024 01:00:00,2981.0,2115,3308,18.0546
08/19/2024 03:00:00,2981.0,2115,3308,16.7596
08/19/2024 05:00:00,2981.0,2115,3308,16.741
08/19/2024 07:00:00,2981.0,2115,3308,30.3937
08/19/2024 09:00:00,2981.0,2115,3308,17.0644
08/19/2024 11:00:00,2981.0,2115,3308,18.3217
08/19/2024 13:00:00,2981.0,2115,3308,19.2156
08/19/2024 15:00:00,2981.0,2115,3308,39.7272
08/19/2024 17:00:00,2981.0,2115,3308,36.6807
08/19/2024 19:00:00,2981.0,2115,3308,25.732
08/19/2024 21:00:00,2981.0,2115,3308,15.0017
08/19/2024 23:00:00,2981.0,2115,3308,16.6962
08/18/2024 01:00:00,3004.0,2107,3132,14.722
08/18/2024 03:00:00,3004.0,2107,3132,15.3108
08/18/2024 05:00:00,3004.0,2107,3132,13.9672
08/18/2024 07:00:00,3004.0,2107,3132,17.6608
08/18/2024 09:00:00,3004.0,2107,3132,12.1539
08/18/2024 11:00:00,3004.0,2107,3132,13.8841
08/18/2024 13:00:00,3004.0,2107,3132,18.6423
08/18/2024 15:00:00,3004.0,2107,3132,18.3261
08/18/2024 17:00:00,3004.0,2107,3132,37.3159
08/18/2024 19:00:00,3004.0,2107,3132,21.5638
08/18/2024 21:00:00,3004.0,2107,3132,22.3356
08/18/2024 23:00:00,3004.0,2107,3132,18.5269
08/17/2024 01:00:00,3041.0,1941,2781,12.4931
08/17/2024 03:00:00,3041.0,1941,2781,10.4293
08/17/2024 05:00:00,3041.0,1941,2781,12.0047
08/17/2024 07:00:00,3041.0,1941,2781,18.0286
08/17/2024 09:00:00,3041.0,1941,2781,13.9979
08/17/2024 11:00:00,3041.0,1941,2781,19.7649
08/17/2024 13:00:00,3041.0,1941,2781,36.7079
08/17/2024 15:00:00,3041.0,1941,2781,36.8391
08/17/2024 17:00:00,3041.0,1941,2781,35.1544
08/17/2024 19:00:00,3041.0,1941,2781,21.8752
08/17/2024 21:00:00,3041.0,1941,2781,15.052
08/17/2024 23:00:00,3041.0,1941,2781,76.5407
08/16/2024 01:00:00,3189.0,2027,2826,15.324
08/16/2024 03:00:00,3189.0,2027,2826,0.0001
08/16/2024 05:00:00,3189.0,2027,2826,15.1584
08/16/2024 07:00:00,3189.0,2027,2826,14.9051
08/16/2024 09:00:00,3189.0,2027,2826,14.409
08/16/2024 11:00:00,3189.0,2027,2826,16.0299
08/16/2024 13:00:00,3189.0,2027,2826,18.9098
08/16/2024 15:00:00,3189.0,2027,2826,45.4461
08/16/2024 17:00:00,3189.0,2027,2826,44.8454
08/16/2024 19:00:00,3189.0,2027,2826,45.8606
08/16/2024 21:00:00,3189.0,2027,2826,17.6801
08/16/2024 23:00:00,3189.0,2027,2826,15.1544
08/15/2024 01:00:00,3013.0,2434,3591,0.0102
08/15/2024 03:00:00,3013.0,2434,3591,11.3756
08/15/2024 05:00:00,3013.0,2434,3591,10.3263
08/15/2024 07:00:00,3013.0,2434,3591,16.4643
08/15/2024 09:00:00,3013.0,2434,3591,11.7084
08/15/2024 11:00:00,3013.0,2434,3591,17.6487
08/15/2024 13:00:00,3013.0,2434,3591,37.0068
08/15/2024 15:00:00,3013.0,2434,3591,33.0503
08/15/2024 17:00:00,3013.0,2434,3591,58.8881
08/15/2024 19:00:00,3013.0,2434,3591,22.4841
08/15/2024 21:00:00,3013.0,2434,3591,33.5728
08/15/2024 23:00:00,3013.0,2434,3591,17.7742
08/14/2024 01:00:00,3100.0,2407,3491,17.2021
08/14/2024 03:00:00,3100.0,2407,3491,17.0049
08/14/2024 05:00:00,3100.0,2407,3491,14.9203
08/14/2024 07:00:00,3100.0,2407,3491,18.354
08/14/2024 09:00:00,3100.0,2407,3491,12.3017
08/14/2024 11:00:00,3100.0,2407,3491,11.0763
08/14/2024 13:00:00,3100.0,2407,3491,10.9811
08/14/2024 15:00:00,3100.0,2407,3491,26.2772
08/14/2024 17:00:00,3100.0,2407,3491,21.9426
08/14/2024 19:00:00,3100.0,2407,3491,20.8302
08/14/2024 21:00:00,3100.0,2407,3491,13.8367
08/14/2024 23:00:00,3100.0,2407,3491,15.4643
08/13/2024 01:00:00,3070.0,2243,3589,16.3154
08/13/2024 03:00:00,3070.0,2243,3589,26.6196
08/13/2024 05:00:00,3070.0,2243,3589,25.7878
08/13/2024 07:00:00,3070.0,2243,3589,36.958
08/13/2024 09:00:00,3070.0,2243,3589,22.6285
08/13/2024 11:00:00,3070.0,2243,3589,25.4756
08/13/2024 13:00:00,3070.0,2243,3589,25.2673
08/13/2024 15:00:00,3070.0,2243,3589,22.0112
08/13/2024 17:00:00,3070.0,2243,3589,25.6951
08/13/2024 19:00:00,3070.0,2243,3589,16.1458
08/13/2024 21:00:00,3070.0,2243,3589,16.7126
08/13/2024 23:00:00,3070.0,2243,3589,118.5917
08/12/2024 01:00:00,2811.0,2085,3192,24.6756
08/12/2024 03:00:00,2811.0,2085,3192,17.5075
08/12/2024 05:00:00,2811.0,2085,3192,16.9951
08/12/2024 07:00:00,2811.0,2085,3192,36.9142
08/12/2024 09:00:00,2811.0,2085,3192,18.3018
08/12/2024 11:00:00,2811.0,2085,3192,18.2144
08/12/2024 13:00:00,2811.0,2085,3192,18.425
08/12/2024 15:00:00,2811.0,2085,3192,36.6544
08/12/2024 17:00:00,2811.0,2085,3192,26.1461
08/12/2024 19:00:00,2811.0,2085,3192,16.3388
08/12/2024 21:00:00,2811.0,2085,3192,16.8258
08/12/2024 23:00:00,2811.0,2085,3192,19.0934
08/11/2024 01:00:00,2536.0,2323,3087,11.7098
08/11/2024 03:00:00,2536.0,2323,3087,14.087
08/11/2024 05:00:00,2536.0,2323,3087,11.505
08/11/2024 07:00:00,2536.0,2323,3087,15.6817
08/11/2024 09:00:00,2536.0,2323,3087,10.5045
08/11/2024 11:00:00,2536.0,2323,3087,0.0072
08/11/2024 13:00:00,2536.0,2323,3087,13.8167
08/11/2024 15:00:00,2536.0,2323,3087,11.8658
08/11/2024 17:00:00,2536.0,2323,3087,17.9189
08/11/2024 19:00:00,2536.0,2323,3087,15.5237
08/11/2024 21:00:00,2536.0,2323,3087,18.3949
08/11/2024 23:00:00,2536.0,2323,3087,16.8642
08/10/2024 01:00:00,2626.0,2563,3245,15.6954
08/10/2024 03:00:00,2626.0,2563,3245,14.2929
08/10/2024 05:00:00,2626.0,2563,3245,19.1552
08/10/2024 07:00:00,2626.0,2563,3245,20.8362
08/10/2024 09:00:00,2626.0,2563,3245,18.2749
08/10/2024 11:00:00,2626.0,2563,3245,17.686
08/10/2024 13:00:00,2626.0,2563,3245,12.1363
08/10/2024 15:00:00,2626.0,2563,3245,36.463
08/10/2024 17:00:00,2626.0,2563,3245,36.7557
08/10/2024 19:00:00,2626.0,2563,3245,43.5377
08/10/2024 21:00:00,2626.0,2563,3245,17.6191
08/10/2024 23:00:00,2626.0,2563,3245,16.4938
08/09/2024 01:00:00,3124.0,2587,3521,12.0418
08/09/2024 03:00:00,3124.0,2587,3521,12.1792
08/09/2024 05:00:00,3124.0,2587,3521,12.1183
08/09/2024 07:00:00,3124.0,2587,3521,14.4833
08/09/2024 09:00:00,3124.0,2587,3521,12.0839
08/09/2024 11:00:00,3124.0,2587,3521,11.6641
08/09/2024 13:00:00,3124.0,2587,3521,11.5161
08/09/2024 15:00:00,3124.0,2587,3521,15.1393
08/09/2024 17:00:00,3124.0,2587,3521,20.8346
08/09/2024 19:00:00,3124.0,2587,3521,15.1
08/09/2024 21:00:00,3124.0,2587,3521,27.0154
08/09/2024 23:00:00,3124.0,2587,3521,15.88
08/08/2024 01:00:00,3100.0,2572,3815,17.603
08/08/2024 03:00:00,3100.0,2572,3815,15.292
08/08/2024 05:00:00,3100.0,2572,3815,12.1403
08/08/2024 07:00:00,3100.0,2572,3815,16.9548
08/08/2024 09:00:00,3100.0,2572,3815,16.4311
08/08/2024 11:00:00,3100.0,2572,3815,22.1563
08/08/2024 13:00:00,3100.0,2572,3815,18.6015
08/08/2024 15:00:00,3100.0,2572,3815,19.0098
08/08/2024 17:00:00,3100.0,2572,3815,20.4015
08/08/2024 19:00:00,3100.0,2572,3815,21.3626
08/08/2024 21:00:00,3100.0,2572,3815,16.7177
08/08/2024 23:00:00,3100.0,2572,3815,28.3012
08/07/2024 01:00:00,3028.0,2568,3812,11.501
08/07/2024 03:00:00,3028.0,2568,3812,16.8755
08/07/2024 05:00:00,3028.0,2568,3812,14.5002
08/07/2024 07:00:00,3028.0,2568,3812,32.5369
08/07/2024 09:00:00,3028.0,2568,3812,15.2596
08/07/2024 11:00:00,3028.0,2568,3812,20.912
08/07/2024 13:00:00,3028.0,2568,3812,29.6739
08/07/2024 15:00:00,3028.0,2568,3812,38.692
08/07/2024 17:00:00,3028.0,2568,3812,17.6006
08/07/2024 19:00:00,3028.0,2568,3812,10.1231
08/07/2024 21:00:00,3028.0,2568,3812,18.0279
08/07/2024 23:00:00,3028.0,2568,3812,50.5401
08/06/2024 01:00:00,3056.0,2509,4183,16.0198
08/06/2024 03:00:00,3056.0,2509,4183,23.4745
08/06/2024 05:00:00,3056.0,2509,4183,15.0919
08/06/2024 07:00:00,3056.0,2509,4183,21.2392
08/06/2024 09:00:00,3056.0,2509,4183,26.3052
08/06/2024 11:00:00,3056.0,2509,4183,38.3571
08/06/2024 13:00:00,3056.0,2509,4183,33.8763
08/06/2024 15:00:00,3056.0,2509,4183,30.1231
08/06/2024 17:00:00,3056.0,2509,4183,39.934
08/06/2024 19:00:00,3056.0,2509,4183,11.0165
08/06/2024 21:00:00,3056.0,2509,4183,102.2278
08/06/2024 23:00:00,3056.0,2509,4183,11.2115
08/05/2024 01:00:00,3079.0,2119,3982,15.3716
08/05/2024 03:00:00,3079.0,2119,3982,15.0451
08/05/2024 05:00:00,3079.0,2119,3982,14.7761
08/05/2024 07:00:00,3079.0,2119,3982,15.4112
08/05/2024 11:00:00,3079.0,2119,3982,16.5593
08/05/2024 13:00:00,3079.0,2119,3982,37.2012
08/05/2024 15:00:00,3079.0,2119,3982,34.859
08/05/2024 17:00:00,3079.0,2119,3982,22.0455
08/05/2024 19:00:00,3079.0,2119,3982,27.0674
08/05/2024 21:00:00,3079.0,2119,3982,16.5512
08/05/2024 23:00:00,3079.0,2119,3982,12.9456
08/04/2024 01:00:00,3112.0,2403,3743,15.1427
08/04/2024 03:00:00,3112.0,2403,3743,14.2743
08/04/2024 05:00:00,3112.0,2403,3743,14.5567
08/04/2024 07:00:00,3112.0,2403,3743,15.265
08/04/2024 09:00:00,3112.0,2403,3743,12.1904
08/04/2024 11:00:00,3112.0,2403,3743,11.6812
08/04/2024 13:00:00,3112.0,2403,3743,23.4882
08/04/2024 15:00:00,3112.0,2403,3743,39.7582
08/04/2024 17:00:00,3112.0,2403,3743,64.9988
08/04/2024 19:00:00,3112.0,2403,3743,22.0054
08/04/2024 21:00:00,3112.0,2403,3743,35.1874
08/04/2024 23:00:00,3112.0,2403,3743,19.53
08/03/2024 01:00:00,3045.0,2509,3835,14.4765
08/03/2024 03:00:00,3045.0,2509,3835,18.5185
08/03/2024 05:00:00,3045.0,2509,3835,17.0813
08/03/2024 07:00:00,3045.0,2509,3835,16.2596
08/03/2024 09:00:00,3045.0,2509,3835,13.2002
08/03/2024 11:00:00,3045.0,2509,3835,18.3528
08/03/2024 13:00:00,3045.0,2509,3835,37.3107
08/03/2024 15:00:00,3045.0,2509,3835,31.8051
08/03/2024 17:00:00,3045.0,2509,3835,25.5743
08/03/2024 19:00:00,3045.0,2509,3835,35.2447
08/03/2024 21:00:00,3045.0,2509,3835,17.2552
08/03/2024 23:00:00,3045.0,2509,3835,15.5198
08/02/2024 01:00:00,2649.0,2649,3964,12.8664
08/02/2024 03:00:00,2649.0,2649,3964,12.7631
08/02/2024 05:00:00,2649.0,2649,3964,14.1986
08/02/2024 07:00:00,2649.0,2649,3964,14.8636
08/02/2024 09:00:00,2649.0,2649,3964,19.7452
08/02/2024 11:00:00,2649.0,2649,3964,16.156
08/02/2024 13:00:00,2649.0,2649,3964,19.4372
08/02/2024 15:00:00,2649.0,2649,3964,33.9687
08/02/2024 17:00:00,2649.0,2649,3964,34.7383
08/02/2024 19:00:00,2649.0,2649,3964,11.9012
08/02/2024 21:00:00,2649.0,2649,3964,15.0667
08/02/2024 23:00:00,2649.0,2649,3964,22.8377
08/01/2024 01:00:00,2078.0,3046,3571,17.9146
08/01/2024 03:00:00,2078.0,3046,3571,16.7432
08/01/2024 05:00:00,2078.0,3046,3571,18.2699
08/01/2024 07:00:00,2078.0,3046,3571,23.5769
08/01/2024 09:00:00,2078.0,3046,3571,17.5604
08/01/2024 11:00:00,2078.0,3046,3571,15.0702
08/01/2024 13:00:00,2078.0,3046,3571,37.988
08/01/2024 15:00:00,2078.0,3046,3571,25.0467
08/01/2024 17:00:00,2078.0,3046,3571,38.37
08/01/2024 19:00:00,2078.0,3046,3571,9.9101
08/01/2024 21:00:00,2078.0,3046,3571,16.4332
08/01/2024 23:00:00,2078.0,3046,3571,11.6574
07/31/2024 01:00:00,3104.0,3259,4033,18.8307
07/31/2024 03:00:00,3104.0,3259,4033,11.8143
07/31/2024 05:00:00,3104.0,3259,4033,11.5352
07/31/2024 07:00:00,3104.0,3259,4033,12.1168
07/31/2024 09:00:00,3104.0,3259,4033,9.6975
07/31/2024 11:00:00,3104.0,3259,4033,0.0129
07/31/2024 13:00:00,3104.0,3259,4033,11.8293
07/31/2024 15:00:00,3104.0,3259,4033,36.5396
07/31/2024 17:00:00,3104.0,3259,4033,37.7229
07/31/2024 19:00:00,3104.0,3259,4033,25.6851
07/31/2024 21:00:00,3104.0,3259,4033,30.4562
07/31/2024 23:00:00,3104.0,3259,4033,14.9957
07/30/2024 01:00:00,3089.0,2648,3756,11.3433
07/30/2024 03:00:00,3089.0,2648,3756,11.7144
07/30/2024 05:00:00,3089.0,2648,3756,10.8546
07/30/2024 07:00:00,3089.0,2648,3756,11.5641
07/30/2024 09:00:00,3089.0,2648,3756,0.0127
07/30/2024 11:00:00,3089.0,2648,3756,10.9599
07/30/2024 13:00:00,3089.0,2648,3756,37.2877
07/30/2024 15:00:00,3089.0,2648,3756,28.0496
07/30/2024 17:00:00,3089.0,2648,3756,37.1382
07/30/2024 19:00:00,3089.0,2648,3756,15.6332
07/30/2024 21:00:00,3089.0,2648,3756,15.0004
07/30/2024 23:00:00,3089.0,2648,3756,10.9356
07/29/2024 01:00:00,3122.0,2369,3369,15.7964
07/29/2024 03:00:00,3122.0,2369,3369,17.5424
07/29/2024 05:00:00,3122.0,2369,3369,15.6733
07/29/2024 07:00:00,3122.0,2369,3369,17.3485
07/29/2024 09:00:00,3122.0,2369,3369,14.631
07/29/2024 11:00:00,3122.0,2369,3369,15.0408
07/29/2024 13:00:00,3122.0,2369,3369,41.9669
07/29/2024 15:00:00,3122.0,2369,3369,37.5817
07/29/2024 17:00:00,3122.0,2369,3369,14.6391
07/29/2024 19:00:00,3122.0,2369,3369,13.453
07/29/2024 21:00:00,3122.0,2369,3369,10.051
07/29/2024 23:00:00,3122.0,2369,3369,12.287
07/28/2024 01:00:00,3072.0,2248,3011,10.6328
07/28/2024 03:00:00,3072.0,2248,3011,12.4698
07/28/2024 05:00:00,3072.0,2248,3011,11.4347
07/28/2024 07:00:00,3072.0,2248,3011,21.2566
07/28/2024 09:00:00,3072.0,2248,3011,0.597
07/28/2024 11:00:00,3072.0,2248,3011,0.0001
07/28/2024 13:00:00,3072.0,2248,3011,16.087
07/28/2024 15:00:00,3072.0,2248,3011,18.4383
07/28/2024 17:00:00,3072.0,2248,3011,35.6264
07/28/2024 19:00:00,3072.0,2248,3011,34.5204
07/28/2024 23:00:00,3072.0,2248,3011,12.8387
07/27/2024 01:00:00,2900.0,2046,2630,16.485
07/27/2024 03:00:00,2900.0,2046,2630,23.7587
07/27/2024 05:00:00,2900.0,2046,2630,18.2489
07/27/2024 07:00:00,2900.0,2046,2630,16.7237
07/27/2024 09:00:00,2900.0,2046,2630,15.9861
07/27/2024 11:00:00,2900.0,2046,2630,16.4636
07/27/2024 13:00:00,2900.0,2046,2630,37.9046
07/27/2024 15:00:00,2900.0,2046,2630,41.1653
07/27/2024 17:00:00,2900.0,2046,2630,41.5022
07/27/2024 19:00:00,2900.0,2046,2630,17.6948
07/27/2024 21:00:00,2900.0,2046,2630,15.628
07/27/2024 23:00:00,2900.0,2046,2630,12.9242
07/26/2024 01:00:00,3233.0,2088,2309,15.826
07/26/2024 03:00:00,3233.0,2088,2309,15.8908
07/26/2024 05:00:00,3233.0,2088,2309,15.738
07/26/2024 07:00:00,3233.0,2088,2309,16.9911
07/26/2024 09:00:00,3233.0,2088,2309,16.2738
07/26/2024 11:00:00,3233.0,2088,2309,39.1724
07/26/2024 13:00:00,3233.0,2088,2309,16.3947
07/26/2024 15:00:00,3233.0,2088,2309,27.2188
07/26/2024 17:00:00,3233.0,2088,2309,48.7064
07/26/2024 19:00:00,3233.0,2088,2309,24.8586
07/26/2024 21:00:00,3233.0,2088,2309,41.1649
07/26/2024 23:00:00,3233.0,2088,2309,16.9295
07/25/2024 01:00:00,3274.0,2777,3970,13.4696
07/25/2024 03:00:00,3274.0,2777,3970,12.7389
07/25/2024 05:00:00,3274.0,2777,3970,13.2991
07/25/2024 07:00:00,3274.0,2777,3970,22.5719
07/25/2024 09:00:00,3274.0,2777,3970,18.3723
07/25/2024 11:00:00,3274.0,2777,3970,14.8022
07/25/2024 13:00:00,3274.0,2777,3970,22.9802
07/25/2024 15:00:00,3274.0,2777,3970,36.6302
07/25/2024 17:00:00,3274.0,2777,3970,18.2781
07/25/2024 21:00:00,3274.0,2777,3970,13.033
07/25/2024 23:00:00,3274.0,2777,3970,12.9597
07/24/2024 01:00:00,3010.0,3107,4195,14.4334
07/24/2024 03:00:00,3010.0,3107,4195,12.8914
07/24/2024 05:00:00,3010.0,3107,4195,14.7917
07/24/2024 07:00:00,3010.0,3107,4195,21.3315
07/24/2024 09:00:00,3010.0,3107,4195,17.9948
07/24/2024 11:00:00,3010.0,3107,4195,17.8804
07/24/2024 13:00:00,3010.0,3107,4195,41.5053
07/24/2024 15:00:00,3010.0,3107,4195,41.4864
07/24/2024 17:00:00,3010.0,3107,4195,19.7925
07/24/2024 19:00:00,3010.0,3107,4195,18.3435
07/24/2024 21:00:00,3010.0,3107,4195,18.1375
07/24/2024 23:00:00,3010.0,3107,4195,13.2293
07/23/2024 01:00:00,2926.0,3314,4478,15.9076
07/23/2024 03:00:00,2926.0,3314,4478,16.4859
07/23/2024 05:00:00,2926.0,3314,4478,18.5908
07/23/2024 07:00:00,2926.0,3314,4478,32.4771
07/23/2024 09:00:00,2926.0,3314,4478,17.1763
07/23/2024 11:00:00,2926.0,3314,4478,18.2433
07/23/2024 13:00:00,2926.0,3314,4478,36.9391
07/23/2024 15:00:00,2926.0,3314,4478,37.2135
07/23/2024 17:00:00,2926.0,3314,4478,44.2763
07/23/2024 19:00:00,2926.0,3314,4478,43.9984
07/23/2024 21:00:00,2926.0,3314,4478,20.1164
07/23/2024 23:00:00,2926.0,3314,4478,12.5905
07/22/2024 01:00:00,2966.0,3346,4665,17.6206
07/22/2024 03:00:00,2966.0,3346,4665,15.4659
07/22/2024 05:00:00,2966.0,3346,4665,17.6458
07/22/2024 07:00:00,2966.0,3346,4665,15.739
07/22/2024 09:00:00,2966.0,3346,4665,14.3789
07/22/2024 11:00:00,2966.0,3346,4665,14.0441
07/22/2024 13:00:00,2966.0,3346,4665,22.0778
07/22/2024 15:00:00,2966.0,3346,4665,21.9781
07/22/2024 17:00:00,2966.0,3346,4665,37.8396
07/22/2024 19:00:00,2966.0,3346,4665,15.3423
07/22/2024 21:00:00,2966.0,3346,4665,21.6407
07/22/2024 23:00:00,2966.0,3346,4665,18.3037
07/21/2024 01:00:00,3048.0,3141,4493,17.4958
07/21/2024 03:00:00,3048.0,3141,4493,18.5507
07/21/2024 05:00:00,3048.0,3141,4493,12.2249
07/21/2024 07:00:00,3048.0,3141,4493,19.9765
07/21/2024 09:00:00,3048.0,3141,4493,26.7732
07/21/2024 11:00:00,3048.0,3141,4493,21.9038
07/21/2024 13:00:00,3048.0,3141,4493,38.316
07/21/2024 15:00:00,3048.0,3141,4493,21.0973
07/21/2024 17:00:00,3048.0,3141,4493,18.2803
07/21/2024 19:00:00,3048.0,3141,4493,39.1352
07/21/2024 21:00:00,3048.0,3141,4493,30.6228
07/21/2024 23:00:00,3048.0,3141,4493,17.478
07/20/2024 01:00:00,3208.0,2674,3543,10.2077
07/20/2024 03:00:00,3208.0,2674,3543,16.8309
07/20/2024 05:00:00,3208.0,2674,3543,10.4179
07/20/2024 07:00:00,3208.0,2674,3543,16.8379
07/20/2024 09:00:00,3208.0,2674,3543,11.6397
07/20/2024 11:00:00,3208.0,2674,3543,11.172
07/20/2024 13:00:00,3208.0,2674,3543,15.1283
07/20/2024 15:00:00,3208.0,2674,3543,38.5019
07/20/2024 17:00:00,3208.0,2674,3543,28.937
07/20/2024 19:00:00,3208.0,2674,3543,23.1462
07/20/2024 21:00:00,3208.0,2674,3543,38.8012
07/20/2024 23:00:00,3208.0,2674,3543,22.0427
07/19/2024 01:00:00,3060.0,2972,4197,11.4788
07/19/2024 03:00:00,3060.0,2972,4197,14.4386
07/19/2024 05:00:00,3060.0,2972,4197,15.7156
07/19/2024 07:00:00,3060.0,2972,4197,20.6137
07/19/2024 09:00:00,3060.0,2972,4197,17.0094
07/19/2024 11:00:00,3060.0,2972,4197,21.9088
07/19/2024 13:00:00,3060.0,2972,4197,27.0972
07/19/2024 15:00:00,3060.0,2972,4197,37.2989
07/19/2024 17:00:00,3060.0,2972,4197,38.9207
07/19/2024 19:00:00,3060.0,2972,4197,16.0986
07/19/2024 21:00:00,3060.0,2972,4197,23.4995
07/19/2024 23:00:00,3060.0,2972,4197,22.1685
07/18/2024 01:00:00,3193.0,3162,4380,12.659
07/18/2024 03:00:00,3193.0,3162,4380,12.8407
07/18/2024 05:00:00,3193.0,3162,4380,12.1236
07/18/2024 07:00:00,3193.0,3162,4380,14.6973
07/18/2024 09:00:00,3193.0,3162,4380,15.2472
07/18/2024 11:00:00,3193.0,3162,4380,15.556
07/18/2024 13:00:00,3193.0,3162,4380,20.6838
07/18/2024 15:00:00,3193.0,3162,4380,36.8792
07/18/2024 17:00:00,3193.0,3162,4380,46.2918
07/18/2024 19:00:00,3193.0,3162,4380,18.7087
07/18/2024 21:00:00,3193.0,3162,4380,16.7821
07/18/2024 23:00:00,3193.0,3162,4380,13.9919
07/17/2024 01:00:00,3205.0,2886,3996,18.7131
07/17/2024 03:00:00,3205.0,2886,3996,19.089
07/17/2024 05:00:00,3205.0,2886,3996,19.5517
07/17/2024 07:00:00,3205.0,2886,3996,18.3478
07/17/2024 09:00:00,3205.0,2886,3996,16.5886
07/17/2024 11:00:00,3205.0,2886,3996,17.2712
07/17/2024 13:00:00,3205.0,2886,3996,19.7426
07/17/2024 15:00:00,3205.0,2886,3996,23.086
07/17/2024 17:00:00,3205.0,2886,3996,35.9543
07/17/2024 19:00:00,3205.0,2886,3996,12.1444
07/17/2024 21:00:00,3205.0,2886,3996,17.4369
07/17/2024 23:00:00,3205.0,2886,3996,12.3723
07/16/2024 01:00:00,3334.0,2573,3157,22.3714
07/16/2024 03:00:00,3334.0,2573,3157,17.8697
07/16/2024 05:00:00,3334.0,2573,3157,17.811
07/16/2024 07:00:00,3334.0,2573,3157,19.9173
07/16/2024 09:00:00,3334.0,2573,3157,17.5097
07/16/2024 11:00:00,3334.0,2573,3157,18.1285
07/16/2024 13:00:00,3334.0,2573,3157,37.0853
07/16/2024 15:00:00,3334.0,2573,3157,26.1725
07/16/2024 17:00:00,3334.0,2573,3157,24.1229
07/16/2024 19:00:00,3334.0,2573,3157,16.5699
07/16/2024 21:00:00,3334.0,2573,3157,38.5588
07/16/2024 23:00:00,3334.0,2573,3157,16.5734
07/15/2024 01:00:00,3301.0,2463,3133,10.5744
07/15/2024 03:00:00,3301.0,2463,3133,11.4096
07/15/2024 05:00:00,3301.0,2463,3133,-38.3925
07/15/2024 09:00:00,3301.0,2463,3133,11.2932
07/15/2024 11:00:00,3301.0,2463,3133,9.7751
07/15/2024 13:00:00,3301.0,2463,3133,158.3915
07/15/2024 15:00:00,3301.0,2463,3133,37.9226
07/15/2024 17:00:00,3301.0,2463,3133,36.1152
07/15/2024 19:00:00,3301.0,2463,3133,12.3786
07/15/2024 21:00:00,3301.0,2463,3133,17.001
07/15/2024 23:00:00,3301.0,2463,3133,21.7674
07/14/2024 01:00:00,3132.0,2592,3438,19.3029
07/14/2024 03:00:00,3132.0,2592,3438,19.3617
07/14/2024 05:00:00,3132.0,2592,3438,11.9928
07/14/2024 07:00:00,3132.0,2592,3438,13.0022
07/14/2024 11:00:00,3132.0,2592,3438,0.0001
07/14/2024 13:00:00,3132.0,2592,3438,41.7637
07/14/2024 15:00:00,3132.0,2592,3438,42.235
07/14/2024 17:00:00,3132.0,2592,3438,37.9099
07/14/2024 19:00:00,3132.0,2592,3438,15.0879
07/14/2024 21:00:00,3132.0,2592,3438,41.5525
07/14/2024 23:00:00,3132.0,2592,3438,10.9199
07/13/2024 01:00:00,2248.0,2746,3433,14.8616
07/13/2024 03:00:00,2248.0,2746,3433,16.569
07/13/2024 07:00:00,2248.0,2746,3433,11.415
07/13/2024 09:00:00,2248.0,2746,3433,11.3992
07/13/2024 11:00:00,2248.0,2746,3433,15.5135
07/13/2024 13:00:00,2248.0,2746,3433,15.7608
07/13/2024 15:00:00,2248.0,2746,3433,40.8002
07/13/2024 17:00:00,2248.0,2746,3433,39.2017
07/13/2024 19:00:00,2248.0,2746,3433,40.1793
07/13/2024 21:00:00,2248.0,2746,3433,73.9552
07/13/2024 23:00:00,2248.0,2746,3433,32.9744
07/12/2024 01:00:00,2426.0,2708,3719,13.6174
07/12/2024 03:00:00,2426.0,2708,3719,12.1155
07/12/2024 05:00:00,2426.0,2708,3719,-41.7917
07/12/2024 09:00:00,2426.0,2708,3719,12.1184
07/12/2024 11:00:00,2426.0,2708,3719,20.8666
07/12/2024 13:00:00,2426.0,2708,3719,19.7373
07/12/2024 15:00:00,2426.0,2708,3719,38.8348
07/12/2024 17:00:00,2426.0,2708,3719,38.9736
07/12/2024 19:00:00,2426.0,2708,3719,34.3498
07/12/2024 21:00:00,2426.0,2708,3719,39.7786
07/12/2024 23:00:00,2426.0,2708,3719,15.2566
07/11/2024 01:00:00,3009.0,3126,4666,13.7862
07/11/2024 03:00:00,3009.0,3126,4666,13.3941
07/11/2024 05:00:00,3009.0,3126,4666,0.0001
07/11/2024 07:00:00,3009.0,3126,4666,13.4288
07/11/2024 09:00:00,3009.0,3126,4666,15.1108
07/11/2024 11:00:00,3009.0,3126,4666,12.8595
07/11/2024 13:00:00,3009.0,3126,4666,37.7568
07/11/2024 15:00:00,3009.0,3126,4666,41.004
07/11/2024 17:00:00,3009.0,3126,4666,41.5015
07/11/2024 19:00:00,3009.0,3126,4666,11.0418
07/11/2024 21:00:00,3009.0,3126,4666,22.7722
07/11/2024 23:00:00,3009.0,3126,4666,11.4404
07/10/2024 01:00:00,3068.0,3361,4716,11.5968
07/10/2024 03:00:00,3068.0,3361,4716,19.0247
07/10/2024 05:00:00,3068.0,3361,4716,27.4482
07/10/2024 07:00:00,3068.0,3361,4716,28.2863
07/10/2024 09:00:00,3068.0,3361,4716,18.1614
07/10/2024 11:00:00,3068.0,3361,4716,16.0339
07/10/2024 13:00:00,3068.0,3361,4716,37.6259
07/10/2024 15:00:00,3068.0,3361,4716,43.7297
07/10/2024 17:00:00,3068.0,3361,4716,43.2862
07/10/2024 19:00:00,3068.0,3361,4716,12.2227
07/10/2024 21:00:00,3068.0,3361,4716,24.6807
07/10/2024 23:00:00,3068.0,3361,4716,13.4786
07/09/2024 01:00:00,3181.0,3018,4382,10.3743
07/09/2024 03:00:00,3181.0,3018,4382,10.4622
07/09/2024 05:00:00,3181.0,3018,4382,10.6388
07/09/2024 07:00:00,3181.0,3018,4382,19.4364
07/09/2024 09:00:00,3181.0,3018,4382,16.4721
07/09/2024 11:00:00,3181.0,3018,4382,35.7625
07/09/2024 13:00:00,3181.0,3018,4382,36.4803
07/09/2024 15:00:00,3181.0,3018,4382,33.4164
07/09/2024 17:00:00,3181.0,3018,4382,43.1699
07/09/2024 19:00:00,3181.0,3018,4382,43.2567
07/09/2024 21:00:00,3181.0,3018,4382,45.0111
07/09/2024 23:00:00,3181.0,3018,4382,23.841
07/08/2024 01:00:00,3285.0,2987,3880,16.4932
07/08/2024 03:00:00,3285.0,2987,3880,16.6314
07/08/2024 05:00:00,3285.0,2987,3880,16.6693
07/08/2024 07:00:00,3285.0,2987,3880,31.0714
07/08/2024 09:00:00,3285.0,2987,3880,14.3169
07/08/2024 11:00:00,3285.0,2987,3880,20.3541
07/08/2024 13:00:00,3285.0,2987,3880,18.8775
07/08/2024 15:00:00,3285.0,2987,3880,44.7524
07/08/2024 17:00:00,3285.0,2987,3880,45.0254
07/08/2024 19:00:00,3285.0,2987,3880,42.4939
07/08/2024 21:00:00,3285.0,2987,3880,36.0073
07/08/2024 23:00:00,3285.0,2987,3880,89.6745
07/07/2024 01:00:00,3214.0,2766,4308,10.4097
07/07/2024 03:00:00,3214.0,2766,4308,9.5637
07/07/2024 05:00:00,3214.0,2766,4308,13.434
07/07/2024 07:00:00,3214.0,2766,4308,15.8908
07/07/2024 09:00:00,3214.0,2766,4308,13.7378
07/07/2024 11:00:00,3214.0,2766,4308,14.5874
07/07/2024 13:00:00,3214.0,2766,4308,17.0222
07/07/2024 15:00:00,3214.0,2766,4308,37.2129
07/07/2024 17:00:00,3214.0,2766,4308,35.3779
07/07/2024 19:00:00,3214.0,2766,4308,16.0265
07/07/2024 21:00:00,3214.0,2766,4308,38.5787
07/07/2024 23:00:00,3214.0,2766,4308,17.8106
07/06/2024 03:00:00,3201.0,2708,4330,0.0001
07/06/2024 05:00:00,3201.0,2708,4330,-28.2573
07/06/2024 07:00:00,3201.0,2708,4330,0.0001
07/06/2024 09:00:00,3201.0,2708,4330,-0.0001
07/06/2024 13:00:00,3201.0,2708,4330,15.6302
07/06/2024 15:00:00,3201.0,2708,4330,20.5237
07/06/2024 17:00:00,3201.0,2708,4330,14.9811
07/06/2024 19:00:00,3201.0,2708,4330,22.5989
07/06/2024 21:00:00,3201.0,2708,4330,19.5246
07/06/2024 23:00:00,3201.0,2708,4330,10.3481
07/05/2024 01:00:00,3120.0,2795,4540,10.085
07/05/2024 03:00:00,3120.0,2795,4540,10.2527
07/05/2024 05:00:00,3120.0,2795,4540,18.1176
07/05/2024 07:00:00,3120.0,2795,4540,20.6793
07/05/2024 09:00:00,3120.0,2795,4540,12.1459
07/05/2024 11:00:00,3120.0,2795,4540,10.1064
07/05/2024 13:00:00,3120.0,2795,4540,10.495
07/05/2024 15:00:00,3120.0,2795,4540,17.4468
07/05/2024 17:00:00,3120.0,2795,4540,32.6185
07/05/2024 19:00:00,3120.0,2795,4540,49.4798
07/05/2024 21:00:00,3120.0,2795,4540,54.0007
07/05/2024 23:00:00,3120.0,2795,4540,15.0513
07/04/2024 01:00:00,3183.0,2558,4494,-30.0584
07/04/2024 05:00:00,3183.0,2558,4494,-27.872
07/04/2024 07:00:00,3183.0,2558,4494,9.4149
07/04/2024 09:00:00,3183.0,2558,4494,-2.2478
07/04/2024 13:00:00,3183.0,2558,4494,9.6482
07/04/2024 15:00:00,3183.0,2558,4494,15.0318
07/04/2024 17:00:00,3183.0,2558,4494,37.2184
07/04/2024 19:00:00,3183.0,2558,4494,38.7848
07/04/2024 21:00:00,3183.0,2558,4494,37.5801
07/04/2024 23:00:00,3183.0,2558,4494,14.5753
07/03/2024 01:00:00,3241.0,2493,4324,16.7897
07/03/2024 03:00:00,3241.0,2493,4324,11.436
07/03/2024 05:00:00,3241.0,2493,4324,11.6728
07/03/2024 07:00:00,3241.0,2493,4324,11.7151
07/03/2024 09:00:00,3241.0,2493,4324,11.8986
07/03/2024 11:00:00,3241.0,2493,4324,0.0163
07/03/2024 13:00:00,3241.0,2493,4324,10.4704
07/03/2024 15:00:00,3241.0,2493,4324,13.2782
07/03/2024 17:00:00,3241.0,2493,4324,17.9983
07/03/2024 19:00:00,3241.0,2493,4324,18.6758
07/03/2024 21:00:00,3241.0,2493,4324,185.2965
07/03/2024 23:00:00,3241.0,2493,4324,96.0918
07/02/2024 01:00:00,3310.0,2801,4458,12.2761
07/02/2024 03:00:00,3310.0,2801,4458,13.0557
07/02/2024 05:00:00,3310.0,2801,4458,-38.0257
07/02/2024 07:00:00,3310.0,2801,4458,18.136
07/02/2024 11:00:00,3310.0,2801,4458,0.0081
07/02/2024 13:00:00,3310.0,2801,4458,-0.9991
07/02/2024 15:00:00,3310.0,2801,4458,20.7128
07/02/2024 17:00:00,3310.0,2801,4458,21.1525
07/02/2024 19:00:00,3310.0,2801,4458,37.7234
07/02/2024 21:00:00,3310.0,2801,4458,57.106
07/02/2024 23:00:00,3310.0,2801,4458,17.4292
07/01/2024 01:00:00,3284.0,3008,4362,11.7978
07/01/2024 03:00:00,3284.0,3008,4362,12.9552
07/01/2024 05:00:00,3284.0,3008,4362,14.2242
07/01/2024 07:00:00,3284.0,3008,4362,12.5874
07/01/2024 09:00:00,3284.0,3008,4362,17.1392
07/01/2024 11:00:00,3284.0,3008,4362,14.4433
07/01/2024 13:00:00,3284.0,3008,4362,22.5084
07/01/2024 15:00:00,3284.0,3008,4362,18.1072
07/01/2024 17:00:00,3284.0,3008,4362,33.3195
07/01/2024 19:00:00,3284.0,3008,4362,20.2965
07/01/2024 21:00:00,3284.0,3008,4362,19.8343
07/01/2024 23:00:00,3284.0,3008,4362,16.1625
06/30/2024 01:00:00,3201.0,2360,4110,-38.0948
06/30/2024 05:00:00,3201.0,2360,4110,-38.3529
06/30/2024 07:00:00,3201.0,2360,4110,-0.0001
06/30/2024 09:00:00,3201.0,2360,4110,-2.1746
06/30/2024 13:00:00,3201.0,2360,4110,-0.0021
06/30/2024 15:00:00,3201.0,2360,4110,10.8887
06/30/2024 17:00:00,3201.0,2360,4110,19.032
06/30/2024 19:00:00,3201.0,2360,4110,37.1951
06/30/2024 21:00:00,3201.0,2360,4110,19.6876
06/30/2024 23:00:00,3201.0,2360,4110,16.8381
06/29/2024 01:00:00,3103.0,2161,3649,24.3832
06/29/2024 03:00:00,3103.0,2161,3649,13.2159
06/29/2024 05:00:00,3103.0,2161,3649,-0.0001
06/29/2024 07:00:00,3103.0,2161,3649,0.0001
06/29/2024 09:00:00,3103.0,2161,3649,-0.0032
06/29/2024 11:00:00,3103.0,2161,3649,11.5253
06/29/2024 13:00:00,3103.0,2161,3649,14.0607
06/29/2024 15:00:00,3103.0,2161,3649,16.6138
06/29/2024 17:00:00,3103.0,2161,3649,18.7202
06/29/2024 19:00:00,3103.0,2161,3649,18.4669
06/29/2024 21:00:00,3103.0,2161,3649,22.9486
06/29/2024 23:00:00,3103.0,2161,3649,12.8008
06/28/2024 01:00:00,3261.0,2195,3537,-1.0826
06/28/2024 03:00:00,3261.0,2195,3537,-0.0001
06/28/2024 05:00:00,3261.0,2195,3537,14.3623
06/28/2024 07:00:00,3261.0,2195,3537,14.4047
06/28/2024 09:00:00,3261.0,2195,3537,13.8431
06/28/2024 11:00:00,3261.0,2195,3537,21.8991
06/28/2024 13:00:00,3261.0,2195,3537,21.404
06/28/2024 15:00:00,3261.0,2195,3537,26.981
06/28/2024 17:00:00,3261.0,2195,3537,26.6527
06/28/2024 19:00:00,3261.0,2195,3537,23.0699
06/28/2024 21:00:00,3261.0,2195,3537,21.4461
06/28/2024 23:00:00,3261.0,2195,3537,17.3349
06/27/2024 01:00:00,3264.0,2204,3554,10.261
06/27/2024 03:00:00,3264.0,2204,3554,0.0146
06/27/2024 05:00:00,3264.0,2204,3554,0.0158
06/27/2024 07:00:00,3264.0,2204,3554,0.015
06/27/2024 09:00:00,3264.0,2204,3554,15.1061
06/27/2024 11:00:00,3264.0,2204,3554,14.0714
06/27/2024 13:00:00,3264.0,2204,3554,18.9939
06/27/2024 15:00:00,3264.0,2204,3554,22.9188
06/27/2024 17:00:00,3264.0,2204,3554,36.8576
06/27/2024 19:00:00,3264.0,2204,3554,35.4988
06/27/2024 21:00:00,3264.0,2204,3554,19.9521
06/27/2024 23:00:00,3264.0,2204,3554,12.1509
06/26/2024 01:00:00,3331.0,2403,3211,25.5426
06/26/2024 03:00:00,3331.0,2403,3211,21.4652
06/26/2024 05:00:00,3331.0,2403,3211,19.6066
06/26/2024 07:00:00,3331.0,2403,3211,18.4613
06/26/2024 09:00:00,3331.0,2403,3211,14.8128
06/26/2024 11:00:00,3331.0,2403,3211,0.0144
06/26/2024 13:00:00,3331.0,2403,3211,14.8905
06/26/2024 15:00:00,3331.0,2403,3211,29.4923
06/26/2024 17:00:00,3331.0,2403,3211,14.919
06/26/2024 19:00:00,3331.0,2403,3211,0.519
06/26/2024 21:00:00,3331.0,2403,3211,13.8736
06/26/2024 23:00:00,3331.0,2403,3211,14.5358
06/25/2024 01:00:00,3017.0,2547,3352,19.4222
06/25/2024 03:00:00,3017.0,2547,3352,13.9563
06/25/2024 05:00:00,3017.0,2547,3352,13.8922
06/25/2024 07:00:00,3017.0,2547,3352,14.4308
06/25/2024 09:00:00,3017.0,2547,3352,11.6083
06/25/2024 11:00:00,3017.0,2547,3352,14.9434
06/25/2024 13:00:00,3017.0,2547,3352,13.9044
06/25/2024 15:00:00,3017.0,2547,3352,18.7962
06/25/2024 17:00:00,3017.0,2547,3352,28.979
06/25/2024 21:00:00,3017.0,2547,3352,34.9951
06/25/2024 23:00:00,3017.0,2547,3352,45.4516
06/24/2024 01:00:00,2749.0,2688,3737,17.8291
06/24/2024 03:00:00,2749.0,2688,3737,14.348
06/24/2024 05:00:00,2749.0,2688,3737,14.2219
06/24/2024 07:00:00,2749.0,2688,3737,14.5599
06/24/2024 09:00:00,2749.0,2688,3737,13.3708
06/24/2024 11:00:00,2749.0,2688,3737,20.5653
06/24/2024 13:00:00,2749.0,2688,3737,39.2005
06/24/2024 15:00:00,2749.0,2688,3737,36.3908
06/24/2024 17:00:00,2749.0,2688,3737,20.6694
06/24/2024 19:00:00,2749.0,2688,3737,23.4936
06/24/2024 21:00:00,2749.0,2688,3737,14.3781
06/24/2024 23:00:00,2749.0,2688,3737,19.2312
06/23/2024 01:00:00,3122.0,2499,3784,14.4983
06/23/2024 03:00:00,3122.0,2499,3784,13.4573
06/23/2024 05:00:00,3122.0,2499,3784,13.7131
06/23/2024 07:00:00,3122.0,2499,3784,13.9369
06/23/2024 09:00:00,3122.0,2499,3784,12.5741
06/23/2024 11:00:00,3122.0,2499,3784,12.8275
06/23/2024 13:00:00,3122.0,2499,3784,21.2664
06/23/2024 15:00:00,3122.0,2499,3784,26.6577
06/23/2024 17:00:00,3122.0,2499,3784,33.2372
06/23/2024 19:00:00,3122.0,2499,3784,23.1292
06/23/2024 21:00:00,3122.0,2499,3784,21.5311
06/23/2024 23:00:00,3122.0,2499,3784,14.3929
06/22/2024 01:00:00,3038.0,2534,3785,10.6172
06/22/2024 03:00:00,3038.0,2534,3785,10.641
06/22/2024 07:00:00,3038.0,2534,3785,10.8537
06/22/2024 09:00:00,3038.0,2534,3785,12.0769
06/22/2024 11:00:00,3038.0,2534,3785,13.6898
06/22/2024 13:00:00,3038.0,2534,3785,23.4056
06/22/2024 15:00:00,3038.0,2534,3785,37.847
06/22/2024 17:00:00,3038.0,2534,3785,38.7937
06/22/2024 19:00:00,3038.0,2534,3785,42.2351
06/22/2024 21:00:00,3038.0,2534,3785,28.3466
06/22/2024 23:00:00,3038.0,2534,3785,19.9776
06/21/2024 01:00:00,3080.0,2359,3780,13.0064
06/21/2024 03:00:00,3080.0,2359,3780,11.8488
06/21/2024 05:00:00,3080.0,2359,3780,11.9949
06/21/2024 07:00:00,3080.0,2359,3780,26.8711
06/21/2024 09:00:00,3080.0,2359,3780,15.5481
06/21/2024 11:00:00,3080.0,2359,3780,12.0717
06/21/2024 13:00:00,3080.0,2359,3780,21.103
06/21/2024 15:00:00,3080.0,2359,3780,37.1082
06/21/2024 17:00:00,3080.0,2359,3780,14.582
06/21/2024 19:00:00,3080.0,2359,3780,40.3053
06/21/2024 21:00:00,3080.0,2359,3780,20.0213
06/21/2024 23:00:00,3080.0,2359,3780,12.4044
06/20/2024 01:00:00,3112.0,2036,3258,0.0001
06/20/2024 03:00:00,3112.0,2036,3258,-1.1255
06/20/2024 05:00:00,3112.0,2036,3258,-0.0001
06/20/2024 07:00:00,3112.0,2036,3258,0.0001
06/20/2024 09:00:00,3112.0,2036,3258,-0.0018
06/20/2024 11:00:00,3112.0,2036,3258,11.5522
06/20/2024 13:00:00,3112.0,2036,3258,9.8537
06/20/2024 15:00:00,3112.0,2036,3258,40.4693
06/20/2024 17:00:00,3112.0,2036,3258,12.6685
06/20/2024 19:00:00,3112.0,2036,3258,9.4677
06/20/2024 21:00:00,3112.0,2036,3258,23.3782
06/20/2024 23:00:00,3112.0,2036,3258,15.8088
06/19/2024 01:00:00,3049.0,1790,2826,13.1423
06/19/2024 03:00:00,3049.0,1790,2826,21.794
06/19/2024 05:00:00,3049.0,1790,2826,10.0716
06/19/2024 07:00:00,3049.0,1790,2826,10.3767
06/19/2024 09:00:00,3049.0,1790,2826,-1.0257
06/19/2024 11:00:00,3049.0,1790,2826,-0.0024
06/19/2024 13:00:00,3049.0,1790,2826,15.0034
06/19/2024 15:00:00,3049.0,1790,2826,9.459
06/19/2024 17:00:00,3049.0,1790,2826,8.4327
06/19/2024 19:00:00,3049.0,1790,2826,10.0287
06/19/2024 21:00:00,3049.0,1790,2826,14.5051
06/19/2024 23:00:00,3049.0,1790,2826,9.4251
06/18/2024 01:00:00,3117.0,1736,2859,10.7808
06/18/2024 03:00:00,3117.0,1736,2859,0.0074
06/18/2024 05:00:00,3117.0,1736,2859,-28.1354
06/18/2024 07:00:00,3117.0,1736,2859,0.0098
06/18/2024 09:00:00,3117.0,1736,2859,0.0001
06/18/2024 11:00:00,3117.0,1736,2859,0.0057
06/18/2024 13:00:00,3117.0,1736,2859,-41.3967
06/18/2024 17:00:00,3117.0,1736,2859,0.0091
06/18/2024 19:00:00,3117.0,1736,2859,9.2778
06/18/2024 21:00:00,3117.0,1736,2859,36.959
06/18/2024 23:00:00,3117.0,1736,2859,11.0881
06/17/2024 01:00:00,3099.0,1607,2728,15.3314
06/17/2024 03:00:00,3099.0,1607,2728,10.1854
06/17/2024 05:00:00,3099.0,1607,2728,8.8123
06/17/2024 07:00:00,3099.0,1607,2728,13.2928
06/17/2024 09:00:00,3099.0,1607,2728,8.8303
06/17/2024 11:00:00,3099.0,1607,2728,20.7736
06/17/2024 13:00:00,3099.0,1607,2728,20.3774
06/17/2024 15:00:00,3099.0,1607,2728,11.0152
06/17/2024 17:00:00,3099.0,1607,2728,9.7962
06/17/2024 19:00:00,3099.0,1607,2728,16.2025
06/17/2024 21:00:00,3099.0,1607,2728,37.8642
06/17/2024 23:00:00,3099.0,1607,2728,17.4624
06/16/2024 01:00:00,3422.0,1129,2356,48.4355
06/16/2024 03:00:00,3422.0,1129,2356,18.1151
06/16/2024 05:00:00,3422.0,1129,2356,10.5546
06/16/2024 07:00:00,3422.0,1129,2356,0.0001
06/16/2024 11:00:00,3422.0,1129,2356,10.3171
06/16/2024 13:00:00,3422.0,1129,2356,12.7559
06/16/2024 15:00:00,3422.0,1129,2356,17.0729
06/16/2024 17:00:00,3422.0,1129,2356,36.568
06/16/2024 19:00:00,3422.0,1129,2356,25.0693
06/16/2024 21:00:00,3422.0,1129,2356,36.9207
06/16/2024 23:00:00,3422.0,1129,2356,17.0894
06/15/2024 01:00:00,3411.0,1501,2577,11.9572
06/15/2024 03:00:00,3411.0,1501,2577,11.8858
06/15/2024 05:00:00,3411.0,1501,2577,14.288
06/15/2024 07:00:00,3411.0,1501,2577,15.206
06/15/2024 09:00:00,3411.0,1501,2577,0.0001
06/15/2024 11:00:00,3411.0,1501,2577,10.6805
06/15/2024 13:00:00,3411.0,1501,2577,20.3011
06/15/2024 15:00:00,3411.0,1501,2577,36.2368
06/15/2024 17:00:00,3411.0,1501,2577,16.537
06/15/2024 19:00:00,3411.0,1501,2577,14.2322
06/15/2024 21:00:00,3411.0,1501,2577,15.7144
06/15/2024 23:00:00,3411.0,1501,2577,16.8108
06/14/2024 01:00:00,3416.0,1544,2439,18.9003
06/14/2024 03:00:00,3416.0,1544,2439,15.669
06/14/2024 05:00:00,3416.0,1544,2439,14.6717
06/14/2024 07:00:00,3416.0,1544,2439,14.421
06/14/2024 09:00:00,3416.0,1544,2439,11.5747
06/14/2024 11:00:00,3416.0,1544,2439,11.5158
06/14/2024 13:00:00,3416.0,1544,2439,0.0104
06/14/2024 15:00:00,3416.0,1544,2439,38.6561
06/14/2024 17:00:00,3416.0,1544,2439,13.8487
06/14/2024 19:00:00,3416.0,1544,2439,18.3212
06/14/2024 21:00:00,3416.0,1544,2439,17.842
06/14/2024 23:00:00,3416.0,1544,2439,14.1662
06/13/2024 01:00:00,3441.0,2062,2899,14.2793
06/13/2024 03:00:00,3441.0,2062,2899,12.946
06/13/2024 05:00:00,3441.0,2062,2899,11.7881
06/13/2024 07:00:00,3441.0,2062,2899,16.3899
06/13/2024 09:00:00,3441.0,2062,2899,0.0001
06/13/2024 11:00:00,3441.0,2062,2899,11.0413
06/13/2024 13:00:00,3441.0,2062,2899,14.1195
06/13/2024 15:00:00,3441.0,2062,2899,24.0665
06/13/2024 17:00:00,3441.0,2062,2899,14.6552
06/13/2024 21:00:00,3441.0,2062,2899,13.8071
06/13/2024 23:00:00,3441.0,2062,2899,13.2386
06/12/2024 01:00:00,3362.0,2297,2896,0.0166
06/12/2024 03:00:00,3362.0,2297,2896,1.0063
06/12/2024 05:00:00,3362.0,2297,2896,0.0115
06/12/2024 07:00:00,3362.0,2297,2896,0.0001
06/12/2024 09:00:00,3362.0,2297,2896,0.0059
06/12/2024 11:00:00,3362.0,2297,2896,0.0126
06/12/2024 13:00:00,3362.0,2297,2896,31.2827
06/12/2024 15:00:00,3362.0,2297,2896,23.0275
06/12/2024 17:00:00,3362.0,2297,2896,17.6373
06/12/2024 19:00:00,3362.0,2297,2896,36.5688
06/12/2024 21:00:00,3362.0,2297,2896,16.7988
06/12/2024 23:00:00,3362.0,2297,2896,17.6373
06/11/2024 01:00:00,3160.0,2303,3927,13.7791
06/11/2024 03:00:00,3160.0,2303,3927,10.5429
06/11/2024 05:00:00,3160.0,2303,3927,22.5186
06/11/2024 07:00:00,3160.0,2303,3927,18.9021
06/11/2024 09:00:00,3160.0,2303,3927,13.9368
06/11/2024 11:00:00,3160.0,2303,3927,14.2142
06/11/2024 13:00:00,3160.0,2303,3927,13.8264
06/11/2024 15:00:00,3160.0,2303,3927,36.8897
06/11/2024 17:00:00,3160.0,2303,3927,38.8505
06/11/2024 19:00:00,3160.0,2303,3927,39.472
06/11/2024 21:00:00,3160.0,2303,3927,14.3613
06/11/2024 23:00:00,3160.0,2303,3927,14.7932
06/10/2024 01:00:00,3262.0,2287,4073,7.1874
06/10/2024 03:00:00,3262.0,2287,4073,-28.7547
06/10/2024 05:00:00,3262.0,2287,4073,-29.1254
06/10/2024 07:00:00,3262.0,2287,4073,0.0176
06/10/2024 09:00:00,3262.0,2287,4073,0.0197
06/10/2024 11:00:00,3262.0,2287,4073,0.011
06/10/2024 13:00:00,3262.0,2287,4073,9.9333
06/10/2024 15:00:00,3262.0,2287,4073,17.2982
06/10/2024 17:00:00,3262.0,2287,4073,21.939
06/10/2024 19:00:00,3262.0,2287,4073,16.3402
06/10/2024 21:00:00,3262.0,2287,4073,25.7787
06/10/2024 23:00:00,3262.0,2287,4073,19.4991
06/09/2024 01:00:00,3173.0,2063,3373,13.6146
06/09/2024 03:00:00,3173.0,2063,3373,14.0189
06/09/2024 05:00:00,3173.0,2063,3373,13.5317
06/09/2024 07:00:00,3173.0,2063,3373,16.0826
06/09/2024 09:00:00,3173.0,2063,3373,9.8137
06/09/2024 11:00:00,3173.0,2063,3373,12.1946
06/09/2024 13:00:00,3173.0,2063,3373,13.3556
06/09/2024 15:00:00,3173.0,2063,3373,12.1125
06/09/2024 17:00:00,3173.0,2063,3373,27.134
06/09/2024 19:00:00,3173.0,2063,3373,17.9129
06/09/2024 21:00:00,3173.0,2063,3373,11.0612
06/09/2024 23:00:00,3173.0,2063,3373,10.1089
06/08/2024 01:00:00,3232.0,1852,2670,11.2623
06/08/2024 03:00:00,3232.0,1852,2670,17.2807
06/08/2024 05:00:00,3232.0,1852,2670,18.2047
06/08/2024 07:00:00,3232.0,1852,2670,14.3727
06/08/2024 09:00:00,3232.0,1852,2670,11.0612
06/08/2024 11:00:00,3232.0,1852,2670,9.9578
06/08/2024 13:00:00,3232.0,1852,2670,19.958
06/08/2024 15:00:00,3232.0,1852,2670,0.0093
06/08/2024 17:00:00,3232.0,1852,2670,13.922
06/08/2024 19:00:00,3232.0,1852,2670,0.0088
06/08/2024 21:00:00,3232.0,1852,2670,20.1875
06/08/2024 23:00:00,3232.0,1852,2670,36.9419
06/07/2024 01:00:00,3246.0,1694,2607,14.3585
06/07/2024 03:00:00,3246.0,1694,2607,10.7719
06/07/2024 05:00:00,3246.0,1694,2607,10.9189
06/07/2024 07:00:00,3246.0,1694,2607,11.2622
06/07/2024 09:00:00,3246.0,1694,2607,0.0097
06/07/2024 11:00:00,3246.0,1694,2607,15.9718
06/07/2024 13:00:00,3246.0,1694,2607,16.7816
06/07/2024 15:00:00,3246.0,1694,2607,20.1813
06/07/2024 17:00:00,3246.0,1694,2607,9.9122
06/07/2024 19:00:00,3246.0,1694,2607,21.7168
06/07/2024 21:00:00,3246.0,1694,2607,37.7145
06/07/2024 23:00:00,3246.0,1694,2607,13.8363
06/06/2024 01:00:00,3349.0,2306,3411,15.5775
06/06/2024 03:00:00,3349.0,2306,3411,13.7024
06/06/2024 05:00:00,3349.0,2306,3411,11.0708
06/06/2024 07:00:00,3349.0,2306,3411,17.7405
06/06/2024 09:00:00,3349.0,2306,3411,0.7036
06/06/2024 11:00:00,3349.0,2306,3411,10.076
06/06/2024 13:00:00,3349.0,2306,3411,15.6194
06/06/2024 15:00:00,3349.0,2306,3411,23.7752
06/06/2024 17:00:00,3349.0,2306,3411,13.9918
06/06/2024 19:00:00,3349.0,2306,3411,22.1724
06/06/2024 21:00:00,3349.0,2306,3411,19.5884
06/06/2024 23:00:00,3349.0,2306,3411,15.2287
06/05/2024 01:00:00,3166.0,2806,4064,13.2645
06/05/2024 03:00:00,3166.0,2806,4064,10.9266
06/05/2024 05:00:00,3166.0,2806,4064,0.0109
06/05/2024 07:00:00,3166.0,2806,4064,0.0183
06/05/2024 09:00:00,3166.0,2806,4064,0.4202
06/05/2024 11:00:00,3166.0,2806,4064,0.0031
06/05/2024 13:00:00,3166.0,2806,4064,9.1131
06/05/2024 15:00:00,3166.0,2806,4064,13.1539
06/05/2024 17:00:00,3166.0,2806,4064,21.3065
06/05/2024 19:00:00,3166.0,2806,4064,31.3996
06/05/2024 21:00:00,3166.0,2806,4064,37.9749
06/05/2024 23:00:00,3166.0,2806,4064,22.0052
06/04/2024 01:00:00,3029.0,2935,4077,13.6743
06/04/2024 03:00:00,3029.0,2935,4077,18.1736
06/04/2024 05:00:00,3029.0,2935,4077,6.7082
06/04/2024 07:00:00,3029.0,2935,4077,17.7769
06/04/2024 09:00:00,3029.0,2935,4077,0.0036
06/04/2024 11:00:00,3029.0,2935,4077,11.8133
06/04/2024 13:00:00,3029.0,2935,4077,9.2529
06/04/2024 15:00:00,3029.0,2935,4077,9.0943
06/04/2024 17:00:00,3029.0,2935,4077,0.0089
06/04/2024 19:00:00,3029.0,2935,4077,36.3561
06/04/2024 21:00:00,3029.0,2935,4077,37.9326
06/04/2024 23:00:00,3029.0,2935,4077,17.6043
06/03/2024 01:00:00,3005.0,2141,3525,21.073
06/03/2024 03:00:00,3005.0,2141,3525,13.2981
06/03/2024 05:00:00,3005.0,2141,3525,8.3274
06/03/2024 07:00:00,3005.0,2141,3525,6.876
06/03/2024 09:00:00,3005.0,2141,3525,9.2974
06/03/2024 11:00:00,3005.0,2141,3525,6.4749
06/03/2024 15:00:00,3005.0,2141,3525,19.7886
06/03/2024 17:00:00,3005.0,2141,3525,15.1841
06/03/2024 19:00:00,3005.0,2141,3525,13.9884
06/03/2024 21:00:00,3005.0,2141,3525,6.7794
06/03/2024 23:00:00,3005.0,2141,3525,13.3482
06/02/2024 01:00:00,2535.0,1924,2699,7.0569
06/02/2024 03:00:00,2535.0,1924,2699,7.7503
06/02/2024 05:00:00,2535.0,1924,2699,21.0392
06/02/2024 07:00:00,2535.0,1924,2699,11.6695
06/02/2024 09:00:00,2535.0,1924,2699,0.0014
06/02/2024 11:00:00,2535.0,1924,2699,-0.0005
06/02/2024 13:00:00,2535.0,1924,2699,6.7958
06/02/2024 15:00:00,2535.0,1924,2699,16.5143
06/02/2024 17:00:00,2535.0,1924,2699,-0.0428
06/02/2024 19:00:00,2535.0,1924,2699,6.728
06/02/2024 21:00:00,2535.0,1924,2699,6.8372
06/02/2024 23:00:00,2535.0,1924,2699,12.3201
06/01/2024 01:00:00,3054.0,2019,2589,9.5877
06/01/2024 03:00:00,3054.0,2019,2589,9.15
06/01/2024 05:00:00,3054.0,2019,2589,9.1799
06/01/2024 07:00:00,3054.0,2019,2589,-27.3331
06/01/2024 09:00:00,3054.0,2019,2589,0.0067
06/01/2024 11:00:00,3054.0,2019,2589,-25.3912
06/01/2024 13:00:00,3054.0,2019,2589,0.0013
06/01/2024 15:00:00,3054.0,2019,2589,-0.0034
06/01/2024 17:00:00,3054.0,2019,2589,0.0028
06/01/2024 19:00:00,3054.0,2019,2589,4.9429
06/01/2024 21:00:00,3054.0,2019,2589,19.2474
06/01/2024 23:00:00,3054.0,2019,2589,11.1287
05/31/2024 01:00:00,3208.0,1681,2591,9.1559
05/31/2024 03:00:00,3208.0,1681,2591,-27.9672
05/31/2024 05:00:00,3208.0,1681,2591,10.4727
05/31/2024 07:00:00,3208.0,1681,2591,9.9797
05/31/2024 09:00:00,3208.0,1681,2591,19.1475
05/31/2024 11:00:00,3208.0,1681,2591,20.034
05/31/2024 13:00:00,3208.0,1681,2591,12.0214
05/31/2024 15:00:00,3208.0,1681,2591,10.7789
05/31/2024 17:00:00,3208.0,1681,2591,11.2369
05/31/2024 19:00:00,3208.0,1681,2591,14.9854
05/31/2024 21:00:00,3208.0,1681,2591,20.5916
05/31/2024 23:00:00,3208.0,1681,2591,12.2042
05/30/2024 01:00:00,3148.0,1556,3298,0.3003
05/30/2024 03:00:00,3148.0,1556,3298,8.7395
05/30/2024 05:00:00,3148.0,1556,3298,11.0159
05/30/2024 07:00:00,3148.0,1556,3298,24.2442
05/30/2024 09:00:00,3148.0,1556,3298,0.007
05/30/2024 11:00:00,3148.0,1556,3298,0.0051
05/30/2024 13:00:00,3148.0,1556,3298,8.5134
05/30/2024 15:00:00,3148.0,1556,3298,30.6071
05/30/2024 17:00:00,3148.0,1556,3298,31.4695
05/30/2024 19:00:00,3148.0,1556,3298,16.001
05/30/2024 21:00:00,3148.0,1556,3298,35.6651
05/30/2024 23:00:00,3148.0,1556,3298,16.6844
05/29/2024 01:00:00,3226.0,1628,2786,0.0121
05/29/2024 03:00:00,3226.0,1628,2786,7.6773
05/29/2024 05:00:00,3226.0,1628,2786,8.9876
05/29/2024 07:00:00,3226.0,1628,2786,20.3706
05/29/2024 09:00:00,3226.0,1628,2786,7.8039
05/29/2024 11:00:00,3226.0,1628,2786,8.0675
05/29/2024 13:00:00,3226.0,1628,2786,0.0106
05/29/2024 15:00:00,3226.0,1628,2786,0.009
05/29/2024 17:00:00,3226.0,1628,2786,9.6778
05/29/2024 19:00:00,3226.0,1628,2786,14.8614
05/29/2024 21:00:00,3226.0,1628,2786,14.0004
05/29/2024 23:00:00,3226.0,1628,2786,10.5677
05/28/2024 01:00:00,3303.0,1184,2497,7.7604
05/28/2024 03:00:00,3303.0,1184,2497,0.0146
05/28/2024 05:00:00,3303.0,1184,2497,0.0122
05/28/2024 07:00:00,3303.0,1184,2497,20.7606
05/28/2024 09:00:00,3303.0,1184,2497,11.8575
05/28/2024 11:00:00,3303.0,1184,2497,10.0739
05/28/2024 13:00:00,3303.0,1184,2497,8.2882
05/28/2024 15:00:00,3303.0,1184,2497,34.4183
05/28/2024 17:00:00,3303.0,1184,2497,11.7008
05/28/2024 21:00:00,3303.0,1184,2497,8.4724
05/28/2024 23:00:00,3303.0,1184,2497,12.7607
05/27/2024 01:00:00,3299.0,1546,2523,26.6068
05/27/2024 03:00:00,3299.0,1546,2523,12.6559
05/27/2024 05:00:00,3299.0,1546,2523,11.5157
05/27/2024 07:00:00,3299.0,1546,2523,21.1476
05/27/2024 09:00:00,3299.0,1546,2523,7.283
05/27/2024 11:00:00,3299.0,1546,2523,7.5477
05/27/2024 13:00:00,3299.0,1546,2523,-0.0005
05/27/2024 15:00:00,3299.0,1546,2523,10.0157
05/27/2024 17:00:00,3299.0,1546,2523,13.1153
05/27/2024 19:00:00,3299.0,1546,2523,17.5175
05/27/2024 21:00:00,3299.0,1546,2523,35.7848
05/27/2024 23:00:00,3299.0,1546,2523,9.497
05/26/2024 01:00:00,3295.0,1713,2490,7.5988
05/26/2024 03:00:00,3295.0,1713,2490,0.0115
05/26/2024 05:00:00,3295.0,1713,2490,-27.4281
05/26/2024 07:00:00,3295.0,1713,2490,-27.7289
05/26/2024 09:00:00,3295.0,1713,2490,-26.7882
05/26/2024 11:00:00,3295.0,1713,2490,-1.9739
05/26/2024 13:00:00,3295.0,1713,2490,-35.7665
05/26/2024 15:00:00,3295.0,1713,2490,-24.938
05/26/2024 17:00:00,3295.0,1713,2490,-27.0567
05/26/2024 19:00:00,3295.0,1713,2490,-0.3516
05/26/2024 21:00:00,3295.0,1713,2490,26.8457
05/26/2024 23:00:00,3295.0,1713,2490,16.5214
05/25/2024 01:00:00,3271.0,1251,1979,7.441
05/25/2024 03:00:00,3271.0,1251,1979,0.0132
05/25/2024 05:00:00,3271.0,1251,1979,7.1686
05/25/2024 07:00:00,3271.0,1251,1979,7.4833
05/25/2024 09:00:00,3271.0,1251,1979,0.0019
05/25/2024 11:00:00,3271.0,1251,1979,0.0071
05/25/2024 15:00:00,3271.0,1251,1979,0.0029
05/25/2024 17:00:00,3271.0,1251,1979,-35.6271
05/25/2024 19:00:00,3271.0,1251,1979,0.0056
05/25/2024 21:00:00,3271.0,1251,1979,20.7228
05/25/2024 23:00:00,3271.0,1251,1979,7.0929
05/24/2024 01:00:00,2819.0,725,1692,0.6185
05/24/2024 03:00:00,2819.0,725,1692,0.0101
05/24/2024 05:00:00,2819.0,725,1692,0.0136
05/24/2024 07:00:00,2819.0,725,1692,7.1366
05/24/2024 09:00:00,2819.0,725,1692,-36.279
05/24/2024 11:00:00,2819.0,725,1692,0.0007
05/24/2024 13:00:00,2819.0,725,1692,0.007
05/24/2024 15:00:00,2819.0,725,1692,10.0318
05/24/2024 17:00:00,2819.0,725,1692,35.5812
05/24/2024 19:00:00,2819.0,725,1692,35.9052
05/24/2024 21:00:00,2819.0,725,1692,31.1159
05/24/2024 23:00:00,2819.0,725,1692,7.7619
05/23/2024 01:00:00,3407.0,1726,1989,0.0215
05/23/2024 03:00:00,3407.0,1726,1989,7.9735
05/23/2024 05:00:00,3407.0,1726,1989,9.0572
05/23/2024 07:00:00,3407.0,1726,1989,21.4893
05/23/2024 09:00:00,3407.0,1726,1989,8.5935
05/23/2024 11:00:00,3407.0,1726,1989,7.3708
05/23/2024 13:00:00,3407.0,1726,1989,7.5353
05/23/2024 15:00:00,3407.0,1726,1989,5.436
05/23/2024 17:00:00,3407.0,1726,1989,5.6682
05/23/2024 19:00:00,3407.0,1726,1989,5.6338
05/23/2024 21:00:00,3407.0,1726,1989,26.8177
05/23/2024 23:00:00,3407.0,1726,1989,7.5641
05/22/2024 01:00:00,3366.0,1941,2395,10.0685
05/22/2024 03:00:00,3366.0,1941,2395,11.2282
05/22/2024 05:00:00,3366.0,1941,2395,10.3751
05/22/2024 07:00:00,3366.0,1941,2395,26.4281
05/22/2024 09:00:00,3366.0,1941,2395,14.7151
05/22/2024 11:00:00,3366.0,1941,2395,10.7455
05/22/2024 13:00:00,3366.0,1941,2395,0.0076
05/22/2024 15:00:00,3366.0,1941,2395,-39.0554
05/22/2024 17:00:00,3366.0,1941,2395,0.0063
05/22/2024 19:00:00,3366.0,1941,2395,8.5202
05/22/2024 21:00:00,3366.0,1941,2395,19.8506
05/22/2024 23:00:00,3366.0,1941,2395,9.9622
05/21/2024 01:00:00,3313.0,1648,2507,-29.3218
05/21/2024 03:00:00,3313.0,1648,2507,7.9382
05/21/2024 05:00:00,3313.0,1648,2507,8.0399
05/21/2024 07:00:00,3313.0,1648,2507,0.5278
05/21/2024 09:00:00,3313.0,1648,2507,-38.3414
05/21/2024 11:00:00,3313.0,1648,2507,-2.0603
05/21/2024 13:00:00,3313.0,1648,2507,-2.1025
05/21/2024 15:00:00,3313.0,1648,2507,9.6429
05/21/2024 17:00:00,3313.0,1648,2507,-27.0621
05/21/2024 19:00:00,3313.0,1648,2507,9.335
05/21/2024 21:00:00,3313.0,1648,2507,20.8947
05/21/2024 23:00:00,3313.0,1648,2507,26.4962
05/20/2024 01:00:00,3342.0,2589,2357,12.0327
05/20/2024 03:00:00,3342.0,2589,2357,12.8801
05/20/2024 05:00:00,3342.0,2589,2357,7.9343
05/20/2024 07:00:00,3342.0,2589,2357,0.0118
05/20/2024 09:00:00,3342.0,2589,2357,0.0097
05/20/2024 11:00:00,3342.0,2589,2357,0.0052
05/20/2024 13:00:00,3342.0,2589,2357,11.2575
05/20/2024 15:00:00,3342.0,2589,2357,10.6812
05/20/2024 17:00:00,3342.0,2589,2357,21.7566
05/20/2024 19:00:00,3342.0,2589,2357,31.1014
05/20/2024 21:00:00,3342.0,2589,2357,8.4549
05/20/2024 23:00:00,3342.0,2589,2357,0.0097
05/19/2024 01:00:00,3285.0,1472,2033,0.0109
05/19/2024 03:00:00,3285.0,1472,2033,0.0088
05/19/2024 05:00:00,3285.0,1472,2033,0.012
05/19/2024 07:00:00,3285.0,1472,2033,7.4486
05/19/2024 09:00:00,3285.0,1472,2033,0.0047
05/19/2024 11:00:00,3285.0,1472,2033,-0.0035
05/19/2024 13:00:00,3285.0,1472,2033,-0.0067
05/19/2024 15:00:00,3285.0,1472,2033,-0.003
05/19/2024 17:00:00,3285.0,1472,2033,-0.9879
05/19/2024 19:00:00,3285.0,1472,2033,12.0144
05/19/2024 21:00:00,3285.0,1472,2033,19.2309
05/19/2024 23:00:00,3285.0,1472,2033,7.976
05/18/2024 01:00:00,3164.0,980,2003,0.0129
05/18/2024 03:00:00,3164.0,980,2003,11.7718
05/18/2024 05:00:00,3164.0,980,2003,11.131
05/18/2024 07:00:00,3164.0,980,2003,11.0497
05/18/2024 09:00:00,3164.0,980,2003,0.0039
05/18/2024 11:00:00,3164.0,980,2003,0.0003
05/18/2024 13:00:00,3164.0,980,2003,4.9276
05/18/2024 15:00:00,3164.0,980,2003,7.0405
05/18/2024 17:00:00,3164.0,980,2003,7.0461
05/18/2024 19:00:00,3164.0,980,2003,30.5915
05/18/2024 21:00:00,3164.0,980,2003,14.6949
05/18/2024 23:00:00,3164.0,980,2003,8.2284
05/17/2024 01:00:00,3159.0,953,2122,0.0156
05/17/2024 03:00:00,3159.0,953,2122,0.0128
05/17/2024 05:00:00,3159.0,953,2122,10.0355
05/17/2024 07:00:00,3159.0,953,2122,11.3504
05/17/2024 09:00:00,3159.0,953,2122,0.0001
05/17/2024 11:00:00,3159.0,953,2122,0.0005
05/17/2024 13:00:00,3159.0,953,2122,9.6832
05/17/2024 15:00:00,3159.0,953,2122,11.6121
05/17/2024 17:00:00,3159.0,953,2122,11.7212
05/17/2024 19:00:00,3159.0,953,2122,15.7813
05/17/2024 21:00:00,3159.0,953,2122,36.8353
05/17/2024 23:00:00,3159.0,953,2122,13.9892
05/16/2024 01:00:00,3198.0,1712,2380,11.4907
05/16/2024 03:00:00,3198.0,1712,2380,15.2995
05/16/2024 05:00:00,3198.0,1712,2380,14.1334
05/16/2024 07:00:00,3198.0,1712,2380,15.2857
05/16/2024 09:00:00,3198.0,1712,2380,10.8679
05/16/2024 11:00:00,3198.0,1712,2380,11.1908
05/16/2024 13:00:00,3198.0,1712,2380,12.7894
05/16/2024 15:00:00,3198.0,1712,2380,11.1256
05/16/2024 17:00:00,3198.0,1712,2380,14.6723
05/16/2024 19:00:00,3198.0,1712,2380,18.4084
05/16/2024 21:00:00,3198.0,1712,2380,36.9827
05/16/2024 23:00:00,3198.0,1712,2380,13.71
05/15/2024 01:00:00,3163.0,1642,2362,13.5153
05/15/2024 03:00:00,3163.0,1642,2362,9.9928
05/15/2024 05:00:00,3163.0,1642,2362,10.2907
05/15/2024 07:00:00,3163.0,1642,2362,14.0492
05/15/2024 09:00:00,3163.0,1642,2362,9.7843
05/15/2024 11:00:00,3163.0,1642,2362,0.0093
05/15/2024 13:00:00,3163.0,1642,2362,0.0065
05/15/2024 15:00:00,3163.0,1642,2362,0.0142
05/15/2024 17:00:00,3163.0,1642,2362,10.9566
05/15/2024 19:00:00,3163.0,1642,2362,14.5147
05/15/2024 21:00:00,3163.0,1642,2362,38.0561
05/15/2024 23:00:00,3163.0,1642,2362,15.9851
05/14/2024 01:00:00,3081.0,1975,2895,15.5514
05/14/2024 03:00:00,3081.0,1975,2895,14.2174
05/14/2024 05:00:00,3081.0,1975,2895,11.3309
05/14/2024 07:00:00,3081.0,1975,2895,11.4761
05/14/2024 09:00:00,3081.0,1975,2895,10.27
05/14/2024 11:00:00,3081.0,1975,2895,9.68
05/14/2024 13:00:00,3081.0,1975,2895,10.1958
05/14/2024 15:00:00,3081.0,1975,2895,17.286
05/14/2024 17:00:00,3081.0,1975,2895,17.4149
05/14/2024 19:00:00,3081.0,1975,2895,0.0038
05/14/2024 21:00:00,3081.0,1975,2895,37.7137
05/14/2024 23:00:00,3081.0,1975,2895,15.6297
05/13/2024 01:00:00,3092.0,1919,2632,37.2839
05/13/2024 03:00:00,3092.0,1919,2632,10.0453
05/13/2024 05:00:00,3092.0,1919,2632,11.4085
05/13/2024 07:00:00,3092.0,1919,2632,16.5206
05/13/2024 09:00:00,3092.0,1919,2632,10.3938
05/13/2024 11:00:00,3092.0,1919,2632,10.4702
05/13/2024 13:00:00,3092.0,1919,2632,14.6533
05/13/2024 15:00:00,3092.0,1919,2632,17.2379
05/13/2024 17:00:00,3092.0,1919,2632,40.6767
05/13/2024 19:00:00,3092.0,1919,2632,22.4501
05/13/2024 21:00:00,3092.0,1919,2632,41.6222
05/13/2024 23:00:00,3092.0,1919,2632,15.4791
05/12/2024 01:00:00,3155.0,1605,2499,14.9015
05/12/2024 03:00:00,3155.0,1605,2499,14.278
05/12/2024 05:00:00,3155.0,1605,2499,10.5804
05/12/2024 07:00:00,3155.0,1605,2499,22.4996
05/12/2024 09:00:00,3155.0,1605,2499,9.8957
05/12/2024 11:00:00,3155.0,1605,2499,11.2717
05/12/2024 13:00:00,3155.0,1605,2499,12.7322
05/12/2024 15:00:00,3155.0,1605,2499,9.6366
05/12/2024 17:00:00,3155.0,1605,2499,0.0015
05/12/2024 19:00:00,3155.0,1605,2499,10.0962
05/12/2024 21:00:00,3155.0,1605,2499,41.9423
05/12/2024 23:00:00,3155.0,1605,2499,15.5246
05/11/2024 01:00:00,3129.0,1609,2461,18.7117
05/11/2024 03:00:00,3129.0,1609,2461,17.9375
05/11/2024 05:00:00,3129.0,1609,2461,17.4125
05/11/2024 07:00:00,3129.0,1609,2461,18.7646
05/11/2024 09:00:00,3129.0,1609,2461,14.9058
05/11/2024 11:00:00,3129.0,1609,2461,10.5713
05/11/2024 13:00:00,3129.0,1609,2461,9.3315
05/11/2024 15:00:00,3129.0,1609,2461,0.0022
05/11/2024 17:00:00,3129.0,1609,2461,9.8354
05/11/2024 19:00:00,3129.0,1609,2461,9.8833
05/11/2024 21:00:00,3129.0,1609,2461,18.5773
05/11/2024 23:00:00,3129.0,1609,2461,10.4389
05/10/2024 01:00:00,3129.0,1760,2593,13.0624
05/10/2024 03:00:00,3129.0,1760,2593,12.4161
05/10/2024 05:00:00,3129.0,1760,2593,16.8073
05/10/2024 07:00:00,3129.0,1760,2593,17.537
05/10/2024 15:00:00,3129.0,1760,2593,14.4507
05/10/2024 17:00:00,3129.0,1760,2593,14.968
05/10/2024 19:00:00,3129.0,1760,2593,15.6417
05/10/2024 21:00:00,3129.0,1760,2593,40.506
05/10/2024 23:00:00,3129.0,1760,2593,22.7509
05/09/2024 01:00:00,3147.0,2246,2550,13.3025
05/09/2024 03:00:00,3147.0,2246,2550,13.0436
05/09/2024 05:00:00,3147.0,2246,2550,13.9033
05/09/2024 09:00:00,3147.0,2246,2550,13.9382
05/09/2024 11:00:00,3147.0,2246,2550,13.9456
05/09/2024 13:00:00,3147.0,2246,2550,10.3896
05/09/2024 15:00:00,3147.0,2246,2550,20.9457
05/09/2024 17:00:00,3147.0,2246,2550,15.0249
05/09/2024 19:00:00,3147.0,2246,2550,15.6542
05/09/2024 21:00:00,3147.0,2246,2550,15.3172
05/09/2024 23:00:00,3147.0,2246,2550,15.1707
05/08/2024 01:00:00,3202.0,1862,2191,9.4539
05/08/2024 03:00:00,3202.0,1862,2191,9.5716
05/08/2024 05:00:00,3202.0,1862,2191,9.5228
05/08/2024 07:00:00,3202.0,1862,2191,13.6111
05/08/2024 09:00:00,3202.0,1862,2191,8.6121
05/08/2024 11:00:00,3202.0,1862,2191,9.4599
05/08/2024 13:00:00,3202.0,1862,2191,10.0991
05/08/2024 15:00:00,3202.0,1862,2191,8.9979
05/08/2024 17:00:00,3202.0,1862,2191,9.6545
05/08/2024 19:00:00,3202.0,1862,2191,18.0423
05/08/2024 21:00:00,3202.0,1862,2191,42.1941
05/08/2024 23:00:00,3202.0,1862,2191,0.013
05/07/2024 01:00:00,3280.0,1354,1769,8.8343
05/07/2024 03:00:00,3280.0,1354,1769,0.0001
05/07/2024 05:00:00,3280.0,1354,1769,8.5275
05/07/2024 07:00:00,3280.0,1354,1769,13.6995
05/07/2024 09:00:00,3280.0,1354,1769,0.0063
05/07/2024 11:00:00,3280.0,1354,1769,0.0045
05/07/2024 13:00:00,3280.0,1354,1769,0.0006
05/07/2024 15:00:00,3280.0,1354,1769,-0.0027
05/07/2024 17:00:00,3280.0,1354,1769,-1.9961
05/07/2024 19:00:00,3280.0,1354,1769,4.7822
05/07/2024 21:00:00,3280.0,1354,1769,9.7045
05/07/2024 23:00:00,3280.0,1354,1769,9.1654
05/06/2024 01:00:00,3270.0,968,1700,-5.4863
05/06/2024 03:00:00,3270.0,968,1700,-5.3162
05/06/2024 05:00:00,3270.0,968,1700,8.3607
05/06/2024 07:00:00,3270.0,968,1700,0.0001
05/06/2024 09:00:00,3270.0,968,1700,-2.1009
05/06/2024 11:00:00,3270.0,968,1700,8.3363
05/06/2024 13:00:00,3270.0,968,1700,-2.1302
05/06/2024 15:00:00,3270.0,968,1700,-1.0
05/06/2024 17:00:00,3270.0,968,1700,8.0331
05/06/2024 19:00:00,3270.0,968,1700,8.5348
05/06/2024 21:00:00,3270.0,968,1700,41.7912
05/06/2024 23:00:00,3270.0,968,1700,14.7031
05/05/2024 01:00:00,3082.0,983,1648,0.031
05/05/2024 03:00:00,3082.0,983,1648,0.0193
05/05/2024 05:00:00,3082.0,983,1648,0.294
05/05/2024 07:00:00,3082.0,983,1648,0.6509
05/05/2024 09:00:00,3082.0,983,1648,0.0687
05/05/2024 11:00:00,3082.0,983,1648,0.0036
05/05/2024 13:00:00,3082.0,983,1648,0.0073
05/05/2024 15:00:00,3082.0,983,1648,-26.6795
05/05/2024 17:00:00,3082.0,983,1648,-0.9938
05/05/2024 19:00:00,3082.0,983,1648,8.4461
05/05/2024 21:00:00,3082.0,983,1648,9.0387
05/05/2024 23:00:00,3082.0,983,1648,8.4343
05/04/2024 01:00:00,2711.0,1034,1492,1.1361
05/04/2024 03:00:00,2711.0,1034,1492,8.974
05/04/2024 05:00:00,2711.0,1034,1492,14.4437
05/04/2024 07:00:00,2711.0,1034,1492,31.5178
05/04/2024 09:00:00,2711.0,1034,1492,13.2627
05/04/2024 11:00:00,2711.0,1034,1492,21.7015
05/04/2024 13:00:00,2711.0,1034,1492,9.2265
05/04/2024 15:00:00,2711.0,1034,1492,7.8195
05/04/2024 17:00:00,2711.0,1034,1492,0.0001
05/04/2024 19:00:00,2711.0,1034,1492,11.7632
05/04/2024 21:00:00,2711.0,1034,1492,13.8533
05/04/2024 23:00:00,2711.0,1034,1492,8.5745
05/03/2024 01:00:00,1044.0,1178,1600,12.2723
05/03/2024 03:00:00,1044.0,1178,1600,13.4891
05/03/2024 05:00:00,1044.0,1178,1600,0.082
05/03/2024 07:00:00,1044.0,1178,1600,8.8975
05/03/2024 09:00:00,1044.0,1178,1600,5.6075
05/03/2024 11:00:00,1044.0,1178,1600,-0.7912
05/03/2024 13:00:00,1044.0,1178,1600,0.0189
05/03/2024 15:00:00,1044.0,1178,1600,0.0108
05/03/2024 17:00:00,1044.0,1178,1600,-1.0147
05/03/2024 19:00:00,1044.0,1178,1600,8.1319
05/03/2024 21:00:00,1044.0,1178,1600,9.2919
05/03/2024 23:00:00,1044.0,1178,1600,0.0244
05/02/2024 01:00:00,3155.0,1307,2003,15.2447
05/02/2024 03:00:00,3155.0,1307,2003,1.0357
05/02/2024 05:00:00,3155.0,1307,2003,9.2592
05/02/2024 07:00:00,3155.0,1307,2003,14.3383
05/02/2024 09:00:00,3155.0,1307,2003,9.9357
05/02/2024 11:00:00,3155.0,1307,2003,0.0687
05/02/2024 13:00:00,3155.0,1307,2003,8.219
05/02/2024 15:00:00,3155.0,1307,2003,0.0157
05/02/2024 17:00:00,3155.0,1307,2003,8.5242
05/02/2024 19:00:00,3155.0,1307,2003,9.0093
05/02/2024 21:00:00,3155.0,1307,2003,22.6867
05/01/2024 01:00:00,3137.0,1598,2013,9.4182
05/01/2024 03:00:00,3137.0,1598,2013,8.9588
05/01/2024 05:00:00,3137.0,1598,2013,9.2795
05/01/2024 07:00:00,3137.0,1598,2013,9.3319
05/01/2024 09:00:00,3137.0,1598,2013,0.0116
05/01/2024 11:00:00,3137.0,1598,2013,-5.461
05/01/2024 13:00:00,3137.0,1598,2013,0.0112
05/01/2024 15:00:00,3137.0,1598,2013,8.9061
05/01/2024 17:00:00,3137.0,1598,2013,7.6963
05/01/2024 19:00:00,3137.0,1598,2013,9.8696
05/01/2024 21:00:00,3137.0,1598,2013,12.8814
05/01/2024 23:00:00,3137.0,1598,2013,17.6523
04/30/2024 01:00:00,3249.0,856,1785,8.0327
04/30/2024 03:00:00,3249.0,856,1785,14.1402
04/30/2024 05:00:00,3249.0,856,1785,9.7723
04/30/2024 07:00:00,3249.0,856,1785,7.5125
04/30/2024 09:00:00,3249.0,856,1785,-1.3893
04/30/2024 11:00:00,3249.0,856,1785,6.4315
04/30/2024 13:00:00,3249.0,856,1785,12.7878
04/30/2024 15:00:00,3249.0,856,1785,8.4885
04/30/2024 17:00:00,3249.0,856,1785,0.0756
04/30/2024 19:00:00,3249.0,856,1785,0.0695
04/30/2024 21:00:00,3249.0,856,1785,8.1649
04/30/2024 23:00:00,3249.0,856,1785,16.211
04/29/2024 01:00:00,3278.0,1074,1807,10.2447
04/29/2024 03:00:00,3278.0,1074,1807,7.3097
04/29/2024 05:00:00,3278.0,1074,1807,9.9838
04/29/2024 07:00:00,3278.0,1074,1807,22.7645
04/29/2024 09:00:00,3278.0,1074,1807,9.9159
04/29/2024 11:00:00,3278.0,1074,1807,7.6019
04/29/2024 13:00:00,3278.0,1074,1807,6.8987
04/29/2024 15:00:00,3278.0,1074,1807,9.4517
04/29/2024 17:00:00,3278.0,1074,1807,7.4039
04/29/2024 19:00:00,3278.0,1074,1807,13.0786
04/29/2024 21:00:00,3278.0,1074,1807,35.4013
04/29/2024 23:00:00,3278.0,1074,1807,7.6633
04/28/2024 01:00:00,3188.0,870,1794,11.0772
04/28/2024 03:00:00,3188.0,870,1794,7.519
04/28/2024 05:00:00,3188.0,870,1794,8.0169
04/28/2024 07:00:00,3188.0,870,1794,10.5272
04/28/2024 09:00:00,3188.0,870,1794,6.3143
04/28/2024 11:00:00,3188.0,870,1794,-26.3838
04/28/2024 13:00:00,3188.0,870,1794,-34.0258
04/28/2024 15:00:00,3188.0,870,1794,-0.0058
04/28/2024 17:00:00,3188.0,870,1794,-0.0012
04/28/2024 19:00:00,3188.0,870,1794,6.4735
04/28/2024 21:00:00,3188.0,870,1794,9.4494
04/28/2024 23:00:00,3188.0,870,1794,11.0051
04/27/2024 01:00:00,3052.0,695,1721,8.0446
04/27/2024 03:00:00,3052.0,695,1721,7.9603
04/27/2024 05:00:00,3052.0,695,1721,6.7202
04/27/2024 07:00:00,3052.0,695,1721,5.9028
04/27/2024 09:00:00,3052.0,695,1721,6.7648
04/27/2024 11:00:00,3052.0,695,1721,7.2089
04/27/2024 13:00:00,3052.0,695,1721,36.5989
04/27/2024 15:00:00,3052.0,695,1721,6.8243
04/27/2024 17:00:00,3052.0,695,1721,6.3238
04/27/2024 19:00:00,3052.0,695,1721,6.5893
04/27/2024 21:00:00,3052.0,695,1721,38.0056
04/27/2024 23:00:00,3052.0,695,1721,11.4953
04/26/2024 01:00:00,2850.0,871,1649,7.8018
04/26/2024 03:00:00,2850.0,871,1649,7.3853
04/26/2024 05:00:00,2850.0,871,1649,8.4975
04/26/2024 07:00:00,2850.0,871,1649,10.1486
04/26/2024 09:00:00,2850.0,871,1649,-0.0001
04/26/2024 11:00:00,2850.0,871,1649,-40.4923
04/26/2024 13:00:00,2850.0,871,1649,-2.0581
04/26/2024 17:00:00,2850.0,871,1649,7.6385
04/26/2024 19:00:00,2850.0,871,1649,11.197
04/26/2024 21:00:00,2850.0,871,1649,11.8712
04/26/2024 23:00:00,2850.0,871,1649,0.0001
04/25/2024 01:00:00,2160.0,1943,1743,1.2808
04/25/2024 03:00:00,2160.0,1943,1743,0.6907
04/25/2024 05:00:00,2160.0,1943,1743,22.1396
04/25/2024 07:00:00,2160.0,1943,1743,36.2728
04/25/2024 09:00:00,2160.0,1943,1743,12.8232
04/25/2024 11:00:00,2160.0,1943,1743,10.4621
04/25/2024 13:00:00,2160.0,1943,1743,7.8582
04/25/2024 15:00:00,2160.0,1943,1743,8.2004
04/25/2024 17:00:00,2160.0,1943,1743,14.3062
04/25/2024 19:00:00,2160.0,1943,1743,8.791
04/25/2024 21:00:00,2160.0,1943,1743,7.7799
04/25/2024 23:00:00,2160.0,1943,1743,7.5689
04/24/2024 01:00:00,2333.0,1457,1734,0.9748
04/24/2024 03:00:00,2333.0,1457,1734,8.3713
04/24/2024 05:00:00,2333.0,1457,1734,0.9968
04/24/2024 07:00:00,2333.0,1457,1734,8.7003
04/24/2024 09:00:00,2333.0,1457,1734,5.4718
04/24/2024 11:00:00,2333.0,1457,1734,-0.088
04/24/2024 13:00:00,2333.0,1457,1734,5.8576
04/24/2024 15:00:00,2333.0,1457,1734,16.6282
04/24/2024 17:00:00,2333.0,1457,1734,6.3391
04/24/2024 19:00:00,2333.0,1457,1734,14.7678
04/24/2024 21:00:00,2333.0,1457,1734,12.0589
04/24/2024 23:00:00,2333.0,1457,1734,8.078
04/23/2024 01:00:00,1937.0,1201,1715,17.6936
04/23/2024 03:00:00,1937.0,1201,1715,10.536
04/23/2024 05:00:00,1937.0,1201,1715,0.0238
04/23/2024 07:00:00,1937.0,1201,1715,8.3461
04/23/2024 09:00:00,1937.0,1201,1715,13.158
04/23/2024 11:00:00,1937.0,1201,1715,7.0448
04/23/2024 13:00:00,1937.0,1201,1715,16.0356
04/23/2024 15:00:00,1937.0,1201,1715,11.0454
04/23/2024 17:00:00,1937.0,1201,1715,34.8749
04/23/2024 23:00:00,1937.0,1201,1715,0.0713
04/22/2024 01:00:00,2212.0,1758,1758,0.0173
04/22/2024 03:00:00,2212.0,1758,1758,1.5375
04/22/2024 05:00:00,2212.0,1758,1758,0.0143
04/22/2024 07:00:00,2212.0,1758,1758,11.6297
04/22/2024 09:00:00,2212.0,1758,1758,7.9101
04/22/2024 11:00:00,2212.0,1758,1758,0.0073
04/22/2024 13:00:00,2212.0,1758,1758,8.1577
04/22/2024 15:00:00,2212.0,1758,1758,11.8075
04/22/2024 17:00:00,2212.0,1758,1758,8.8354
04/22/2024 19:00:00,2212.0,1758,1758,12.9353
04/22/2024 21:00:00,2212.0,1758,1758,22.1949
04/22/2024 23:00:00,2212.0,1758,1758,12.2602
04/21/2024 01:00:00,3093.0,1485,2333,12.6469
04/21/2024 03:00:00,3093.0,1485,2333,14.7351
04/21/2024 05:00:00,3093.0,1485,2333,19.158
04/21/2024 07:00:00,3093.0,1485,2333,36.7653
04/21/2024 09:00:00,3093.0,1485,2333,18.0596
04/21/2024 11:00:00,3093.0,1485,2333,8.5157
04/21/2024 13:00:00,3093.0,1485,2333,10.748
04/21/2024 15:00:00,3093.0,1485,2333,0.0008
04/21/2024 17:00:00,3093.0,1485,2333,0.0022
04/21/2024 19:00:00,3093.0,1485,2333,7.4187
04/21/2024 21:00:00,3093.0,1485,2333,8.6676
04/21/2024 23:00:00,3093.0,1485,2333,1.2317
04/20/2024 01:00:00,3150.0,1262,1975,18.848
04/20/2024 03:00:00,3150.0,1262,1975,16.5008
04/20/2024 05:00:00,3150.0,1262,1975,15.2686
04/20/2024 07:00:00,3150.0,1262,1975,35.8083
04/20/2024 09:00:00,3150.0,1262,1975,16.5648
04/20/2024 11:00:00,3150.0,1262,1975,9.7318
04/20/2024 13:00:00,3150.0,1262,1975,14.4421
04/20/2024 15:00:00,3150.0,1262,1975,14.2891
04/20/2024 17:00:00,3150.0,1262,1975,12.0239
04/20/2024 19:00:00,3150.0,1262,1975,18.7837
04/20/2024 21:00:00,3150.0,1262,1975,27.7714
04/20/2024 23:00:00,3150.0,1262,1975,19.4957
04/19/2024 01:00:00,3143.0,1329,1835,18.0821
04/19/2024 03:00:00,3143.0,1329,1835,21.707
04/19/2024 05:00:00,3143.0,1329,1835,36.0196
04/19/2024 07:00:00,3143.0,1329,1835,10.79
04/19/2024 09:00:00,3143.0,1329,1835,8.7719
04/19/2024 11:00:00,3143.0,1329,1835,9.038
04/19/2024 13:00:00,3143.0,1329,1835,19.5331
04/19/2024 15:00:00,3143.0,1329,1835,12.0648
04/19/2024 17:00:00,3143.0,1329,1835,34.5588
04/19/2024 19:00:00,3143.0,1329,1835,20.6938
04/19/2024 21:00:00,3143.0,1329,1835,8.6035
04/19/2024 23:00:00,3143.0,1329,1835,13.7605
04/18/2024 01:00:00,2935.0,1261,1981,0.0896
04/18/2024 03:00:00,2935.0,1261,1981,6.4116
04/18/2024 05:00:00,2935.0,1261,1981,7.0305
04/18/2024 07:00:00,2935.0,1261,1981,15.8557
04/18/2024 09:00:00,2935.0,1261,1981,10.9063
04/18/2024 11:00:00,2935.0,1261,1981,35.1992
04/18/2024 13:00:00,2935.0,1261,1981,38.0586
04/18/2024 15:00:00,2935.0,1261,1981,25.8873
04/18/2024 17:00:00,2935.0,1261,1981,30.7769
04/18/2024 19:00:00,2935.0,1261,1981,37.7237
04/18/2024 21:00:00,2935.0,1261,1981,37.8833
04/18/2024 23:00:00,2935.0,1261,1981,18.7742
04/17/2024 01:00:00,2865.0,1378,1970,17.7723
04/17/2024 03:00:00,2865.0,1378,1970,7.9901
04/17/2024 05:00:00,2865.0,1378,1970,10.1247
04/17/2024 07:00:00,2865.0,1378,1970,26.1444
04/17/2024 09:00:00,2865.0,1378,1970,9.0429
04/17/2024 11:00:00,2865.0,1378,1970,7.1403
04/17/2024 13:00:00,2865.0,1378,1970,8.2856
04/17/2024 15:00:00,2865.0,1378,1970,6.8559
04/17/2024 17:00:00,2865.0,1378,1970,0.0085
04/17/2024 19:00:00,2865.0,1378,1970,8.5207
04/17/2024 21:00:00,2865.0,1378,1970,7.4633
04/17/2024 23:00:00,2865.0,1378,1970,0.0197
04/16/2024 01:00:00,2437.0,1384,1860,0.018
04/16/2024 03:00:00,2437.0,1384,1860,0.0171
04/16/2024 05:00:00,2437.0,1384,1860,0.0162
04/16/2024 07:00:00,2437.0,1384,1860,6.3487
04/16/2024 09:00:00,2437.0,1384,1860,0.0235
04/16/2024 11:00:00,2437.0,1384,1860,-4.9495
04/16/2024 13:00:00,2437.0,1384,1860,0.0073
04/16/2024 15:00:00,2437.0,1384,1860,-2.1594
04/16/2024 17:00:00,2437.0,1384,1860,0.0043
04/16/2024 19:00:00,2437.0,1384,1860,0.007
04/16/2024 21:00:00,2437.0,1384,1860,37.9705
04/16/2024 23:00:00,2437.0,1384,1860,38.6496
04/15/2024 05:00:00,2900.0,857,1760,6.9228
04/15/2024 07:00:00,2900.0,857,1760,31.1936
04/15/2024 09:00:00,2900.0,857,1760,6.0938
04/15/2024 11:00:00,2900.0,857,1760,6.7111
04/15/2024 13:00:00,2900.0,857,1760,0.0024
04/15/2024 15:00:00,2900.0,857,1760,0.1928
04/15/2024 17:00:00,2900.0,857,1760,0.0075
04/15/2024 19:00:00,2900.0,857,1760,0.0603
04/15/2024 21:00:00,2900.0,857,1760,7.1836
04/15/2024 23:00:00,2900.0,857,1760,0.5962
04/14/2024 01:00:00,2525.0,653,1613,20.2811
04/14/2024 03:00:00,2525.0,653,1613,22.3371
04/14/2024 05:00:00,2525.0,653,1613,14.9469
04/14/2024 07:00:00,2525.0,653,1613,16.3506
04/14/2024 09:00:00,2525.0,653,1613,6.2316
04/14/2024 11:00:00,2525.0,653,1613,6.1706
04/14/2024 13:00:00,2525.0,653,1613,6.6625
04/14/2024 15:00:00,2525.0,653,1613,0.0022
04/14/2024 17:00:00,2525.0,653,1613,0.0491
04/14/2024 19:00:00,2525.0,653,1613,6.1816
04/14/2024 21:00:00,2525.0,653,1613,7.7075
04/14/2024 23:00:00,2525.0,653,1613,0.0677
04/13/2024 01:00:00,1357.0,1000,1637,1.9844
04/13/2024 03:00:00,1357.0,1000,1637,0.6144
04/13/2024 05:00:00,1357.0,1000,1637,7.3656
04/13/2024 07:00:00,1357.0,1000,1637,7.5654
04/13/2024 09:00:00,1357.0,1000,1637,0.0029
04/13/2024 11:00:00,1357.0,1000,1637,0.0559
04/13/2024 13:00:00,1357.0,1000,1637,0.0053
04/13/2024 15:00:00,1357.0,1000,1637,5.7265
04/13/2024 17:00:00,1357.0,1000,1637,6.1482
04/13/2024 19:00:00,1357.0,1000,1637,6.5215
04/13/2024 21:00:00,1357.0,1000,1637,23.9875
04/13/2024 23:00:00,1357.0,1000,1637,13.7982
04/12/2024 01:00:00,705.0,1139,1857,11.226
04/12/2024 03:00:00,705.0,1139,1857,8.6629
04/12/2024 05:00:00,705.0,1139,1857,10.0492
04/12/2024 07:00:00,705.0,1139,1857,21.0377
04/12/2024 09:00:00,705.0,1139,1857,17.4031
04/12/2024 11:00:00,705.0,1139,1857,8.7737
04/12/2024 13:00:00,705.0,1139,1857,9.4331
04/12/2024 15:00:00,705.0,1139,1857,15.2142
04/12/2024 17:00:00,705.0,1139,1857,19.6401
04/12/2024 19:00:00,705.0,1139,1857,10.211
04/12/2024 21:00:00,705.0,1139,1857,8.8333
04/12/2024 23:00:00,705.0,1139,1857,0.0733
04/11/2024 01:00:00,2988.0,922,1710,13.161
04/11/2024 03:00:00,2988.0,922,1710,14.5274
04/11/2024 05:00:00,2988.0,922,1710,23.6842
04/11/2024 07:00:00,2988.0,922,1710,39.5336
04/11/2024 09:00:00,2988.0,922,1710,8.5993
04/11/2024 11:00:00,2988.0,922,1710,8.9721
04/11/2024 13:00:00,2988.0,922,1710,9.082
04/11/2024 15:00:00,2988.0,922,1710,10.0142
04/11/2024 17:00:00,2988.0,922,1710,12.8172
04/11/2024 19:00:00,2988.0,922,1710,19.9639
04/11/2024 21:00:00,2988.0,922,1710,24.9825
04/11/2024 23:00:00,2988.0,922,1710,12.6291
04/10/2024 01:00:00,2906.0,1202,2048,9.455
04/10/2024 03:00:00,2906.0,1202,2048,9.4692
04/10/2024 05:00:00,2906.0,1202,2048,14.131
04/10/2024 07:00:00,2906.0,1202,2048,13.3586
04/10/2024 09:00:00,2906.0,1202,2048,9.7884
04/10/2024 11:00:00,2906.0,1202,2048,-5.3287
04/10/2024 13:00:00,2906.0,1202,2048,0.0039
04/10/2024 15:00:00,2906.0,1202,2048,8.4407
04/10/2024 17:00:00,2906.0,1202,2048,0.0083
04/10/2024 19:00:00,2906.0,1202,2048,0.0062
04/10/2024 21:00:00,2906.0,1202,2048,14.0432
04/10/2024 23:00:00,2906.0,1202,2048,10.9515
04/09/2024 01:00:00,2976.0,973,1852,14.4683
04/09/2024 03:00:00,2976.0,973,1852,13.7187
04/09/2024 05:00:00,2976.0,973,1852,14.5007
04/09/2024 07:00:00,2976.0,973,1852,22.7597
04/09/2024 09:00:00,2976.0,973,1852,10.4152
04/09/2024 11:00:00,2976.0,973,1852,-2.0908
04/09/2024 13:00:00,2976.0,973,1852,-5.0301
04/09/2024 15:00:00,2976.0,973,1852,-0.0006
04/09/2024 17:00:00,2976.0,973,1852,8.2769
04/09/2024 19:00:00,2976.0,973,1852,12.2028
04/09/2024 21:00:00,2976.0,973,1852,8.3716
04/09/2024 23:00:00,2976.0,973,1852,9.1394
04/08/2024 01:00:00,3037.0,940,1704,10.0716
04/08/2024 03:00:00,3037.0,940,1704,15.7224
04/08/2024 05:00:00,3037.0,940,1704,13.0501
04/08/2024 07:00:00,3037.0,940,1704,13.9967
04/08/2024 09:00:00,3037.0,940,1704,0.013
04/08/2024 11:00:00,3037.0,940,1704,0.0104
04/08/2024 13:00:00,3037.0,940,1704,8.2277
04/08/2024 15:00:00,3037.0,940,1704,-0.0001
04/08/2024 17:00:00,3037.0,940,1704,8.6551
04/08/2024 19:00:00,3037.0,940,1704,35.0864
04/08/2024 21:00:00,3037.0,940,1704,19.3691
04/08/2024 23:00:00,3037.0,940,1704,8.7571
04/07/2024 01:00:00,3057.0,1089,1613,8.0421
04/07/2024 03:00:00,3057.0,1089,1613,8.4254
04/07/2024 05:00:00,3057.0,1089,1613,12.285
04/07/2024 07:00:00,3057.0,1089,1613,8.533
04/07/2024 09:00:00,3057.0,1089,1613,0.016
04/07/2024 11:00:00,3057.0,1089,1613,-1.0109
04/07/2024 13:00:00,3057.0,1089,1613,0.0047
04/07/2024 15:00:00,3057.0,1089,1613,0.0051
04/07/2024 17:00:00,3057.0,1089,1613,0.006
04/07/2024 19:00:00,3057.0,1089,1613,0.0004
04/07/2024 21:00:00,3057.0,1089,1613,8.6007
04/07/2024 23:00:00,3057.0,1089,1613,8.6384
04/06/2024 01:00:00,2960.0,1110,1495,-5.5114
04/06/2024 03:00:00,2960.0,1110,1495,-5.594
04/06/2024 05:00:00,2960.0,1110,1495,0.0142
04/06/2024 07:00:00,2960.0,1110,1495,0.0129
04/06/2024 09:00:00,2960.0,1110,1495,8.9189
04/06/2024 11:00:00,2960.0,1110,1495,0.0106
04/06/2024 13:00:00,2960.0,1110,1495,0.0095
04/06/2024 15:00:00,2960.0,1110,1495,0.009
04/06/2024 17:00:00,2960.0,1110,1495,6.1266
04/06/2024 19:00:00,2960.0,1110,1495,34.8716
04/06/2024 21:00:00,2960.0,1110,1495,41.1188
04/06/2024 23:00:00,2960.0,1110,1495,8.1755
04/05/2024 01:00:00,2630.0,999,1511,-30.1157
04/05/2024 03:00:00,2630.0,999,1511,0.6227
04/05/2024 05:00:00,2630.0,999,1511,7.7946
04/05/2024 07:00:00,2630.0,999,1511,10.3655
04/05/2024 09:00:00,2630.0,999,1511,10.5262
04/05/2024 11:00:00,2630.0,999,1511,9.3695
04/05/2024 13:00:00,2630.0,999,1511,4.7999
04/05/2024 15:00:00,2630.0,999,1511,-36.3088
04/05/2024 17:00:00,2630.0,999,1511,-40.8141
04/05/2024 19:00:00,2630.0,999,1511,8.6187
04/05/2024 21:00:00,2630.0,999,1511,8.7034
04/05/2024 23:00:00,2630.0,999,1511,0.013
04/04/2024 01:00:00,1454.0,1097,1695,16.5088
04/04/2024 03:00:00,1454.0,1097,1695,11.0674
04/04/2024 05:00:00,1454.0,1097,1695,9.4586
04/04/2024 07:00:00,1454.0,1097,1695,17.1908
04/04/2024 09:00:00,1454.0,1097,1695,8.3868
04/04/2024 11:00:00,1454.0,1097,1695,0.0051
04/04/2024 13:00:00,1454.0,1097,1695,7.4692
04/04/2024 15:00:00,1454.0,1097,1695,9.0991
04/04/2024 17:00:00,1454.0,1097,1695,9.136
04/04/2024 19:00:00,1454.0,1097,1695,0.0055
04/04/2024 21:00:00,1454.0,1097,1695,10.0366
04/04/2024 23:00:00,1454.0,1097,1695,0.012
04/03/2024 01:00:00,1058.0,1256,1830,13.4822
04/03/2024 03:00:00,1058.0,1256,1830,9.4532
04/03/2024 05:00:00,1058.0,1256,1830,12.4837
04/03/2024 07:00:00,1058.0,1256,1830,13.319
04/03/2024 09:00:00,1058.0,1256,1830,-0.0007
04/03/2024 11:00:00,1058.0,1256,1830,-2.1267
04/03/2024 13:00:00,1058.0,1256,1830,-0.0001
04/03/2024 15:00:00,1058.0,1256,1830,0.0018
04/03/2024 17:00:00,1058.0,1256,1830,0.0016
04/03/2024 19:00:00,1058.0,1256,1830,11.0821
04/03/2024 21:00:00,1058.0,1256,1830,27.2525
04/03/2024 23:00:00,1058.0,1256,1830,16.3416
04/02/2024 01:00:00,2901.0,1189,1725,62.2197
04/02/2024 03:00:00,2901.0,1189,1725,0.6793
04/02/2024 05:00:00,2901.0,1189,1725,0.0128
04/02/2024 07:00:00,2901.0,1189,1725,7.859
04/02/2024 09:00:00,2901.0,1189,1725,0.725
04/02/2024 13:00:00,2901.0,1189,1725,-2.184
04/02/2024 15:00:00,2901.0,1189,1725,0.0025
04/02/2024 17:00:00,2901.0,1189,1725,-2.0605
04/02/2024 19:00:00,2901.0,1189,1725,0.003
04/02/2024 21:00:00,2901.0,1189,1725,16.8242
04/02/2024 23:00:00,2901.0,1189,1725,15.365
04/01/2024 01:00:00,2988.0,985,1684,16.6509
04/01/2024 03:00:00,2988.0,985,1684,8.3991
04/01/2024 05:00:00,2988.0,985,1684,15.1653
04/01/2024 07:00:00,2988.0,985,1684,35.646
04/01/2024 09:00:00,2988.0,985,1684,12.1836
04/01/2024 11:00:00,2988.0,985,1684,0.0068
04/01/2024 13:00:00,2988.0,985,1684,7.3398
04/01/2024 15:00:00,2988.0,985,1684,7.5418
04/01/2024 17:00:00,2988.0,985,1684,7.4011
04/01/2024 19:00:00,2988.0,985,1684,7.7834
04/01/2024 21:00:00,2988.0,985,1684,48.6548
04/01/2024 23:00:00,2988.0,985,1684,7.8782
03/31/2024 01:00:00,2933.0,1099,1627,16.4293
03/31/2024 03:00:00,2933.0,1099,1627,10.9145
03/31/2024 05:00:00,2933.0,1099,1627,37.6609
03/31/2024 07:00:00,2933.0,1099,1627,42.1624
03/31/2024 09:00:00,2933.0,1099,1627,17.1504
03/31/2024 11:00:00,2933.0,1099,1627,11.8138
03/31/2024 13:00:00,2933.0,1099,1627,8.6864
03/31/2024 15:00:00,2933.0,1099,1627,0.0068
03/31/2024 17:00:00,2933.0,1099,1627,0.0101
03/31/2024 19:00:00,2933.0,1099,1627,-0.0038
03/31/2024 21:00:00,2933.0,1099,1627,9.9635
03/31/2024 23:00:00,2933.0,1099,1627,10.5967
03/30/2024 01:00:00,2453.0,1121,1530,10.8037
03/30/2024 03:00:00,2453.0,1121,1530,11.2362
03/30/2024 05:00:00,2453.0,1121,1530,27.7336
03/30/2024 07:00:00,2453.0,1121,1530,15.3362
03/30/2024 09:00:00,2453.0,1121,1530,12.4562
03/30/2024 11:00:00,2453.0,1121,1530,0.0107
03/30/2024 13:00:00,2453.0,1121,1530,0.0049
03/30/2024 15:00:00,2453.0,1121,1530,-26.41
03/30/2024 17:00:00,2453.0,1121,1530,0.0065
03/30/2024 19:00:00,2453.0,1121,1530,10.0611
03/30/2024 21:00:00,2453.0,1121,1530,8.9165
03/30/2024 23:00:00,2453.0,1121,1530,15.9228
03/29/2024 01:00:00,1488.0,1351,1564,10.1381
03/29/2024 03:00:00,1488.0,1351,1564,10.3055
03/29/2024 05:00:00,1488.0,1351,1564,12.2063
03/29/2024 07:00:00,1488.0,1351,1564,13.8183
03/29/2024 09:00:00,1488.0,1351,1564,10.3324
03/29/2024 11:00:00,1488.0,1351,1564,0.0108
03/29/2024 13:00:00,1488.0,1351,1564,7.1271
03/29/2024 15:00:00,1488.0,1351,1564,10.6465
03/29/2024 17:00:00,1488.0,1351,1564,14.0625
03/29/2024 19:00:00,1488.0,1351,1564,10.6981
03/29/2024 21:00:00,1488.0,1351,1564,7.2945
03/29/2024 23:00:00,1488.0,1351,1564,13.1417
03/28/2024 01:00:00,795.0,1210,1938,12.9184
03/28/2024 03:00:00,795.0,1210,1938,23.7552
03/28/2024 05:00:00,795.0,1210,1938,15.2984
03/28/2024 07:00:00,795.0,1210,1938,23.1646
03/28/2024 09:00:00,795.0,1210,1938,16.6807
03/28/2024 11:00:00,795.0,1210,1938,11.8024
03/28/2024 13:00:00,795.0,1210,1938,10.007
03/28/2024 15:00:00,795.0,1210,1938,7.6648
03/28/2024 17:00:00,795.0,1210,1938,0.0093
03/28/2024 19:00:00,795.0,1210,1938,8.3462
03/28/2024 21:00:00,795.0,1210,1938,13.6781
03/28/2024 23:00:00,795.0,1210,1938,10.3214
03/27/2024 01:00:00,2008.0,1200,1699,11.3556
03/27/2024 03:00:00,2008.0,1200,1699,13.0988
03/27/2024 05:00:00,2008.0,1200,1699,16.3556
03/27/2024 07:00:00,2008.0,1200,1699,24.3232
03/27/2024 09:00:00,2008.0,1200,1699,18.8922
03/27/2024 11:00:00,2008.0,1200,1699,11.5771
03/27/2024 13:00:00,2008.0,1200,1699,11.1117
03/27/2024 15:00:00,2008.0,1200,1699,11.0424
03/27/2024 17:00:00,2008.0,1200,1699,10.979
03/27/2024 19:00:00,2008.0,1200,1699,11.1404
03/27/2024 21:00:00,2008.0,1200,1699,14.4301
03/27/2024 23:00:00,2008.0,1200,1699,11.7644
03/26/2024 01:00:00,1261.0,1308,1854,14.0004
03/26/2024 03:00:00,1261.0,1308,1854,12.9004
03/26/2024 05:00:00,1261.0,1308,1854,15.2972
03/26/2024 07:00:00,1261.0,1308,1854,40.3477
03/26/2024 09:00:00,1261.0,1308,1854,19.0508
03/26/2024 11:00:00,1261.0,1308,1854,12.2371
03/26/2024 13:00:00,1261.0,1308,1854,11.1626
03/26/2024 15:00:00,1261.0,1308,1854,9.3046
03/26/2024 17:00:00,1261.0,1308,1854,8.5617
03/26/2024 19:00:00,1261.0,1308,1854,18.814
03/26/2024 21:00:00,1261.0,1308,1854,11.7072
03/26/2024 23:00:00,1261.0,1308,1854,11.8613
03/25/2024 01:00:00,2438.0,850,1632,39.4834
03/25/2024 03:00:00,2438.0,850,1632,37.2745
03/25/2024 05:00:00,2438.0,850,1632,190.8441
03/25/2024 07:00:00,2438.0,850,1632,31.2941
03/25/2024 09:00:00,2438.0,850,1632,28.8607
03/25/2024 11:00:00,2438.0,850,1632,8.9629
03/25/2024 13:00:00,2438.0,850,1632,7.969
03/25/2024 15:00:00,2438.0,850,1632,6.9859
03/25/2024 17:00:00,2438.0,850,1632,7.7628
03/25/2024 19:00:00,2438.0,850,1632,14.8019
03/25/2024 21:00:00,2438.0,850,1632,18.4754
03/25/2024 23:00:00,2438.0,850,1632,16.7602
03/24/2024 01:00:00,2094.0,1370,1606,8.2335
03/24/2024 03:00:00,2094.0,1370,1606,9.518
03/24/2024 05:00:00,2094.0,1370,1606,20.5643
03/24/2024 07:00:00,2094.0,1370,1606,34.454
03/24/2024 09:00:00,2094.0,1370,1606,18.0623
03/24/2024 11:00:00,2094.0,1370,1606,13.6174
03/24/2024 13:00:00,2094.0,1370,1606,17.1327
03/24/2024 15:00:00,2094.0,1370,1606,7.8931
03/24/2024 17:00:00,2094.0,1370,1606,7.6363
03/24/2024 19:00:00,2094.0,1370,1606,8.8726
03/24/2024 21:00:00,2094.0,1370,1606,10.8474
03/24/2024 23:00:00,2094.0,1370,1606,9.6206
03/23/2024 01:00:00,2121.0,982,1559,55.0106
03/23/2024 03:00:00,2121.0,982,1559,185.662
03/23/2024 05:00:00,2121.0,982,1559,186.5095
03/23/2024 07:00:00,2121.0,982,1559,9.4052
03/23/2024 09:00:00,2121.0,982,1559,7.1436
03/23/2024 11:00:00,2121.0,982,1559,0.0152
03/23/2024 13:00:00,2121.0,982,1559,0.0201
03/23/2024 15:00:00,2121.0,982,1559,-2.1209
03/23/2024 17:00:00,2121.0,982,1559,12.4884
03/23/2024 19:00:00,2121.0,982,1559,7.9743
03/23/2024 21:00:00,2121.0,982,1559,14.185
03/23/2024 23:00:00,2121.0,982,1559,10.799
03/22/2024 01:00:00,1387.0,1157,1651,7.4872
03/22/2024 03:00:00,1387.0,1157,1651,0.0162
03/22/2024 05:00:00,1387.0,1157,1651,7.2907
03/22/2024 07:00:00,1387.0,1157,1651,10.8765
03/22/2024 09:00:00,1387.0,1157,1651,9.9687
03/22/2024 11:00:00,1387.0,1157,1651,8.0188
03/22/2024 13:00:00,1387.0,1157,1651,9.2681
03/22/2024 15:00:00,1387.0,1157,1651,8.4005
03/22/2024 17:00:00,1387.0,1157,1651,0.0018
03/22/2024 19:00:00,1387.0,1157,1651,0.0081
03/22/2024 21:00:00,1387.0,1157,1651,8.8445
03/22/2024 23:00:00,1387.0,1157,1651,7.5491
03/21/2024 01:00:00,1802.0,1246,1778,9.8975
03/21/2024 03:00:00,1802.0,1246,1778,8.8198
03/21/2024 05:00:00,1802.0,1246,1778,15.286
03/21/2024 07:00:00,1802.0,1246,1778,19.0509
03/21/2024 09:00:00,1802.0,1246,1778,13.7781
03/21/2024 11:00:00,1802.0,1246,1778,8.9211
03/21/2024 13:00:00,1802.0,1246,1778,7.8821
03/21/2024 15:00:00,1802.0,1246,1778,-0.0025
03/21/2024 17:00:00,1802.0,1246,1778,-0.0069
03/21/2024 19:00:00,1802.0,1246,1778,8.4002
03/21/2024 21:00:00,1802.0,1246,1778,17.7571
03/21/2024 23:00:00,1802.0,1246,1778,9.9588
03/20/2024 01:00:00,2604.0,1555,1730,9.272
03/20/2024 03:00:00,2604.0,1555,1730,0.013
03/20/2024 05:00:00,2604.0,1555,1730,9.6073
03/20/2024 07:00:00,2604.0,1555,1730,26.7433
03/20/2024 09:00:00,2604.0,1555,1730,16.7552
03/20/2024 11:00:00,2604.0,1555,1730,0.0126
03/20/2024 13:00:00,2604.0,1555,1730,8.6292
03/20/2024 15:00:00,2604.0,1555,1730,9.762
03/20/2024 17:00:00,2604.0,1555,1730,8.9289
03/20/2024 19:00:00,2604.0,1555,1730,12.5671
03/20/2024 21:00:00,2604.0,1555,1730,10.1507
03/20/2024 23:00:00,2604.0,1555,1730,10.274
03/19/2024 01:00:00,2695.0,983,1735,9.0818
03/19/2024 03:00:00,2695.0,983,1735,8.9735
03/19/2024 05:00:00,2695.0,983,1735,13.4057
03/19/2024 07:00:00,2695.0,983,1735,37.6277
03/19/2024 09:00:00,2695.0,983,1735,8.9888
03/19/2024 11:00:00,2695.0,983,1735,8.4959
03/19/2024 13:00:00,2695.0,983,1735,13.0588
03/19/2024 15:00:00,2695.0,983,1735,10.5171
03/19/2024 17:00:00,2695.0,983,1735,7.8127
03/19/2024 19:00:00,2695.0,983,1735,12.6492
03/19/2024 21:00:00,2695.0,983,1735,16.0935
03/19/2024 23:00:00,2695.0,983,1735,11.6069
03/18/2024 01:00:00,2628.0,964,1765,14.0186
03/18/2024 03:00:00,2628.0,964,1765,18.2694
03/18/2024 05:00:00,2628.0,964,1765,23.2325
03/18/2024 07:00:00,2628.0,964,1765,30.7368
03/18/2024 09:00:00,2628.0,964,1765,19.4401
03/18/2024 11:00:00,2628.0,964,1765,14.041
03/18/2024 13:00:00,2628.0,964,1765,12.7719
03/18/2024 15:00:00,2628.0,964,1765,13.2448
03/18/2024 17:00:00,2628.0,964,1765,10.5756
03/18/2024 19:00:00,2628.0,964,1765,13.2667
03/18/2024 21:00:00,2628.0,964,1765,43.2535
03/18/2024 23:00:00,2628.0,964,1765,9.4914
03/17/2024 01:00:00,2613.0,1418,1752,14.8546
03/17/2024 03:00:00,2613.0,1418,1752,18.1751
03/17/2024 05:00:00,2613.0,1418,1752,23.3918
03/17/2024 07:00:00,2613.0,1418,1752,41.379
03/17/2024 09:00:00,2613.0,1418,1752,18.4426
03/17/2024 11:00:00,2613.0,1418,1752,8.8154
03/17/2024 13:00:00,2613.0,1418,1752,8.4602
03/17/2024 15:00:00,2613.0,1418,1752,8.3572
03/17/2024 17:00:00,2613.0,1418,1752,7.6049
03/17/2024 19:00:00,2613.0,1418,1752,12.7325
03/17/2024 21:00:00,2613.0,1418,1752,13.0298
03/17/2024 23:00:00,2613.0,1418,1752,17.0439
03/16/2024 01:00:00,2586.0,815,1569,13.5503
03/16/2024 03:00:00,2586.0,815,1569,0.0362
03/16/2024 05:00:00,2586.0,815,1569,8.6898
03/16/2024 07:00:00,2586.0,815,1569,8.9976
03/16/2024 09:00:00,2586.0,815,1569,8.1884
03/16/2024 11:00:00,2586.0,815,1569,0.022
03/16/2024 13:00:00,2586.0,815,1569,0.0151
03/16/2024 15:00:00,2586.0,815,1569,7.7572
03/16/2024 17:00:00,2586.0,815,1569,13.9051
03/16/2024 19:00:00,2586.0,815,1569,41.9957
03/16/2024 21:00:00,2586.0,815,1569,42.1733
03/16/2024 23:00:00,2586.0,815,1569,14.0108
03/15/2024 01:00:00,2610.0,1339,1516,13.9901
03/15/2024 03:00:00,2610.0,1339,1516,13.1663
03/15/2024 05:00:00,2610.0,1339,1516,15.459
03/15/2024 07:00:00,2610.0,1339,1516,20.5585
03/15/2024 09:00:00,2610.0,1339,1516,22.2815
03/15/2024 11:00:00,2610.0,1339,1516,20.3864
03/15/2024 13:00:00,2610.0,1339,1516,14.8913
03/15/2024 15:00:00,2610.0,1339,1516,10.7175
03/15/2024 17:00:00,2610.0,1339,1516,8.2585
03/15/2024 19:00:00,2610.0,1339,1516,7.8304
03/15/2024 21:00:00,2610.0,1339,1516,13.0586
03/15/2024 23:00:00,2610.0,1339,1516,14.1918
03/14/2024 01:00:00,2791.0,1494,1643,8.8453
03/14/2024 03:00:00,2791.0,1494,1643,0.0213
03/14/2024 05:00:00,2791.0,1494,1643,0.0228
03/14/2024 07:00:00,2791.0,1494,1643,0.0265
03/14/2024 09:00:00,2791.0,1494,1643,8.5466
03/14/2024 11:00:00,2791.0,1494,1643,-1.1123
03/14/2024 13:00:00,2791.0,1494,1643,0.0091
03/14/2024 15:00:00,2791.0,1494,1643,-1.0517
03/14/2024 17:00:00,2791.0,1494,1643,7.212
03/14/2024 19:00:00,2791.0,1494,1643,11.7637
03/14/2024 21:00:00,2791.0,1494,1643,14.1113
03/14/2024 23:00:00,2791.0,1494,1643,12.015
03/13/2024 01:00:00,2852.0,1359,1623,8.7929
03/13/2024 03:00:00,2852.0,1359,1623,9.1129
03/13/2024 05:00:00,2852.0,1359,1623,17.264
03/13/2024 07:00:00,2852.0,1359,1623,18.9254
03/13/2024 09:00:00,2852.0,1359,1623,9.007
03/13/2024 11:00:00,2852.0,1359,1623,6.85
03/13/2024 13:00:00,2852.0,1359,1623,7.356
03/13/2024 15:00:00,2852.0,1359,1623,0.0023
03/13/2024 17:00:00,2852.0,1359,1623,7.8335
03/13/2024 19:00:00,2852.0,1359,1623,13.831
03/13/2024 21:00:00,2852.0,1359,1623,13.9329
03/13/2024 23:00:00,2852.0,1359,1623,8.312
03/12/2024 01:00:00,2437.0,1563,1624,18.0846
03/12/2024 03:00:00,2437.0,1563,1624,9.9927
03/12/2024 05:00:00,2437.0,1563,1624,0.0102
03/12/2024 07:00:00,2437.0,1563,1624,19.0791
03/12/2024 09:00:00,2437.0,1563,1624,15.5534
03/12/2024 11:00:00,2437.0,1563,1624,0.0203
03/12/2024 13:00:00,2437.0,1563,1624,8.7696
03/12/2024 15:00:00,2437.0,1563,1624,9.8468
03/12/2024 17:00:00,2437.0,1563,1624,13.6369
03/12/2024 21:00:00,2437.0,1563,1624,9.8451
03/12/2024 23:00:00,2437.0,1563,1624,8.9475
03/11/2024 01:00:00,1190.0,1238,1703,9.0267
03/11/2024 03:00:00,1190.0,1238,1703,9.6275
03/11/2024 05:00:00,1190.0,1238,1703,10.3065
03/11/2024 07:00:00,1190.0,1238,1703,11.6252
03/11/2024 09:00:00,1190.0,1238,1703,16.4252
03/11/2024 11:00:00,1190.0,1238,1703,15.0797
03/11/2024 13:00:00,1190.0,1238,1703,16.4151
03/11/2024 15:00:00,1190.0,1238,1703,14.6411
03/11/2024 17:00:00,1190.0,1238,1703,8.0586
03/11/2024 19:00:00,1190.0,1238,1703,18.5836
03/11/2024 21:00:00,1190.0,1238,1703,18.1051
03/11/2024 23:00:00,1190.0,1238,1703,17.3648
03/10/2024 01:00:00,1742.0,1624,1787,15.0029
03/10/2024 03:00:00,1742.0,1624,1787,11.7048
03/10/2024 07:00:00,1742.0,1624,1787,19.3422
03/10/2024 09:00:00,1742.0,1624,1787,16.4928
03/10/2024 11:00:00,1742.0,1624,1787,9.3396
03/10/2024 13:00:00,1742.0,1624,1787,0.0037
03/10/2024 15:00:00,1742.0,1624,1787,7.0344
03/10/2024 17:00:00,1742.0,1624,1787,0.0051
03/10/2024 19:00:00,1742.0,1624,1787,18.1167
03/10/2024 21:00:00,1742.0,1624,1787,16.7016
03/10/2024 23:00:00,1742.0,1624,1787,10.3721
03/09/2024 01:00:00,1854.0,1384,1655,18.9693
03/09/2024 03:00:00,1854.0,1384,1655,16.8143
03/09/2024 05:00:00,1854.0,1384,1655,15.6645
03/09/2024 07:00:00,1854.0,1384,1655,18.2217
03/09/2024 09:00:00,1854.0,1384,1655,12.9934
03/09/2024 11:00:00,1854.0,1384,1655,10.1607
03/09/2024 13:00:00,1854.0,1384,1655,9.6249
03/09/2024 15:00:00,1854.0,1384,1655,9.1504
03/09/2024 17:00:00,1854.0,1384,1655,8.5912
03/09/2024 19:00:00,1854.0,1384,1655,28.2047
03/09/2024 21:00:00,1854.0,1384,1655,11.362
03/09/2024 23:00:00,1854.0,1384,1655,14.8356
03/08/2024 01:00:00,1968.0,1142,1612,22.7935
03/08/2024 03:00:00,1968.0,1142,1612,24.8726
03/08/2024 05:00:00,1968.0,1142,1612,24.8351
03/08/2024 07:00:00,1968.0,1142,1612,27.4169
03/08/2024 09:00:00,1968.0,1142,1612,20.3316
03/08/2024 11:00:00,1968.0,1142,1612,14.4161
03/08/2024 13:00:00,1968.0,1142,1612,15.0904
03/08/2024 15:00:00,1968.0,1142,1612,16.8663
03/08/2024 17:00:00,1968.0,1142,1612,15.8115
03/08/2024 19:00:00,1968.0,1142,1612,17.9291
03/08/2024 21:00:00,1968.0,1142,1612,17.7741
03/08/2024 23:00:00,1968.0,1142,1612,20.3493
03/07/2024 01:00:00,2498.0,1440,1685,14.9014
03/07/2024 03:00:00,2498.0,1440,1685,15.0899
03/07/2024 05:00:00,2498.0,1440,1685,14.5257
03/07/2024 07:00:00,2498.0,1440,1685,17.2502
03/07/2024 09:00:00,2498.0,1440,1685,14.5
03/07/2024 11:00:00,2498.0,1440,1685,10.4955
03/07/2024 13:00:00,2498.0,1440,1685,14.9361
03/07/2024 15:00:00,2498.0,1440,1685,17.8737
03/07/2024 17:00:00,2498.0,1440,1685,17.7866
03/07/2024 19:00:00,2498.0,1440,1685,25.5494
03/07/2024 21:00:00,2498.0,1440,1685,25.0944
03/07/2024 23:00:00,2498.0,1440,1685,19.0314
03/06/2024 01:00:00,2076.0,896,1684,8.2718
03/06/2024 03:00:00,2076.0,896,1684,12.4375
03/06/2024 05:00:00,2076.0,896,1684,14.2685
03/06/2024 07:00:00,2076.0,896,1684,21.0276
03/06/2024 09:00:00,2076.0,896,1684,8.6941
03/06/2024 11:00:00,2076.0,896,1684,9.6233
03/06/2024 13:00:00,2076.0,896,1684,10.8954
03/06/2024 15:00:00,2076.0,896,1684,14.0455
03/06/2024 17:00:00,2076.0,896,1684,19.1552
03/06/2024 19:00:00,2076.0,896,1684,18.4595
03/06/2024 21:00:00,2076.0,896,1684,14.2483
03/06/2024 23:00:00,2076.0,896,1684,16.3003
03/05/2024 01:00:00,1480.0,1831,1746,0.0152
03/05/2024 03:00:00,1480.0,1831,1746,8.9908
03/05/2024 05:00:00,1480.0,1831,1746,10.233
03/05/2024 07:00:00,1480.0,1831,1746,27.1572
03/05/2024 09:00:00,1480.0,1831,1746,11.8826
03/05/2024 11:00:00,1480.0,1831,1746,9.7213
03/05/2024 13:00:00,1480.0,1831,1746,8.7524
03/05/2024 15:00:00,1480.0,1831,1746,0.0077
03/05/2024 17:00:00,1480.0,1831,1746,10.6842
03/05/2024 19:00:00,1480.0,1831,1746,17.7203
03/05/2024 21:00:00,1480.0,1831,1746,12.4838
03/05/2024 23:00:00,1480.0,1831,1746,9.5077
03/04/2024 01:00:00,1407.0,1576,1839,8.7414
03/04/2024 03:00:00,1407.0,1576,1839,8.5955
03/04/2024 05:00:00,1407.0,1576,1839,9.5145
03/04/2024 07:00:00,1407.0,1576,1839,27.2178
03/04/2024 09:00:00,1407.0,1576,1839,15.8043
03/04/2024 11:00:00,1407.0,1576,1839,14.3906
03/04/2024 13:00:00,1407.0,1576,1839,19.0105
03/04/2024 15:00:00,1407.0,1576,1839,9.0752
03/04/2024 17:00:00,1407.0,1576,1839,8.6086
03/04/2024 19:00:00,1407.0,1576,1839,28.4977
03/04/2024 21:00:00,1407.0,1576,1839,13.2298
03/04/2024 23:00:00,1407.0,1576,1839,8.3386
03/03/2024 01:00:00,1060.0,1719,1914,45.9703
03/03/2024 03:00:00,1060.0,1719,1914,0.0244
03/03/2024 05:00:00,1060.0,1719,1914,0.0261
03/03/2024 07:00:00,1060.0,1719,1914,8.5283
03/03/2024 09:00:00,1060.0,1719,1914,0.0238
03/03/2024 11:00:00,1060.0,1719,1914,-2.133
03/03/2024 13:00:00,1060.0,1719,1914,8.8402
03/03/2024 15:00:00,1060.0,1719,1914,0.009
03/03/2024 17:00:00,1060.0,1719,1914,0.0062
03/03/2024 19:00:00,1060.0,1719,1914,16.7508
03/03/2024 21:00:00,1060.0,1719,1914,14.2592
03/03/2024 23:00:00,1060.0,1719,1914,14.8109
03/02/2024 01:00:00,1138.0,1925,1834,13.4794
03/02/2024 03:00:00,1138.0,1925,1834,14.0303
03/02/2024 05:00:00,1138.0,1925,1834,16.343
03/02/2024 07:00:00,1138.0,1925,1834,26.8797
03/02/2024 09:00:00,1138.0,1925,1834,9.0902
03/02/2024 11:00:00,1138.0,1925,1834,-27.14
03/02/2024 13:00:00,1138.0,1925,1834,-2.0836
03/02/2024 15:00:00,1138.0,1925,1834,-40.444
03/02/2024 17:00:00,1138.0,1925,1834,0.0138
03/02/2024 19:00:00,1138.0,1925,1834,14.3435
03/02/2024 21:00:00,1138.0,1925,1834,16.9296
03/02/2024 23:00:00,1138.0,1925,1834,55.4485
03/01/2024 01:00:00,1261.0,1913,1925,16.0669
03/01/2024 03:00:00,1261.0,1913,1925,14.6348
03/01/2024 05:00:00,1261.0,1913,1925,15.6154
03/01/2024 07:00:00,1261.0,1913,1925,26.8447
03/01/2024 09:00:00,1261.0,1913,1925,14.8381
03/01/2024 11:00:00,1261.0,1913,1925,15.0056
03/01/2024 13:00:00,1261.0,1913,1925,14.4339
03/01/2024 15:00:00,1261.0,1913,1925,14.3272
03/01/2024 17:00:00,1261.0,1913,1925,9.8665
03/01/2024 19:00:00,1261.0,1913,1925,20.3868
03/01/2024 21:00:00,1261.0,1913,1925,15.3845
03/01/2024 23:00:00,1261.0,1913,1925,14.4194
