timestamp,solar_generation,net_generation,demand,LMP
02/28/2025 03:00:00,0.0,,802,15.9421
02/28/2025 07:00:00,0.0,,802,20.7607
02/28/2025 09:00:00,0.0,,802,-38.4175
02/28/2025 11:00:00,0.0,,802,-21.5648
02/28/2025 15:00:00,0.0,,802,-21.0852
02/28/2025 19:00:00,0.0,,802,51.1386
02/28/2025 21:00:00,0.0,,802,38.547
02/28/2025 23:00:00,0.0,,802,32.9207
02/27/2025 01:00:00,883.0,591,854,24.6132
02/27/2025 03:00:00,883.0,591,854,18.9389
02/27/2025 05:00:00,883.0,591,854,20.1263
02/27/2025 07:00:00,883.0,591,854,24.4269
02/27/2025 09:00:00,883.0,591,854,17.6041
02/27/2025 19:00:00,883.0,591,854,45.3923
02/27/2025 21:00:00,883.0,591,854,19.9946
02/26/2025 03:00:00,932.0,528,838,-31.0359
02/26/2025 07:00:00,932.0,528,838,19.3502
02/26/2025 09:00:00,932.0,528,838,-30.2521
02/26/2025 11:00:00,932.0,528,838,-39.6269
02/26/2025 13:00:00,932.0,528,838,-2.1146
02/26/2025 19:00:00,932.0,528,838,24.9062
02/26/2025 21:00:00,932.0,528,838,37.0682
02/26/2025 23:00:00,932.0,528,838,31.0645
02/25/2025 01:00:00,942.0,526,935,19.0785
02/25/2025 03:00:00,942.0,526,935,18.8787
02/25/2025 05:00:00,942.0,526,935,17.1374
02/25/2025 07:00:00,942.0,526,935,21.9428
02/25/2025 09:00:00,942.0,526,935,-43.0802
02/25/2025 11:00:00,942.0,526,935,0.0049
02/25/2025 13:00:00,942.0,526,935,0.0033
02/25/2025 15:00:00,942.0,526,935,-29.9327
02/25/2025 17:00:00,942.0,526,935,0.0036
02/25/2025 21:00:00,942.0,526,935,18.8487
02/25/2025 23:00:00,942.0,526,935,0.0148
02/24/2025 01:00:00,977.0,517,929,20.5628
02/24/2025 03:00:00,977.0,517,929,20.9346
02/24/2025 05:00:00,977.0,517,929,22.4848
02/24/2025 07:00:00,977.0,517,929,27.8191
02/24/2025 09:00:00,977.0,517,929,0.006
02/24/2025 11:00:00,977.0,517,929,-29.5814
02/24/2025 15:00:00,977.0,517,929,-2.0944
02/24/2025 17:00:00,977.0,517,929,0.0007
02/24/2025 19:00:00,977.0,517,929,29.5832
02/24/2025 21:00:00,977.0,517,929,24.5979
02/24/2025 23:00:00,977.0,517,929,20.7572
02/23/2025 01:00:00,937.0,510,882,23.9171
02/23/2025 03:00:00,937.0,510,882,22.3428
02/23/2025 05:00:00,937.0,510,882,20.4993
02/23/2025 07:00:00,937.0,510,882,23.4194
02/23/2025 09:00:00,937.0,510,882,0.02
02/23/2025 15:00:00,937.0,510,882,0.0027
02/23/2025 17:00:00,937.0,510,882,11.5782
02/23/2025 19:00:00,937.0,510,882,45.5847
02/23/2025 21:00:00,937.0,510,882,0.013
02/23/2025 23:00:00,937.0,510,882,23.1701
02/22/2025 01:00:00,973.0,506,781,27.1648
02/22/2025 03:00:00,973.0,506,781,20.8885
02/22/2025 05:00:00,973.0,506,781,25.5765
02/22/2025 07:00:00,973.0,506,781,26.6761
02/22/2025 09:00:00,973.0,506,781,0.0158
02/22/2025 11:00:00,973.0,506,781,0.0064
02/22/2025 13:00:00,973.0,506,781,18.8798
02/22/2025 15:00:00,973.0,506,781,0.0025
02/22/2025 17:00:00,973.0,506,781,0.0076
02/22/2025 19:00:00,973.0,506,781,34.5024
02/22/2025 21:00:00,973.0,506,781,24.7343
02/22/2025 23:00:00,973.0,506,781,27.526
02/21/2025 01:00:00,783.0,478,767,25.4876
02/21/2025 03:00:00,783.0,478,767,30.2606
02/21/2025 05:00:00,783.0,478,767,53.9967
02/21/2025 07:00:00,783.0,478,767,68.1548
02/21/2025 09:00:00,783.0,478,767,29.5658
02/21/2025 11:00:00,783.0,478,767,20.5246
02/21/2025 13:00:00,783.0,478,767,0.0017
02/21/2025 15:00:00,783.0,478,767,13.8612
02/21/2025 17:00:00,783.0,478,767,0.0032
02/21/2025 19:00:00,783.0,478,767,40.0627
02/21/2025 21:00:00,783.0,478,767,43.076
02/21/2025 23:00:00,783.0,478,767,22.2066
02/20/2025 01:00:00,855.0,420,879,29.8491
02/20/2025 03:00:00,855.0,420,879,28.5143
02/20/2025 05:00:00,855.0,420,879,28.636
02/20/2025 07:00:00,855.0,420,879,40.1859
02/20/2025 09:00:00,855.0,420,879,23.171
02/20/2025 11:00:00,855.0,420,879,16.1291
02/20/2025 13:00:00,855.0,420,879,0.0094
02/20/2025 15:00:00,855.0,420,879,0.0031
02/20/2025 17:00:00,855.0,420,879,25.4541
02/20/2025 19:00:00,855.0,420,879,28.1547
02/20/2025 21:00:00,855.0,420,879,28.3318
02/20/2025 23:00:00,855.0,420,879,25.3088
02/19/2025 01:00:00,773.0,463,870,36.6555
02/19/2025 03:00:00,773.0,463,870,36.144
02/19/2025 05:00:00,773.0,463,870,35.8968
02/19/2025 07:00:00,773.0,463,870,60.0464
02/19/2025 09:00:00,773.0,463,870,38.6753
02/19/2025 11:00:00,773.0,463,870,29.6582
02/19/2025 13:00:00,773.0,463,870,26.8479
02/19/2025 15:00:00,773.0,463,870,23.863
02/19/2025 17:00:00,773.0,463,870,25.9353
02/19/2025 19:00:00,773.0,463,870,52.9188
02/19/2025 21:00:00,773.0,463,870,50.3626
02/19/2025 23:00:00,773.0,463,870,35.6336
02/18/2025 01:00:00,930.0,526,832,29.3875
02/18/2025 03:00:00,930.0,526,832,34.0972
02/18/2025 05:00:00,930.0,526,832,36.5272
02/18/2025 07:00:00,930.0,526,832,63.0652
02/18/2025 09:00:00,930.0,526,832,61.1639
02/18/2025 11:00:00,930.0,526,832,27.87
02/18/2025 13:00:00,930.0,526,832,24.2426
02/18/2025 15:00:00,930.0,526,832,26.315
02/18/2025 17:00:00,930.0,526,832,26.4303
02/18/2025 19:00:00,930.0,526,832,39.5815
02/18/2025 21:00:00,930.0,526,832,66.2752
02/18/2025 23:00:00,930.0,526,832,51.8535
02/17/2025 01:00:00,861.0,476,868,28.725
02/17/2025 03:00:00,861.0,476,868,30.5287
02/17/2025 05:00:00,861.0,476,868,28.5475
02/17/2025 07:00:00,861.0,476,868,54.6242
02/17/2025 09:00:00,861.0,476,868,18.1392
02/17/2025 11:00:00,861.0,476,868,28.1533
02/17/2025 13:00:00,861.0,476,868,21.9692
02/17/2025 15:00:00,861.0,476,868,22.5705
02/17/2025 17:00:00,861.0,476,868,28.7795
02/17/2025 19:00:00,861.0,476,868,55.48
02/17/2025 21:00:00,861.0,476,868,64.7667
02/17/2025 23:00:00,861.0,476,868,38.8951
02/16/2025 01:00:00,905.0,533,854,40.4909
02/16/2025 03:00:00,905.0,533,854,30.9489
02/16/2025 05:00:00,905.0,533,854,25.8813
02/16/2025 07:00:00,905.0,533,854,39.2064
02/16/2025 09:00:00,905.0,533,854,63.4949
02/16/2025 11:00:00,905.0,533,854,23.0698
02/16/2025 13:00:00,905.0,533,854,0.0053
02/16/2025 15:00:00,905.0,533,854,-2.1303
02/16/2025 17:00:00,905.0,533,854,0.0089
02/16/2025 19:00:00,905.0,533,854,41.2309
02/16/2025 21:00:00,905.0,533,854,29.8911
02/16/2025 23:00:00,905.0,533,854,30.3667
02/15/2025 01:00:00,913.0,476,747,26.4366
02/15/2025 03:00:00,913.0,476,747,27.5786
02/15/2025 05:00:00,913.0,476,747,37.7704
02/15/2025 07:00:00,913.0,476,747,34.7251
02/15/2025 09:00:00,913.0,476,747,26.3417
02/15/2025 11:00:00,913.0,476,747,39.2679
02/15/2025 13:00:00,913.0,476,747,26.8851
02/15/2025 15:00:00,913.0,476,747,25.9928
02/15/2025 17:00:00,913.0,476,747,16.5367
02/15/2025 19:00:00,913.0,476,747,28.85
02/15/2025 21:00:00,913.0,476,747,28.731
02/15/2025 23:00:00,913.0,476,747,29.032
02/14/2025 01:00:00,917.0,489,769,9.2526
02/14/2025 03:00:00,917.0,489,769,23.3433
02/14/2025 05:00:00,917.0,489,769,21.1963
02/14/2025 07:00:00,917.0,489,769,26.3319
02/14/2025 09:00:00,917.0,489,769,25.0831
02/14/2025 11:00:00,917.0,489,769,22.5869
02/14/2025 13:00:00,917.0,489,769,22.2203
02/14/2025 15:00:00,917.0,489,769,24.7453
02/14/2025 17:00:00,917.0,489,769,22.2962
02/14/2025 19:00:00,917.0,489,769,45.7136
02/14/2025 21:00:00,917.0,489,769,26.1622
02/14/2025 23:00:00,917.0,489,769,18.7636
02/13/2025 01:00:00,672.0,501,837,24.4144
02/13/2025 03:00:00,672.0,501,837,22.9779
02/13/2025 05:00:00,672.0,501,837,24.8004
02/13/2025 07:00:00,672.0,501,837,25.4687
02/13/2025 09:00:00,672.0,501,837,25.0362
02/13/2025 11:00:00,672.0,501,837,21.6111
02/13/2025 13:00:00,672.0,501,837,5.4788
02/13/2025 15:00:00,672.0,501,837,17.7427
02/13/2025 17:00:00,672.0,501,837,96.3396
02/13/2025 19:00:00,672.0,501,837,24.5614
02/13/2025 21:00:00,672.0,501,837,10.1279
02/13/2025 23:00:00,672.0,501,837,16.2126
02/12/2025 01:00:00,739.0,552,841,32.6492
02/12/2025 03:00:00,739.0,552,841,27.9485
02/12/2025 05:00:00,739.0,552,841,0.0098
02/12/2025 07:00:00,739.0,552,841,18.6198
02/12/2025 09:00:00,739.0,552,841,17.6586
02/12/2025 11:00:00,739.0,552,841,3.4727
02/12/2025 13:00:00,739.0,552,841,12.0308
02/12/2025 15:00:00,739.0,552,841,9.718
02/12/2025 17:00:00,739.0,552,841,23.6286
02/12/2025 19:00:00,739.0,552,841,51.3751
02/12/2025 21:00:00,739.0,552,841,37.5582
02/12/2025 23:00:00,739.0,552,841,32.1867
02/11/2025 01:00:00,558.0,663,859,31.6997
02/11/2025 03:00:00,558.0,663,859,33.4548
02/11/2025 05:00:00,558.0,663,859,58.1739
02/11/2025 07:00:00,558.0,663,859,56.9663
02/11/2025 09:00:00,558.0,663,859,56.1855
02/11/2025 11:00:00,558.0,663,859,31.3215
02/11/2025 13:00:00,558.0,663,859,29.8089
02/11/2025 15:00:00,558.0,663,859,28.9724
02/11/2025 17:00:00,558.0,663,859,28.9067
02/11/2025 19:00:00,558.0,663,859,34.5352
02/11/2025 21:00:00,558.0,663,859,31.5447
02/11/2025 23:00:00,558.0,663,859,32.1934
02/10/2025 01:00:00,657.0,543,868,16.2917
02/10/2025 03:00:00,657.0,543,868,17.504
02/10/2025 05:00:00,657.0,543,868,19.0064
02/10/2025 07:00:00,657.0,543,868,40.2727
02/10/2025 09:00:00,657.0,543,868,19.4849
02/10/2025 11:00:00,657.0,543,868,18.1181
02/10/2025 13:00:00,657.0,543,868,11.9623
02/10/2025 15:00:00,657.0,543,868,0.009
02/10/2025 17:00:00,657.0,543,868,17.9131
02/10/2025 19:00:00,657.0,543,868,21.9361
02/10/2025 21:00:00,657.0,543,868,103.0971
02/10/2025 23:00:00,657.0,543,868,21.8853
02/09/2025 01:00:00,352.0,475,863,34.0541
02/09/2025 03:00:00,352.0,475,863,23.6914
02/09/2025 05:00:00,352.0,475,863,33.4363
02/09/2025 07:00:00,352.0,475,863,33.0058
02/09/2025 09:00:00,352.0,475,863,24.3217
02/09/2025 11:00:00,352.0,475,863,13.0582
02/09/2025 13:00:00,352.0,475,863,17.8514
02/09/2025 15:00:00,352.0,475,863,16.7709
02/09/2025 17:00:00,352.0,475,863,17.8105
02/09/2025 19:00:00,352.0,475,863,25.472
02/09/2025 21:00:00,352.0,475,863,20.4253
02/09/2025 23:00:00,352.0,475,863,21.6634
02/08/2025 01:00:00,828.0,658,837,0.0279
02/08/2025 03:00:00,828.0,658,837,28.7762
02/08/2025 05:00:00,828.0,658,837,4.2595
02/08/2025 07:00:00,828.0,658,837,17.2068
02/08/2025 09:00:00,828.0,658,837,17.2741
02/08/2025 11:00:00,828.0,658,837,17.919
02/08/2025 13:00:00,828.0,658,837,17.388
02/08/2025 15:00:00,828.0,658,837,0.0136
02/08/2025 17:00:00,828.0,658,837,18.4427
02/08/2025 19:00:00,828.0,658,837,40.5499
02/08/2025 21:00:00,828.0,658,837,28.6094
02/08/2025 23:00:00,828.0,658,837,24.3366
02/07/2025 01:00:00,856.0,636,859,3.7881
02/07/2025 03:00:00,856.0,636,859,0.0204
02/07/2025 05:00:00,856.0,636,859,17.5325
02/07/2025 07:00:00,856.0,636,859,45.8042
02/07/2025 09:00:00,856.0,636,859,21.0269
02/07/2025 11:00:00,856.0,636,859,12.1747
02/07/2025 13:00:00,856.0,636,859,0.0156
02/07/2025 15:00:00,856.0,636,859,0.0129
02/07/2025 17:00:00,856.0,636,859,0.012
02/07/2025 19:00:00,856.0,636,859,21.1632
02/07/2025 21:00:00,856.0,636,859,0.0205
02/07/2025 23:00:00,856.0,636,859,12.3145
02/06/2025 01:00:00,858.0,491,915,14.9681
02/06/2025 03:00:00,858.0,491,915,15.8043
02/06/2025 05:00:00,858.0,491,915,20.8427
02/06/2025 07:00:00,858.0,491,915,45.6949
02/06/2025 09:00:00,858.0,491,915,27.2761
02/06/2025 11:00:00,858.0,491,915,19.6556
02/06/2025 13:00:00,858.0,491,915,16.5052
02/06/2025 15:00:00,858.0,491,915,0.0108
02/06/2025 17:00:00,858.0,491,915,7.1355
02/06/2025 19:00:00,858.0,491,915,20.9442
02/06/2025 21:00:00,858.0,491,915,12.4172
02/06/2025 23:00:00,858.0,491,915,0.0307
02/05/2025 01:00:00,882.0,548,856,21.1625
02/05/2025 03:00:00,882.0,548,856,22.0386
02/05/2025 05:00:00,882.0,548,856,32.0666
02/05/2025 07:00:00,882.0,548,856,45.8819
02/05/2025 09:00:00,882.0,548,856,17.5012
02/05/2025 11:00:00,882.0,548,856,13.3386
02/05/2025 13:00:00,882.0,548,856,0.0182
02/05/2025 15:00:00,882.0,548,856,-2.2447
02/05/2025 17:00:00,882.0,548,856,3.8542
02/05/2025 19:00:00,882.0,548,856,45.714
02/05/2025 21:00:00,882.0,548,856,22.2554
02/05/2025 23:00:00,882.0,548,856,19.6685
02/04/2025 01:00:00,845.0,488,898,19.2655
02/04/2025 03:00:00,845.0,488,898,19.4489
02/04/2025 05:00:00,845.0,488,898,20.449
02/04/2025 07:00:00,845.0,488,898,45.748
02/04/2025 09:00:00,845.0,488,898,45.7131
02/04/2025 11:00:00,845.0,488,898,18.8781
02/04/2025 13:00:00,845.0,488,898,13.7223
02/04/2025 15:00:00,845.0,488,898,20.712
02/04/2025 17:00:00,845.0,488,898,21.1135
02/04/2025 19:00:00,845.0,488,898,27.2864
02/04/2025 21:00:00,845.0,488,898,18.548
02/04/2025 23:00:00,845.0,488,898,20.407
02/03/2025 01:00:00,814.0,536,916,16.0965
02/03/2025 03:00:00,814.0,536,916,0.985
02/03/2025 05:00:00,814.0,536,916,0.5296
02/03/2025 07:00:00,814.0,536,916,17.4343
02/03/2025 09:00:00,814.0,536,916,17.5317
02/03/2025 11:00:00,814.0,536,916,0.0309
02/03/2025 13:00:00,814.0,536,916,14.6515
02/03/2025 15:00:00,814.0,536,916,15.6579
02/03/2025 17:00:00,814.0,536,916,18.6592
02/03/2025 19:00:00,814.0,536,916,27.0895
02/03/2025 21:00:00,814.0,536,916,21.4573
02/03/2025 23:00:00,814.0,536,916,19.2799
02/02/2025 01:00:00,801.0,603,895,19.0983
02/02/2025 03:00:00,801.0,603,895,39.452
02/02/2025 05:00:00,801.0,603,895,39.1843
02/02/2025 07:00:00,801.0,603,895,18.6492
02/02/2025 09:00:00,801.0,603,895,0.0235
02/02/2025 11:00:00,801.0,603,895,0.7606
02/02/2025 13:00:00,801.0,603,895,3.399
02/02/2025 15:00:00,801.0,603,895,3.3895
02/02/2025 17:00:00,801.0,603,895,8.1013
02/02/2025 19:00:00,801.0,603,895,21.0089
02/02/2025 21:00:00,801.0,603,895,18.6318
02/02/2025 23:00:00,801.0,603,895,16.4917
02/01/2025 01:00:00,798.0,447,793,10.6003
02/01/2025 03:00:00,798.0,447,793,0.0153
02/01/2025 05:00:00,798.0,447,793,15.9554
02/01/2025 07:00:00,798.0,447,793,15.889
02/01/2025 09:00:00,798.0,447,793,17.6765
02/01/2025 11:00:00,798.0,447,793,18.4533
02/01/2025 13:00:00,798.0,447,793,17.3059
02/01/2025 15:00:00,798.0,447,793,10.0908
02/01/2025 17:00:00,798.0,447,793,17.6139
02/01/2025 19:00:00,798.0,447,793,45.6837
02/01/2025 21:00:00,798.0,447,793,18.1312
02/01/2025 23:00:00,798.0,447,793,18.3876
01/31/2025 07:00:00,735.0,519,805,20.8035
01/31/2025 09:00:00,735.0,519,805,19.8654
01/31/2025 11:00:00,735.0,519,805,19.6214
01/31/2025 13:00:00,735.0,519,805,20.0988
01/31/2025 15:00:00,735.0,519,805,18.1151
01/31/2025 17:00:00,735.0,519,805,16.8068
01/31/2025 19:00:00,735.0,519,805,17.2664
01/31/2025 21:00:00,735.0,519,805,19.3657
01/31/2025 23:00:00,735.0,519,805,17.9022
01/30/2025 01:00:00,836.0,524,863,31.4399
01/30/2025 03:00:00,836.0,524,863,28.4778
01/30/2025 05:00:00,836.0,524,863,21.7391
01/30/2025 07:00:00,836.0,524,863,21.1461
01/30/2025 09:00:00,836.0,524,863,22.6757
01/30/2025 11:00:00,836.0,524,863,21.3819
01/30/2025 13:00:00,836.0,524,863,19.4494
01/30/2025 15:00:00,836.0,524,863,14.8696
01/30/2025 17:00:00,836.0,524,863,0.0064
01/30/2025 21:00:00,836.0,524,863,15.4603
01/30/2025 23:00:00,836.0,524,863,14.9076
01/29/2025 01:00:00,788.0,442,954,31.4916
01/29/2025 03:00:00,788.0,442,954,32.0544
01/29/2025 05:00:00,788.0,442,954,31.941
01/29/2025 07:00:00,788.0,442,954,89.3772
01/29/2025 09:00:00,788.0,442,954,31.4382
01/29/2025 11:00:00,788.0,442,954,25.1639
01/29/2025 13:00:00,788.0,442,954,20.927
01/29/2025 15:00:00,788.0,442,954,0.004
01/29/2025 17:00:00,788.0,442,954,29.1354
01/29/2025 19:00:00,788.0,442,954,35.8377
01/29/2025 21:00:00,788.0,442,954,28.0741
01/29/2025 23:00:00,788.0,442,954,30.5729
01/28/2025 01:00:00,737.0,444,902,28.5875
01/28/2025 03:00:00,737.0,444,902,45.5367
01/28/2025 05:00:00,737.0,444,902,28.8391
01/28/2025 07:00:00,737.0,444,902,32.3065
01/28/2025 09:00:00,737.0,444,902,33.9747
01/28/2025 11:00:00,737.0,444,902,21.458
01/28/2025 13:00:00,737.0,444,902,22.1871
01/28/2025 15:00:00,737.0,444,902,20.4141
01/28/2025 17:00:00,737.0,444,902,32.6675
01/28/2025 19:00:00,737.0,444,902,45.7198
01/28/2025 21:00:00,737.0,444,902,30.783
01/28/2025 23:00:00,737.0,444,902,27.43
01/27/2025 01:00:00,594.0,568,899,20.7561
01/27/2025 03:00:00,594.0,568,899,24.2677
01/27/2025 05:00:00,594.0,568,899,20.8543
01/27/2025 07:00:00,594.0,568,899,25.8041
01/27/2025 09:00:00,594.0,568,899,22.2948
01/27/2025 11:00:00,594.0,568,899,21.1731
01/27/2025 13:00:00,594.0,568,899,22.2356
01/27/2025 15:00:00,594.0,568,899,10.3009
01/27/2025 17:00:00,594.0,568,899,21.8898
01/27/2025 19:00:00,594.0,568,899,22.6712
01/27/2025 21:00:00,594.0,568,899,27.1385
01/27/2025 23:00:00,594.0,568,899,25.6055
01/26/2025 01:00:00,799.0,596,889,39.964
01/26/2025 03:00:00,799.0,596,889,35.5897
01/26/2025 05:00:00,799.0,596,889,28.3844
01/26/2025 07:00:00,799.0,596,889,24.0751
01/26/2025 09:00:00,799.0,596,889,35.1757
01/26/2025 11:00:00,799.0,596,889,24.5223
01/26/2025 13:00:00,799.0,596,889,24.2802
01/26/2025 15:00:00,799.0,596,889,23.7712
01/26/2025 17:00:00,799.0,596,889,23.2095
01/26/2025 19:00:00,799.0,596,889,33.1434
01/26/2025 21:00:00,799.0,596,889,19.3013
01/26/2025 23:00:00,799.0,596,889,30.1194
01/25/2025 01:00:00,780.0,745,813,22.4742
01/25/2025 03:00:00,780.0,745,813,23.5661
01/25/2025 05:00:00,780.0,745,813,26.444
01/25/2025 07:00:00,780.0,745,813,25.6097
01/25/2025 09:00:00,780.0,745,813,26.461
01/25/2025 11:00:00,780.0,745,813,25.4067
01/25/2025 13:00:00,780.0,745,813,21.7081
01/25/2025 15:00:00,780.0,745,813,25.6865
01/25/2025 17:00:00,780.0,745,813,32.1955
01/25/2025 19:00:00,780.0,745,813,38.1765
01/25/2025 21:00:00,780.0,745,813,30.0438
01/25/2025 23:00:00,780.0,745,813,56.5469
01/24/2025 01:00:00,650.0,912,860,177.979
01/24/2025 03:00:00,650.0,912,860,180.681
01/24/2025 05:00:00,650.0,912,860,171.033
01/24/2025 07:00:00,650.0,912,860,39.3271
01/24/2025 09:00:00,650.0,912,860,24.6625
01/24/2025 11:00:00,650.0,912,860,10.2588
01/24/2025 13:00:00,650.0,912,860,20.2175
01/24/2025 15:00:00,650.0,912,860,13.3578
01/24/2025 17:00:00,650.0,912,860,23.2973
01/24/2025 19:00:00,650.0,912,860,54.8403
01/24/2025 21:00:00,650.0,912,860,22.3443
01/24/2025 23:00:00,650.0,912,860,27.9457
01/23/2025 01:00:00,679.0,700,935,24.064
01/23/2025 03:00:00,679.0,700,935,10.6244
01/23/2025 05:00:00,679.0,700,935,25.091
01/23/2025 07:00:00,679.0,700,935,28.4604
01/23/2025 09:00:00,679.0,700,935,43.294
01/23/2025 11:00:00,679.0,700,935,2.8503
01/23/2025 13:00:00,679.0,700,935,0.0138
01/23/2025 15:00:00,679.0,700,935,0.0086
01/23/2025 17:00:00,679.0,700,935,23.9642
01/23/2025 19:00:00,679.0,700,935,37.1749
01/23/2025 21:00:00,679.0,700,935,33.4833
01/23/2025 23:00:00,679.0,700,935,25.5577
01/22/2025 01:00:00,500.0,567,975,20.2713
01/22/2025 03:00:00,500.0,567,975,10.7703
01/22/2025 05:00:00,500.0,567,975,15.7035
01/22/2025 07:00:00,500.0,567,975,25.457
01/22/2025 09:00:00,500.0,567,975,43.7399
01/22/2025 11:00:00,500.0,567,975,20.2039
01/22/2025 13:00:00,500.0,567,975,30.7918
01/22/2025 15:00:00,500.0,567,975,3.1856
01/22/2025 17:00:00,500.0,567,975,22.2372
01/22/2025 19:00:00,500.0,567,975,39.1401
01/22/2025 21:00:00,500.0,567,975,36.1849
01/22/2025 23:00:00,500.0,567,975,26.2183
01/21/2025 01:00:00,700.0,685,982,22.0307
01/21/2025 03:00:00,700.0,685,982,49.3578
01/21/2025 05:00:00,700.0,685,982,41.3021
01/21/2025 07:00:00,700.0,685,982,46.1898
01/21/2025 09:00:00,700.0,685,982,38.58
01/21/2025 11:00:00,700.0,685,982,14.5498
01/21/2025 13:00:00,700.0,685,982,21.9611
01/21/2025 15:00:00,700.0,685,982,83.6438
01/21/2025 17:00:00,700.0,685,982,46.7262
01/21/2025 19:00:00,700.0,685,982,38.7803
01/21/2025 21:00:00,700.0,685,982,61.9812
01/21/2025 23:00:00,700.0,685,982,0.0304
01/20/2025 01:00:00,772.0,532,1001,25.9981
01/20/2025 03:00:00,772.0,532,1001,16.2526
01/20/2025 05:00:00,772.0,532,1001,-1.14
01/20/2025 07:00:00,772.0,532,1001,15.1748
01/20/2025 09:00:00,772.0,532,1001,0.0174
01/20/2025 11:00:00,772.0,532,1001,0.0093
01/20/2025 13:00:00,772.0,532,1001,0.0093
01/20/2025 15:00:00,772.0,532,1001,0.0059
01/20/2025 17:00:00,772.0,532,1001,18.7986
01/20/2025 19:00:00,772.0,532,1001,77.7142
01/20/2025 21:00:00,772.0,532,1001,46.0366
01/20/2025 23:00:00,772.0,532,1001,39.5655
01/19/2025 01:00:00,741.0,536,932,39.8152
01/19/2025 03:00:00,741.0,536,932,40.2267
01/19/2025 05:00:00,741.0,536,932,59.4925
01/19/2025 07:00:00,741.0,536,932,61.2443
01/19/2025 09:00:00,741.0,536,932,60.7043
01/19/2025 11:00:00,741.0,536,932,56.3472
01/19/2025 13:00:00,741.0,536,932,46.4775
01/19/2025 15:00:00,741.0,536,932,0.0007
01/19/2025 17:00:00,741.0,536,932,62.8592
01/19/2025 19:00:00,741.0,536,932,39.5703
01/19/2025 21:00:00,741.0,536,932,11.4467
01/19/2025 23:00:00,741.0,536,932,74.1075
01/18/2025 01:00:00,747.0,510,860,20.3284
01/18/2025 03:00:00,747.0,510,860,22.7973
01/18/2025 05:00:00,747.0,510,860,22.5421
01/18/2025 07:00:00,747.0,510,860,22.8084
01/18/2025 09:00:00,747.0,510,860,0.0218
01/18/2025 11:00:00,747.0,510,860,0.0197
01/18/2025 13:00:00,747.0,510,860,0.0157
01/18/2025 15:00:00,747.0,510,860,0.0088
01/18/2025 17:00:00,747.0,510,860,0.0143
01/18/2025 19:00:00,747.0,510,860,18.4456
01/18/2025 21:00:00,747.0,510,860,16.2531
01/18/2025 23:00:00,747.0,510,860,20.6785
01/17/2025 01:00:00,730.0,354,842,20.387
01/17/2025 03:00:00,730.0,354,842,18.3594
01/17/2025 07:00:00,730.0,354,842,14.1446
01/17/2025 09:00:00,730.0,354,842,0.0149
01/17/2025 11:00:00,730.0,354,842,0.0149
01/17/2025 13:00:00,730.0,354,842,0.0145
01/17/2025 15:00:00,730.0,354,842,0.0202
01/17/2025 17:00:00,730.0,354,842,9.6121
01/17/2025 19:00:00,730.0,354,842,24.1691
01/17/2025 21:00:00,730.0,354,842,21.9047
01/17/2025 23:00:00,730.0,354,842,24.2158
01/16/2025 01:00:00,685.0,395,887,29.4781
01/16/2025 03:00:00,685.0,395,887,30.1634
01/16/2025 05:00:00,685.0,395,887,31.2968
01/16/2025 07:00:00,685.0,395,887,40.2503
01/16/2025 09:00:00,685.0,395,887,26.1746
01/16/2025 13:00:00,685.0,395,887,0.0269
01/16/2025 15:00:00,685.0,395,887,-1.0757
01/16/2025 17:00:00,685.0,395,887,24.6238
01/16/2025 19:00:00,685.0,395,887,24.2251
01/16/2025 21:00:00,685.0,395,887,23.4991
01/16/2025 23:00:00,685.0,395,887,25.6672
01/15/2025 01:00:00,603.0,496,896,25.7395
01/15/2025 03:00:00,603.0,496,896,30.2361
01/15/2025 05:00:00,603.0,496,896,31.7712
01/15/2025 07:00:00,603.0,496,896,39.9773
01/15/2025 09:00:00,603.0,496,896,24.6908
01/15/2025 11:00:00,603.0,496,896,18.9338
01/15/2025 17:00:00,603.0,496,896,22.4719
01/15/2025 19:00:00,603.0,496,896,17.206
01/15/2025 21:00:00,603.0,496,896,28.988
01/15/2025 23:00:00,603.0,496,896,28.7554
01/14/2025 01:00:00,786.0,436,916,23.2341
01/14/2025 03:00:00,786.0,436,916,20.4239
01/14/2025 05:00:00,786.0,436,916,26.8545
01/14/2025 07:00:00,786.0,436,916,59.7138
01/14/2025 09:00:00,786.0,436,916,32.4273
01/14/2025 11:00:00,786.0,436,916,23.9906
01/14/2025 13:00:00,786.0,436,916,20.7687
01/14/2025 15:00:00,786.0,436,916,0.0078
01/14/2025 17:00:00,786.0,436,916,28.1631
01/14/2025 19:00:00,786.0,436,916,64.3322
01/14/2025 21:00:00,786.0,436,916,27.111
01/14/2025 23:00:00,786.0,436,916,26.7867
01/13/2025 01:00:00,1791.0,594,906,21.4896
01/13/2025 03:00:00,1791.0,594,906,20.5984
01/13/2025 05:00:00,1791.0,594,906,23.4561
01/13/2025 07:00:00,1791.0,594,906,34.5647
01/13/2025 09:00:00,1791.0,594,906,36.9314
01/13/2025 11:00:00,1791.0,594,906,25.8532
01/13/2025 13:00:00,1791.0,594,906,24.7595
01/13/2025 15:00:00,1791.0,594,906,25.3597
01/13/2025 17:00:00,1791.0,594,906,37.4666
01/13/2025 19:00:00,1791.0,594,906,30.3969
01/13/2025 21:00:00,1791.0,594,906,25.6838
01/13/2025 23:00:00,1791.0,594,906,28.0069
01/12/2025 01:00:00,1696.0,614,923,15.8703
01/12/2025 03:00:00,1696.0,614,923,1.8632
01/12/2025 05:00:00,1696.0,614,923,15.9654
01/12/2025 07:00:00,1696.0,614,923,15.9812
01/12/2025 09:00:00,1696.0,614,923,16.4078
01/12/2025 11:00:00,1696.0,614,923,15.7234
01/12/2025 15:00:00,1696.0,614,923,17.9885
01/12/2025 17:00:00,1696.0,614,923,37.1585
01/12/2025 19:00:00,1696.0,614,923,40.3722
01/12/2025 21:00:00,1696.0,614,923,34.6184
01/12/2025 23:00:00,1696.0,614,923,26.446
01/11/2025 01:00:00,1092.0,630,886,18.4662
01/11/2025 03:00:00,1092.0,630,886,20.4156
01/11/2025 05:00:00,1092.0,630,886,22.4779
01/11/2025 07:00:00,1092.0,630,886,19.5584
01/11/2025 09:00:00,1092.0,630,886,21.92
01/11/2025 11:00:00,1092.0,630,886,0.0079
01/11/2025 13:00:00,1092.0,630,886,15.7867
01/11/2025 15:00:00,1092.0,630,886,14.9953
01/11/2025 17:00:00,1092.0,630,886,17.0806
01/11/2025 19:00:00,1092.0,630,886,17.0158
01/11/2025 21:00:00,1092.0,630,886,23.6381
01/11/2025 23:00:00,1092.0,630,886,21.0095
01/10/2025 01:00:00,1761.0,523,889,16.3864
01/10/2025 03:00:00,1761.0,523,889,16.7417
01/10/2025 05:00:00,1761.0,523,889,18.2628
01/10/2025 07:00:00,1761.0,523,889,24.5723
01/10/2025 09:00:00,1761.0,523,889,87.1124
01/10/2025 11:00:00,1761.0,523,889,18.5188
01/10/2025 13:00:00,1761.0,523,889,19.5329
01/10/2025 15:00:00,1761.0,523,889,18.1648
01/10/2025 17:00:00,1761.0,523,889,21.5821
01/10/2025 19:00:00,1761.0,523,889,22.4162
01/10/2025 21:00:00,1761.0,523,889,11.5613
01/10/2025 23:00:00,1761.0,523,889,19.5815
01/09/2025 01:00:00,1614.0,490,978,0.0132
01/09/2025 03:00:00,1614.0,490,978,0.0224
01/09/2025 05:00:00,1614.0,490,978,44.5406
01/09/2025 07:00:00,1614.0,490,978,40.463
01/09/2025 09:00:00,1614.0,490,978,21.5322
01/09/2025 11:00:00,1614.0,490,978,17.0329
01/09/2025 13:00:00,1614.0,490,978,24.1654
01/09/2025 15:00:00,1614.0,490,978,15.466
01/09/2025 17:00:00,1614.0,490,978,20.6017
01/09/2025 19:00:00,1614.0,490,978,21.2291
01/09/2025 21:00:00,1614.0,490,978,14.3284
01/09/2025 23:00:00,1614.0,490,978,16.0674
01/08/2025 01:00:00,305.0,689,1145,22.3373
01/08/2025 03:00:00,305.0,689,1145,27.0204
01/08/2025 05:00:00,305.0,689,1145,36.3335
01/08/2025 07:00:00,305.0,689,1145,42.2865
01/08/2025 09:00:00,305.0,689,1145,28.9194
01/08/2025 11:00:00,305.0,689,1145,19.9661
01/08/2025 13:00:00,305.0,689,1145,0.0111
01/08/2025 15:00:00,305.0,689,1145,0.0097
01/08/2025 17:00:00,305.0,689,1145,30.6949
01/08/2025 19:00:00,305.0,689,1145,32.8768
01/08/2025 21:00:00,305.0,689,1145,23.8677
01/08/2025 23:00:00,305.0,689,1145,24.5364
01/07/2025 01:00:00,527.0,582,1099,28.323
01/07/2025 03:00:00,527.0,582,1099,17.9813
01/07/2025 05:00:00,527.0,582,1099,18.6949
01/07/2025 07:00:00,527.0,582,1099,24.5382
01/07/2025 09:00:00,527.0,582,1099,28.1185
01/07/2025 11:00:00,527.0,582,1099,33.397
01/07/2025 13:00:00,527.0,582,1099,20.4092
01/07/2025 15:00:00,527.0,582,1099,18.9331
01/07/2025 17:00:00,527.0,582,1099,18.6998
01/07/2025 19:00:00,527.0,582,1099,22.2669
01/07/2025 21:00:00,527.0,582,1099,18.7731
01/07/2025 23:00:00,527.0,582,1099,22.2928
01/06/2025 01:00:00,579.0,613,1086,35.5244
01/06/2025 03:00:00,579.0,613,1086,33.5353
01/06/2025 05:00:00,579.0,613,1086,48.3244
01/06/2025 07:00:00,579.0,613,1086,52.8905
01/06/2025 09:00:00,579.0,613,1086,27.7518
01/06/2025 11:00:00,579.0,613,1086,29.4986
01/06/2025 13:00:00,579.0,613,1086,18.3137
01/06/2025 15:00:00,579.0,613,1086,19.5792
01/06/2025 17:00:00,579.0,613,1086,26.555
01/06/2025 19:00:00,579.0,613,1086,24.9333
01/06/2025 21:00:00,579.0,613,1086,20.3383
01/06/2025 23:00:00,579.0,613,1086,25.5512
01/05/2025 01:00:00,864.0,734,1016,30.7645
01/05/2025 03:00:00,864.0,734,1016,24.1955
01/05/2025 05:00:00,864.0,734,1016,21.3224
01/05/2025 07:00:00,864.0,734,1016,25.2461
01/05/2025 09:00:00,864.0,734,1016,32.6597
01/05/2025 11:00:00,864.0,734,1016,23.0064
01/05/2025 13:00:00,864.0,734,1016,25.4139
01/05/2025 15:00:00,864.0,734,1016,19.9183
01/05/2025 17:00:00,864.0,734,1016,22.1525
01/05/2025 19:00:00,864.0,734,1016,31.9018
01/05/2025 21:00:00,864.0,734,1016,28.6325
01/05/2025 23:00:00,864.0,734,1016,27.7715
01/04/2025 01:00:00,1441.0,597,840,46.0695
01/04/2025 03:00:00,1441.0,597,840,32.3891
01/04/2025 05:00:00,1441.0,597,840,46.0915
01/04/2025 07:00:00,1441.0,597,840,46.0254
01/04/2025 09:00:00,1441.0,597,840,46.0093
01/04/2025 11:00:00,1441.0,597,840,33.694
01/04/2025 13:00:00,1441.0,597,840,29.423
01/04/2025 15:00:00,1441.0,597,840,34.3553
01/04/2025 17:00:00,1441.0,597,840,85.1531
01/04/2025 19:00:00,1441.0,597,840,31.5419
01/04/2025 21:00:00,1441.0,597,840,27.161
01/04/2025 23:00:00,1441.0,597,840,28.2898
01/03/2025 01:00:00,1312.0,551,836,18.7848
01/03/2025 03:00:00,1312.0,551,836,20.3881
01/03/2025 05:00:00,1312.0,551,836,19.0142
01/03/2025 07:00:00,1312.0,551,836,19.8382
01/03/2025 09:00:00,1312.0,551,836,21.0666
01/03/2025 11:00:00,1312.0,551,836,20.0391
01/03/2025 13:00:00,1312.0,551,836,32.6481
01/03/2025 15:00:00,1312.0,551,836,28.3338
01/03/2025 17:00:00,1312.0,551,836,33.0253
01/03/2025 19:00:00,1312.0,551,836,31.4144
01/03/2025 21:00:00,1312.0,551,836,28.8017
01/03/2025 23:00:00,1312.0,551,836,21.892
01/02/2025 01:00:00,1488.0,618,877,45.909
01/02/2025 03:00:00,1488.0,618,877,20.3196
01/02/2025 05:00:00,1488.0,618,877,24.0865
01/02/2025 07:00:00,1488.0,618,877,35.956
01/02/2025 09:00:00,1488.0,618,877,24.9076
01/02/2025 11:00:00,1488.0,618,877,19.8188
01/02/2025 13:00:00,1488.0,618,877,18.7978
01/02/2025 15:00:00,1488.0,618,877,19.9093
01/02/2025 17:00:00,1488.0,618,877,24.853
01/02/2025 19:00:00,1488.0,618,877,25.4458
01/02/2025 21:00:00,1488.0,618,877,21.0461
01/02/2025 23:00:00,1488.0,618,877,18.1805
01/01/2025 01:00:00,1529.0,482,889,32.0457
01/01/2025 03:00:00,1529.0,482,889,24.1864
01/01/2025 05:00:00,1529.0,482,889,19.4888
01/01/2025 07:00:00,1529.0,482,889,23.0145
01/01/2025 09:00:00,1529.0,482,889,17.2042
01/01/2025 11:00:00,1529.0,482,889,14.7574
01/01/2025 13:00:00,1529.0,482,889,15.0563
01/01/2025 15:00:00,1529.0,482,889,0.0203
01/01/2025 17:00:00,1529.0,482,889,19.2759
01/01/2025 19:00:00,1529.0,482,889,19.6947
01/01/2025 21:00:00,1529.0,482,889,19.8184
01/01/2025 23:00:00,1529.0,482,889,21.7794
12/31/2024 01:00:00,1380.0,461,754,12.8138
12/31/2024 03:00:00,1380.0,461,754,14.9966
12/31/2024 05:00:00,1380.0,461,754,15.3558
12/31/2024 07:00:00,1380.0,461,754,21.7788
12/31/2024 09:00:00,1380.0,461,754,21.269
12/31/2024 11:00:00,1380.0,461,754,42.1314
12/31/2024 13:00:00,1380.0,461,754,23.185
12/31/2024 15:00:00,1380.0,461,754,16.3172
12/31/2024 17:00:00,1380.0,461,754,30.0443
12/31/2024 19:00:00,1380.0,461,754,21.3315
12/31/2024 21:00:00,1380.0,461,754,13.7812
12/31/2024 23:00:00,1380.0,461,754,20.4801
12/30/2024 01:00:00,1230.0,534,833,-1.1718
12/30/2024 07:00:00,1230.0,534,833,13.8971
12/30/2024 13:00:00,1230.0,534,833,0.0101
12/30/2024 15:00:00,1230.0,534,833,0.013
12/30/2024 17:00:00,1230.0,534,833,12.2855
12/30/2024 19:00:00,1230.0,534,833,15.5264
12/30/2024 21:00:00,1230.0,534,833,16.1731
12/30/2024 23:00:00,1230.0,534,833,14.5212
12/29/2024 01:00:00,1558.0,420,847,15.3022
12/29/2024 03:00:00,1558.0,420,847,14.839
12/29/2024 05:00:00,1558.0,420,847,10.738
12/29/2024 07:00:00,1558.0,420,847,21.4813
12/29/2024 09:00:00,1558.0,420,847,22.3968
12/29/2024 11:00:00,1558.0,420,847,14.4129
12/29/2024 13:00:00,1558.0,420,847,10.161
12/29/2024 17:00:00,1558.0,420,847,13.5901
12/29/2024 19:00:00,1558.0,420,847,14.8584
12/29/2024 21:00:00,1558.0,420,847,14.8545
12/29/2024 23:00:00,1558.0,420,847,14.8814
12/28/2024 01:00:00,1465.0,542,819,16.6431
12/28/2024 03:00:00,1465.0,542,819,17.9994
12/28/2024 05:00:00,1465.0,542,819,17.3695
12/28/2024 07:00:00,1465.0,542,819,17.6619
12/28/2024 09:00:00,1465.0,542,819,18.4958
12/28/2024 11:00:00,1465.0,542,819,29.765
12/28/2024 13:00:00,1465.0,542,819,17.6526
12/28/2024 15:00:00,1465.0,542,819,19.7813
12/28/2024 17:00:00,1465.0,542,819,19.5249
12/28/2024 19:00:00,1465.0,542,819,16.7084
12/28/2024 21:00:00,1465.0,542,819,15.2065
12/28/2024 23:00:00,1465.0,542,819,15.1736
12/27/2024 01:00:00,1436.0,578,839,17.9396
12/27/2024 03:00:00,1436.0,578,839,17.6422
12/27/2024 05:00:00,1436.0,578,839,16.1638
12/27/2024 07:00:00,1436.0,578,839,15.3186
12/27/2024 09:00:00,1436.0,578,839,15.5055
12/27/2024 13:00:00,1436.0,578,839,15.9201
12/27/2024 15:00:00,1436.0,578,839,21.2039
12/27/2024 17:00:00,1436.0,578,839,42.271
12/27/2024 19:00:00,1436.0,578,839,25.5946
12/27/2024 21:00:00,1436.0,578,839,22.2086
12/27/2024 23:00:00,1436.0,578,839,16.5325
12/26/2024 01:00:00,963.0,631,890,10.415
12/26/2024 03:00:00,963.0,631,890,15.6394
12/26/2024 05:00:00,963.0,631,890,21.5063
12/26/2024 07:00:00,963.0,631,890,31.7946
12/26/2024 09:00:00,963.0,631,890,16.3125
12/26/2024 11:00:00,963.0,631,890,16.5716
12/26/2024 13:00:00,963.0,631,890,16.5802
12/26/2024 15:00:00,963.0,631,890,17.757
12/26/2024 17:00:00,963.0,631,890,25.9935
12/26/2024 19:00:00,963.0,631,890,18.8696
12/26/2024 21:00:00,963.0,631,890,15.2802
12/26/2024 23:00:00,963.0,631,890,17.0246
12/25/2024 05:00:00,1047.0,649,909,14.5216
12/25/2024 09:00:00,1047.0,649,909,16.9032
12/25/2024 11:00:00,1047.0,649,909,0.015
12/25/2024 13:00:00,1047.0,649,909,17.0359
12/25/2024 15:00:00,1047.0,649,909,0.0076
12/25/2024 17:00:00,1047.0,649,909,18.9064
12/25/2024 19:00:00,1047.0,649,909,16.8125
12/25/2024 21:00:00,1047.0,649,909,17.7001
12/25/2024 23:00:00,1047.0,649,909,17.4309
12/24/2024 01:00:00,1252.0,448,748,15.3813
12/24/2024 03:00:00,1252.0,448,748,17.1203
12/24/2024 05:00:00,1252.0,448,748,22.1315
12/24/2024 07:00:00,1252.0,448,748,25.8998
12/24/2024 09:00:00,1252.0,448,748,13.7364
12/24/2024 11:00:00,1252.0,448,748,16.1888
12/24/2024 13:00:00,1252.0,448,748,17.7202
12/24/2024 15:00:00,1252.0,448,748,17.0701
12/24/2024 17:00:00,1252.0,448,748,21.3503
12/24/2024 19:00:00,1252.0,448,748,16.6373
12/24/2024 21:00:00,1252.0,448,748,0.0139
12/23/2024 01:00:00,1540.0,636,831,22.787
12/23/2024 03:00:00,1540.0,636,831,18.2972
12/23/2024 05:00:00,1540.0,636,831,18.6428
12/23/2024 07:00:00,1540.0,636,831,25.7317
12/23/2024 09:00:00,1540.0,636,831,24.1858
12/23/2024 11:00:00,1540.0,636,831,23.2897
12/23/2024 13:00:00,1540.0,636,831,23.0787
12/23/2024 15:00:00,1540.0,636,831,17.5204
12/23/2024 17:00:00,1540.0,636,831,25.4452
12/23/2024 19:00:00,1540.0,636,831,20.7286
12/23/2024 21:00:00,1540.0,636,831,22.6035
12/23/2024 23:00:00,1540.0,636,831,17.596
12/22/2024 01:00:00,1270.0,596,884,16.2184
12/22/2024 03:00:00,1270.0,596,884,16.9337
12/22/2024 05:00:00,1270.0,596,884,16.2151
12/22/2024 07:00:00,1270.0,596,884,17.1174
12/22/2024 09:00:00,1270.0,596,884,15.6839
12/22/2024 11:00:00,1270.0,596,884,18.0726
12/22/2024 13:00:00,1270.0,596,884,17.6181
12/22/2024 15:00:00,1270.0,596,884,20.9941
12/22/2024 17:00:00,1270.0,596,884,26.6515
12/22/2024 19:00:00,1270.0,596,884,22.3376
12/22/2024 21:00:00,1270.0,596,884,21.0846
12/22/2024 23:00:00,1270.0,596,884,20.8391
12/21/2024 01:00:00,1473.0,620,845,17.5913
12/21/2024 03:00:00,1473.0,620,845,19.1089
12/21/2024 05:00:00,1473.0,620,845,41.9294
12/21/2024 07:00:00,1473.0,620,845,27.6686
12/21/2024 09:00:00,1473.0,620,845,18.4592
12/21/2024 11:00:00,1473.0,620,845,15.4932
12/21/2024 13:00:00,1473.0,620,845,15.2708
12/21/2024 15:00:00,1473.0,620,845,14.6143
12/21/2024 17:00:00,1473.0,620,845,18.5691
12/21/2024 19:00:00,1473.0,620,845,17.5962
12/21/2024 21:00:00,1473.0,620,845,16.6038
12/21/2024 23:00:00,1473.0,620,845,15.5193
12/20/2024 01:00:00,1455.0,514,866,15.808
12/20/2024 03:00:00,1455.0,514,866,17.8557
12/20/2024 05:00:00,1455.0,514,866,16.8543
12/20/2024 07:00:00,1455.0,514,866,18.2772
12/20/2024 09:00:00,1455.0,514,866,19.5885
12/20/2024 11:00:00,1455.0,514,866,17.6593
12/20/2024 13:00:00,1455.0,514,866,17.6128
12/20/2024 15:00:00,1455.0,514,866,15.7944
12/20/2024 17:00:00,1455.0,514,866,19.4018
12/20/2024 19:00:00,1455.0,514,866,19.1647
12/20/2024 21:00:00,1455.0,514,866,18.1366
12/20/2024 23:00:00,1455.0,514,866,19.9416
12/19/2024 01:00:00,1492.0,568,901,0.0223
12/19/2024 03:00:00,1492.0,568,901,16.0631
12/19/2024 05:00:00,1492.0,568,901,15.9286
12/19/2024 07:00:00,1492.0,568,901,20.8357
12/19/2024 09:00:00,1492.0,568,901,19.947
12/19/2024 11:00:00,1492.0,568,901,0.0065
12/19/2024 13:00:00,1492.0,568,901,0.0069
12/19/2024 15:00:00,1492.0,568,901,0.0112
12/19/2024 17:00:00,1492.0,568,901,22.0724
12/19/2024 19:00:00,1492.0,568,901,16.5751
12/19/2024 21:00:00,1492.0,568,901,22.4832
12/19/2024 23:00:00,1492.0,568,901,19.2652
12/18/2024 01:00:00,1691.0,556,899,23.1777
12/18/2024 03:00:00,1691.0,556,899,31.6879
12/18/2024 05:00:00,1691.0,556,899,24.0038
12/18/2024 07:00:00,1691.0,556,899,23.9675
12/18/2024 09:00:00,1691.0,556,899,18.3769
12/18/2024 11:00:00,1691.0,556,899,15.3258
12/18/2024 13:00:00,1691.0,556,899,0.0196
12/18/2024 15:00:00,1691.0,556,899,17.5174
12/18/2024 17:00:00,1691.0,556,899,17.529
12/18/2024 19:00:00,1691.0,556,899,18.9565
12/18/2024 21:00:00,1691.0,556,899,17.6136
12/18/2024 23:00:00,1691.0,556,899,9.9977
12/17/2024 01:00:00,1534.0,613,917,19.3648
12/17/2024 03:00:00,1534.0,613,917,18.6658
12/17/2024 05:00:00,1534.0,613,917,18.6836
12/17/2024 07:00:00,1534.0,613,917,18.4039
12/17/2024 09:00:00,1534.0,613,917,18.1289
12/17/2024 11:00:00,1534.0,613,917,15.6877
12/17/2024 13:00:00,1534.0,613,917,0.0165
12/17/2024 15:00:00,1534.0,613,917,-39.0023
12/17/2024 17:00:00,1534.0,613,917,19.3329
12/17/2024 21:00:00,1534.0,613,917,21.6029
12/17/2024 23:00:00,1534.0,613,917,19.2359
12/16/2024 01:00:00,1541.0,664,926,18.5732
12/16/2024 03:00:00,1541.0,664,926,18.2428
12/16/2024 05:00:00,1541.0,664,926,18.9421
12/16/2024 07:00:00,1541.0,664,926,22.0552
12/16/2024 09:00:00,1541.0,664,926,22.9942
12/16/2024 11:00:00,1541.0,664,926,19.0257
12/16/2024 13:00:00,1541.0,664,926,18.1045
12/16/2024 17:00:00,1541.0,664,926,19.7281
12/16/2024 19:00:00,1541.0,664,926,22.9854
12/16/2024 21:00:00,1541.0,664,926,18.5719
12/16/2024 23:00:00,1541.0,664,926,19.4066
12/15/2024 01:00:00,1485.0,653,915,19.2442
12/15/2024 03:00:00,1485.0,653,915,32.744
12/15/2024 07:00:00,1485.0,653,915,16.0615
12/15/2024 09:00:00,1485.0,653,915,15.2887
12/15/2024 13:00:00,1485.0,653,915,0.0064
12/15/2024 15:00:00,1485.0,653,915,0.0067
12/15/2024 17:00:00,1485.0,653,915,17.4906
12/15/2024 19:00:00,1485.0,653,915,22.1209
12/15/2024 21:00:00,1485.0,653,915,14.9629
12/15/2024 23:00:00,1485.0,653,915,18.7214
12/14/2024 07:00:00,1389.0,500,846,18.9197
12/14/2024 09:00:00,1389.0,500,846,20.2907
12/14/2024 11:00:00,1389.0,500,846,19.0964
12/14/2024 13:00:00,1389.0,500,846,17.3654
12/14/2024 15:00:00,1389.0,500,846,0.0101
12/14/2024 17:00:00,1389.0,500,846,18.4126
12/14/2024 19:00:00,1389.0,500,846,17.0558
12/14/2024 21:00:00,1389.0,500,846,15.9109
12/14/2024 23:00:00,1389.0,500,846,15.82
12/13/2024 01:00:00,1561.0,651,863,19.989
12/13/2024 03:00:00,1561.0,651,863,20.042
12/13/2024 05:00:00,1561.0,651,863,37.2495
12/13/2024 07:00:00,1561.0,651,863,51.5254
12/13/2024 09:00:00,1561.0,651,863,31.0465
12/13/2024 11:00:00,1561.0,651,863,19.0595
12/13/2024 13:00:00,1561.0,651,863,16.6296
12/13/2024 15:00:00,1561.0,651,863,18.3358
12/13/2024 17:00:00,1561.0,651,863,28.4415
12/13/2024 19:00:00,1561.0,651,863,16.8592
12/13/2024 21:00:00,1561.0,651,863,15.8977
12/13/2024 23:00:00,1561.0,651,863,0.0135
12/12/2024 01:00:00,988.0,720,915,22.0294
12/12/2024 03:00:00,988.0,720,915,23.2362
12/12/2024 05:00:00,988.0,720,915,25.7076
12/12/2024 07:00:00,988.0,720,915,26.2912
12/12/2024 09:00:00,988.0,720,915,26.8076
12/12/2024 11:00:00,988.0,720,915,28.8906
12/12/2024 13:00:00,988.0,720,915,28.677
12/12/2024 15:00:00,988.0,720,915,18.1206
12/12/2024 17:00:00,988.0,720,915,25.0301
12/12/2024 19:00:00,988.0,720,915,19.8617
12/12/2024 21:00:00,988.0,720,915,18.3799
12/12/2024 23:00:00,988.0,720,915,19.6312
12/11/2024 01:00:00,710.0,689,1027,34.0581
12/11/2024 03:00:00,710.0,689,1027,25.8
12/11/2024 05:00:00,710.0,689,1027,25.503
12/11/2024 07:00:00,710.0,689,1027,34.0305
12/11/2024 09:00:00,710.0,689,1027,16.5209
12/11/2024 11:00:00,710.0,689,1027,19.0724
12/11/2024 13:00:00,710.0,689,1027,18.9272
12/11/2024 15:00:00,710.0,689,1027,18.0696
12/11/2024 17:00:00,710.0,689,1027,25.0518
12/11/2024 19:00:00,710.0,689,1027,26.0362
12/11/2024 21:00:00,710.0,689,1027,27.2767
12/11/2024 23:00:00,710.0,689,1027,28.5862
12/10/2024 01:00:00,1585.0,630,948,20.3214
12/10/2024 03:00:00,1585.0,630,948,16.8853
12/10/2024 05:00:00,1585.0,630,948,19.5157
12/10/2024 07:00:00,1585.0,630,948,39.1813
12/10/2024 09:00:00,1585.0,630,948,18.0309
12/10/2024 11:00:00,1585.0,630,948,0.0086
12/10/2024 13:00:00,1585.0,630,948,-2.0674
12/10/2024 15:00:00,1585.0,630,948,-0.0016
12/10/2024 17:00:00,1585.0,630,948,21.503
12/10/2024 19:00:00,1585.0,630,948,47.9763
12/10/2024 21:00:00,1585.0,630,948,31.0979
12/10/2024 23:00:00,1585.0,630,948,24.8213
12/09/2024 01:00:00,1662.0,620,941,24.3561
12/09/2024 03:00:00,1662.0,620,941,16.0495
12/09/2024 05:00:00,1662.0,620,941,17.6064
12/09/2024 07:00:00,1662.0,620,941,23.2927
12/09/2024 09:00:00,1662.0,620,941,20.8844
12/09/2024 11:00:00,1662.0,620,941,17.3744
12/09/2024 13:00:00,1662.0,620,941,15.3463
12/09/2024 15:00:00,1662.0,620,941,15.0191
12/09/2024 17:00:00,1662.0,620,941,20.2361
12/09/2024 19:00:00,1662.0,620,941,27.5974
12/09/2024 21:00:00,1662.0,620,941,25.263
12/09/2024 23:00:00,1662.0,620,941,22.3143
12/08/2024 01:00:00,1600.0,636,921,17.0896
12/08/2024 03:00:00,1600.0,636,921,18.4647
12/08/2024 05:00:00,1600.0,636,921,21.2654
12/08/2024 07:00:00,1600.0,636,921,39.3738
12/08/2024 09:00:00,1600.0,636,921,18.325
12/08/2024 11:00:00,1600.0,636,921,16.0751
12/08/2024 15:00:00,1600.0,636,921,15.1508
12/08/2024 17:00:00,1600.0,636,921,17.6023
12/08/2024 19:00:00,1600.0,636,921,31.6069
12/08/2024 21:00:00,1600.0,636,921,26.2164
12/08/2024 23:00:00,1600.0,636,921,26.2595
12/07/2024 01:00:00,1548.0,629,835,18.9937
12/07/2024 03:00:00,1548.0,629,835,19.7402
12/07/2024 05:00:00,1548.0,629,835,19.319
12/07/2024 07:00:00,1548.0,629,835,24.1693
12/07/2024 09:00:00,1548.0,629,835,19.6638
12/07/2024 11:00:00,1548.0,629,835,17.4705
12/07/2024 13:00:00,1548.0,629,835,18.1173
12/07/2024 15:00:00,1548.0,629,835,17.0679
12/07/2024 17:00:00,1548.0,629,835,43.7145
12/07/2024 19:00:00,1548.0,629,835,24.2411
12/07/2024 21:00:00,1548.0,629,835,19.965
12/07/2024 23:00:00,1548.0,629,835,27.3046
12/06/2024 01:00:00,837.0,547,853,36.2434
12/06/2024 03:00:00,837.0,547,853,48.483
12/06/2024 05:00:00,837.0,547,853,26.6332
12/06/2024 07:00:00,837.0,547,853,22.6304
12/06/2024 11:00:00,837.0,547,853,20.8115
12/06/2024 13:00:00,837.0,547,853,24.3841
12/06/2024 15:00:00,837.0,547,853,16.9485
12/06/2024 17:00:00,837.0,547,853,25.5642
12/06/2024 19:00:00,837.0,547,853,25.8792
12/06/2024 21:00:00,837.0,547,853,24.0062
12/06/2024 23:00:00,837.0,547,853,17.6343
12/05/2024 01:00:00,339.0,811,948,23.0407
12/05/2024 03:00:00,339.0,811,948,25.2873
12/05/2024 05:00:00,339.0,811,948,19.0821
12/05/2024 07:00:00,339.0,811,948,25.2851
12/05/2024 09:00:00,339.0,811,948,28.5113
12/05/2024 11:00:00,339.0,811,948,14.1801
12/05/2024 13:00:00,339.0,811,948,17.4757
12/05/2024 15:00:00,339.0,811,948,16.3882
12/05/2024 17:00:00,339.0,811,948,38.0246
12/05/2024 19:00:00,339.0,811,948,26.7581
12/05/2024 21:00:00,339.0,811,948,26.1712
12/05/2024 23:00:00,339.0,811,948,26.7196
12/04/2024 01:00:00,874.0,666,916,15.7926
12/04/2024 03:00:00,874.0,666,916,15.8923
12/04/2024 05:00:00,874.0,666,916,20.8005
12/04/2024 07:00:00,874.0,666,916,25.6048
12/04/2024 09:00:00,874.0,666,916,19.7524
12/04/2024 11:00:00,874.0,666,916,17.998
12/04/2024 15:00:00,874.0,666,916,18.1456
12/04/2024 17:00:00,874.0,666,916,39.4463
12/04/2024 19:00:00,874.0,666,916,27.9331
12/04/2024 21:00:00,874.0,666,916,39.3482
12/04/2024 23:00:00,874.0,666,916,34.4154
12/03/2024 01:00:00,1425.0,686,924,20.0367
12/03/2024 03:00:00,1425.0,686,924,20.7042
12/03/2024 05:00:00,1425.0,686,924,39.2589
12/03/2024 07:00:00,1425.0,686,924,39.2528
12/03/2024 09:00:00,1425.0,686,924,23.9483
12/03/2024 11:00:00,1425.0,686,924,18.5057
12/03/2024 13:00:00,1425.0,686,924,18.6095
12/03/2024 15:00:00,1425.0,686,924,18.679
12/03/2024 17:00:00,1425.0,686,924,40.9708
12/03/2024 19:00:00,1425.0,686,924,41.3476
12/03/2024 21:00:00,1425.0,686,924,18.9082
12/03/2024 23:00:00,1425.0,686,924,18.576
12/02/2024 01:00:00,982.0,652,922,27.6989
12/02/2024 03:00:00,982.0,652,922,28.9909
12/02/2024 05:00:00,982.0,652,922,45.1301
12/02/2024 07:00:00,982.0,652,922,43.414
12/02/2024 09:00:00,982.0,652,922,28.9208
12/02/2024 11:00:00,982.0,652,922,22.8163
12/02/2024 13:00:00,982.0,652,922,26.1485
12/02/2024 15:00:00,982.0,652,922,28.1274
12/02/2024 17:00:00,982.0,652,922,40.7437
12/02/2024 19:00:00,982.0,652,922,19.8674
12/02/2024 21:00:00,982.0,652,922,84.73
12/02/2024 23:00:00,982.0,652,922,20.6623
12/01/2024 01:00:00,1634.0,853,928,23.0853
12/01/2024 03:00:00,1634.0,853,928,21.014
12/01/2024 05:00:00,1634.0,853,928,22.043
12/01/2024 07:00:00,1634.0,853,928,39.6024
12/01/2024 09:00:00,1634.0,853,928,27.8883
12/01/2024 11:00:00,1634.0,853,928,15.4253
12/01/2024 13:00:00,1634.0,853,928,17.7699
12/01/2024 15:00:00,1634.0,853,928,17.8633
12/01/2024 17:00:00,1634.0,853,928,41.7441
12/01/2024 19:00:00,1634.0,853,928,44.8605
12/01/2024 21:00:00,1634.0,853,928,27.4688
12/01/2024 23:00:00,1634.0,853,928,28.6584
11/30/2024 01:00:00,1557.0,659,850,0.0152
11/30/2024 03:00:00,1557.0,659,850,0.0178
11/30/2024 05:00:00,1557.0,659,850,0.0229
11/30/2024 07:00:00,1557.0,659,850,17.9679
11/30/2024 09:00:00,1557.0,659,850,18.6359
11/30/2024 11:00:00,1557.0,659,850,19.4869
11/30/2024 13:00:00,1557.0,659,850,19.2067
11/30/2024 15:00:00,1557.0,659,850,18.0573
11/30/2024 17:00:00,1557.0,659,850,40.7444
11/30/2024 19:00:00,1557.0,659,850,28.8716
11/30/2024 21:00:00,1557.0,659,850,23.8507
11/30/2024 23:00:00,1557.0,659,850,29.5611
11/29/2024 01:00:00,1411.0,754,837,20.772
11/29/2024 03:00:00,1411.0,754,837,18.5976
11/29/2024 05:00:00,1411.0,754,837,20.6349
11/29/2024 07:00:00,1411.0,754,837,27.0541
11/29/2024 09:00:00,1411.0,754,837,23.6986
11/29/2024 11:00:00,1411.0,754,837,21.2093
11/29/2024 13:00:00,1411.0,754,837,19.1296
11/29/2024 15:00:00,1411.0,754,837,18.073
11/29/2024 17:00:00,1411.0,754,837,28.7309
11/29/2024 19:00:00,1411.0,754,837,27.6533
11/29/2024 21:00:00,1411.0,754,837,23.9466
11/29/2024 23:00:00,1411.0,754,837,19.9381
11/28/2024 01:00:00,1318.0,734,810,47.0369
11/28/2024 03:00:00,1318.0,734,810,31.3241
11/28/2024 05:00:00,1318.0,734,810,26.8372
11/28/2024 07:00:00,1318.0,734,810,23.8186
11/28/2024 09:00:00,1318.0,734,810,19.9548
11/28/2024 11:00:00,1318.0,734,810,16.8815
11/28/2024 13:00:00,1318.0,734,810,16.5163
11/28/2024 15:00:00,1318.0,734,810,0.0085
11/28/2024 17:00:00,1318.0,734,810,37.8014
11/28/2024 19:00:00,1318.0,734,810,28.8017
11/28/2024 21:00:00,1318.0,734,810,24.183
11/28/2024 23:00:00,1318.0,734,810,19.0634
11/27/2024 01:00:00,1236.0,743,787,44.169
11/27/2024 03:00:00,1236.0,743,787,17.761
11/27/2024 05:00:00,1236.0,743,787,18.052
11/27/2024 07:00:00,1236.0,743,787,24.5467
11/27/2024 09:00:00,1236.0,743,787,18.0874
11/27/2024 11:00:00,1236.0,743,787,25.4683
11/27/2024 13:00:00,1236.0,743,787,8.9381
11/27/2024 15:00:00,1236.0,743,787,8.0157
11/27/2024 17:00:00,1236.0,743,787,20.5419
11/27/2024 19:00:00,1236.0,743,787,19.0926
11/27/2024 21:00:00,1236.0,743,787,27.9663
11/27/2024 23:00:00,1236.0,743,787,38.6036
11/26/2024 01:00:00,1146.0,825,915,17.1351
11/26/2024 03:00:00,1146.0,825,915,24.0463
11/26/2024 05:00:00,1146.0,825,915,21.7989
11/26/2024 07:00:00,1146.0,825,915,40.8346
11/26/2024 09:00:00,1146.0,825,915,23.0908
11/26/2024 11:00:00,1146.0,825,915,22.8082
11/26/2024 13:00:00,1146.0,825,915,21.5441
11/26/2024 15:00:00,1146.0,825,915,27.2673
11/26/2024 17:00:00,1146.0,825,915,43.1064
11/26/2024 21:00:00,1146.0,825,915,24.115
11/26/2024 23:00:00,1146.0,825,915,27.6886
11/25/2024 01:00:00,1484.0,706,930,15.7598
11/25/2024 03:00:00,1484.0,706,930,15.9428
11/25/2024 05:00:00,1484.0,706,930,21.2037
11/25/2024 07:00:00,1484.0,706,930,38.3271
11/25/2024 09:00:00,1484.0,706,930,23.0709
11/25/2024 11:00:00,1484.0,706,930,18.2284
11/25/2024 13:00:00,1484.0,706,930,21.7669
11/25/2024 15:00:00,1484.0,706,930,15.506
11/25/2024 17:00:00,1484.0,706,930,38.1467
11/25/2024 19:00:00,1484.0,706,930,22.0141
11/25/2024 21:00:00,1484.0,706,930,14.9154
11/25/2024 23:00:00,1484.0,706,930,25.7987
11/24/2024 01:00:00,1040.0,818,922,15.3275
11/24/2024 03:00:00,1040.0,818,922,15.0378
11/24/2024 05:00:00,1040.0,818,922,22.9119
11/24/2024 07:00:00,1040.0,818,922,30.6092
11/24/2024 09:00:00,1040.0,818,922,15.5465
11/24/2024 11:00:00,1040.0,818,922,14.3219
11/24/2024 13:00:00,1040.0,818,922,14.9057
11/24/2024 15:00:00,1040.0,818,922,12.8636
11/24/2024 17:00:00,1040.0,818,922,0.0155
11/24/2024 19:00:00,1040.0,818,922,16.0412
11/24/2024 21:00:00,1040.0,818,922,16.0424
11/24/2024 23:00:00,1040.0,818,922,20.2135
11/23/2024 01:00:00,1442.0,805,862,22.5084
11/23/2024 03:00:00,1442.0,805,862,26.2297
11/23/2024 05:00:00,1442.0,805,862,28.5499
11/23/2024 07:00:00,1442.0,805,862,26.4513
11/23/2024 09:00:00,1442.0,805,862,26.3417
11/23/2024 11:00:00,1442.0,805,862,18.5455
11/23/2024 13:00:00,1442.0,805,862,15.1005
11/23/2024 15:00:00,1442.0,805,862,14.4489
11/23/2024 17:00:00,1442.0,805,862,14.6361
11/23/2024 19:00:00,1442.0,805,862,20.6084
11/23/2024 21:00:00,1442.0,805,862,16.2824
11/23/2024 23:00:00,1442.0,805,862,16.5713
11/22/2024 01:00:00,1688.0,852,867,22.1559
11/22/2024 03:00:00,1688.0,852,867,22.5765
11/22/2024 05:00:00,1688.0,852,867,22.5797
11/22/2024 07:00:00,1688.0,852,867,38.5928
11/22/2024 09:00:00,1688.0,852,867,21.4752
11/22/2024 11:00:00,1688.0,852,867,21.2579
11/22/2024 13:00:00,1688.0,852,867,17.5722
11/22/2024 15:00:00,1688.0,852,867,16.9227
11/22/2024 17:00:00,1688.0,852,867,22.6843
11/22/2024 19:00:00,1688.0,852,867,22.3466
11/22/2024 21:00:00,1688.0,852,867,18.726
11/22/2024 23:00:00,1688.0,852,867,19.4005
11/21/2024 01:00:00,1697.0,888,895,29.8984
11/21/2024 03:00:00,1697.0,888,895,20.3406
11/21/2024 05:00:00,1697.0,888,895,27.2773
11/21/2024 07:00:00,1697.0,888,895,38.807
11/21/2024 09:00:00,1697.0,888,895,14.3098
11/21/2024 11:00:00,1697.0,888,895,14.1448
11/21/2024 13:00:00,1697.0,888,895,12.847
11/21/2024 15:00:00,1697.0,888,895,0.0052
11/21/2024 17:00:00,1697.0,888,895,16.3675
11/21/2024 19:00:00,1697.0,888,895,24.4562
11/21/2024 21:00:00,1697.0,888,895,15.6583
11/21/2024 23:00:00,1697.0,888,895,23.4127
11/20/2024 01:00:00,1747.0,828,907,21.0894
11/20/2024 03:00:00,1747.0,828,907,12.9753
11/20/2024 05:00:00,1747.0,828,907,17.9135
11/20/2024 07:00:00,1747.0,828,907,35.2699
11/20/2024 09:00:00,1747.0,828,907,13.1346
11/20/2024 11:00:00,1747.0,828,907,0.0176
11/20/2024 13:00:00,1747.0,828,907,13.1024
11/20/2024 15:00:00,1747.0,828,907,12.7242
11/20/2024 17:00:00,1747.0,828,907,37.9444
11/20/2024 19:00:00,1747.0,828,907,19.6761
11/20/2024 21:00:00,1747.0,828,907,20.6587
11/20/2024 23:00:00,1747.0,828,907,39.1929
11/19/2024 01:00:00,1642.0,771,902,-31.9066
11/19/2024 03:00:00,1642.0,771,902,0.0088
11/19/2024 05:00:00,1642.0,771,902,0.0102
11/19/2024 07:00:00,1642.0,771,902,11.6796
11/19/2024 09:00:00,1642.0,771,902,26.392
11/19/2024 11:00:00,1642.0,771,902,12.7548
11/19/2024 13:00:00,1642.0,771,902,11.483
11/19/2024 15:00:00,1642.0,771,902,0.0084
11/19/2024 17:00:00,1642.0,771,902,12.7197
11/19/2024 19:00:00,1642.0,771,902,84.6856
11/19/2024 21:00:00,1642.0,771,902,22.8578
11/19/2024 23:00:00,1642.0,771,902,20.7354
11/18/2024 01:00:00,1678.0,587,907,11.4604
11/18/2024 03:00:00,1678.0,587,907,18.4061
11/18/2024 05:00:00,1678.0,587,907,22.2297
11/18/2024 07:00:00,1678.0,587,907,26.0959
11/18/2024 09:00:00,1678.0,587,907,11.5011
11/18/2024 11:00:00,1678.0,587,907,0.0103
11/18/2024 13:00:00,1678.0,587,907,0.4304
11/18/2024 15:00:00,1678.0,587,907,0.1971
11/18/2024 17:00:00,1678.0,587,907,0.0081
11/18/2024 19:00:00,1678.0,587,907,10.9953
11/18/2024 21:00:00,1678.0,587,907,12.1773
11/18/2024 23:00:00,1678.0,587,907,11.3144
11/17/2024 01:00:00,1798.0,785,908,19.8038
11/17/2024 03:00:00,1798.0,785,908,20.2815
11/17/2024 05:00:00,1798.0,785,908,11.8654
11/17/2024 07:00:00,1798.0,785,908,20.5885
11/17/2024 09:00:00,1798.0,785,908,0.009
11/17/2024 11:00:00,1798.0,785,908,0.0041
11/17/2024 13:00:00,1798.0,785,908,0.0017
11/17/2024 15:00:00,1798.0,785,908,-0.0002
11/17/2024 17:00:00,1798.0,785,908,37.6123
11/17/2024 19:00:00,1798.0,785,908,28.5111
11/17/2024 21:00:00,1798.0,785,908,20.2292
11/17/2024 23:00:00,1798.0,785,908,16.7691
11/16/2024 01:00:00,476.0,888,880,0.0109
11/16/2024 07:00:00,476.0,888,880,12.1935
11/16/2024 09:00:00,476.0,888,880,0.0145
11/16/2024 11:00:00,476.0,888,880,0.0061
11/16/2024 13:00:00,476.0,888,880,0.0056
11/16/2024 15:00:00,476.0,888,880,0.0071
11/16/2024 17:00:00,476.0,888,880,37.9588
11/16/2024 19:00:00,476.0,888,880,26.1747
11/16/2024 21:00:00,476.0,888,880,16.4222
11/16/2024 23:00:00,476.0,888,880,20.5438
11/15/2024 01:00:00,1068.0,766,876,22.5894
11/15/2024 03:00:00,1068.0,766,876,20.2473
11/15/2024 05:00:00,1068.0,766,876,22.55
11/15/2024 07:00:00,1068.0,766,876,19.1956
11/15/2024 09:00:00,1068.0,766,876,13.923
11/15/2024 11:00:00,1068.0,766,876,12.03
11/15/2024 13:00:00,1068.0,766,876,0.0094
11/15/2024 15:00:00,1068.0,766,876,-5.3008
11/15/2024 17:00:00,1068.0,766,876,9.5964
11/15/2024 19:00:00,1068.0,766,876,12.0501
11/15/2024 21:00:00,1068.0,766,876,11.5113
11/15/2024 23:00:00,1068.0,766,876,11.3142
11/14/2024 01:00:00,1857.0,862,945,13.385
11/14/2024 03:00:00,1857.0,862,945,16.2681
11/14/2024 05:00:00,1857.0,862,945,23.6087
11/14/2024 07:00:00,1857.0,862,945,37.9849
11/14/2024 09:00:00,1857.0,862,945,11.4165
11/14/2024 11:00:00,1857.0,862,945,12.17
11/14/2024 15:00:00,1857.0,862,945,12.4779
11/14/2024 17:00:00,1857.0,862,945,37.763
11/14/2024 19:00:00,1857.0,862,945,15.3366
11/14/2024 21:00:00,1857.0,862,945,17.8696
11/14/2024 23:00:00,1857.0,862,945,27.9747
11/13/2024 01:00:00,1774.0,976,921,6.862
11/13/2024 03:00:00,1774.0,976,921,7.254
11/13/2024 05:00:00,1774.0,976,921,6.417
11/13/2024 07:00:00,1774.0,976,921,7.7319
11/13/2024 11:00:00,1774.0,976,921,0.5532
11/13/2024 13:00:00,1774.0,976,921,0.0102
11/13/2024 15:00:00,1774.0,976,921,10.1338
11/13/2024 17:00:00,1774.0,976,921,17.946
11/13/2024 19:00:00,1774.0,976,921,21.929
11/13/2024 21:00:00,1774.0,976,921,17.5716
11/13/2024 23:00:00,1774.0,976,921,13.0703
11/12/2024 01:00:00,1729.0,808,885,7.5346
11/12/2024 03:00:00,1729.0,808,885,7.5503
11/12/2024 05:00:00,1729.0,808,885,7.3701
11/12/2024 07:00:00,1729.0,808,885,20.9873
11/12/2024 09:00:00,1729.0,808,885,0.7386
11/12/2024 11:00:00,1729.0,808,885,7.2392
11/12/2024 13:00:00,1729.0,808,885,6.8389
11/12/2024 15:00:00,1729.0,808,885,6.6707
11/12/2024 17:00:00,1729.0,808,885,10.3018
11/12/2024 19:00:00,1729.0,808,885,8.0504
11/12/2024 21:00:00,1729.0,808,885,6.5122
11/12/2024 23:00:00,1729.0,808,885,0.0249
11/11/2024 01:00:00,1620.0,794,927,38.3416
11/11/2024 03:00:00,1620.0,794,927,22.2282
11/11/2024 05:00:00,1620.0,794,927,22.239
11/11/2024 07:00:00,1620.0,794,927,22.6498
11/11/2024 09:00:00,1620.0,794,927,11.7301
11/11/2024 11:00:00,1620.0,794,927,10.7242
11/11/2024 13:00:00,1620.0,794,927,12.5609
11/11/2024 15:00:00,1620.0,794,927,12.7934
11/11/2024 17:00:00,1620.0,794,927,38.0674
11/11/2024 19:00:00,1620.0,794,927,14.68
11/11/2024 21:00:00,1620.0,794,927,7.8484
11/11/2024 23:00:00,1620.0,794,927,6.559
11/10/2024 01:00:00,1343.0,967,909,8.756
11/10/2024 03:00:00,1343.0,967,909,7.4999
11/10/2024 05:00:00,1343.0,967,909,7.1704
11/10/2024 07:00:00,1343.0,967,909,8.7812
11/10/2024 09:00:00,1343.0,967,909,7.9522
11/10/2024 11:00:00,1343.0,967,909,8.8092
11/10/2024 13:00:00,1343.0,967,909,11.2695
11/10/2024 15:00:00,1343.0,967,909,6.7719
11/10/2024 17:00:00,1343.0,967,909,37.7912
11/10/2024 19:00:00,1343.0,967,909,15.724
11/10/2024 21:00:00,1343.0,967,909,11.1387
11/10/2024 23:00:00,1343.0,967,909,16.8973
11/09/2024 01:00:00,1169.0,896,826,9.7786
11/09/2024 05:00:00,1169.0,896,826,0.0056
11/09/2024 07:00:00,1169.0,896,826,0.0059
11/09/2024 09:00:00,1169.0,896,826,0.0063
11/09/2024 11:00:00,1169.0,896,826,-3.0322
11/09/2024 13:00:00,1169.0,896,826,5.8881
11/09/2024 15:00:00,1169.0,896,826,-40.5222
11/09/2024 17:00:00,1169.0,896,826,5.9034
11/09/2024 19:00:00,1169.0,896,826,19.9969
11/09/2024 21:00:00,1169.0,896,826,11.4647
11/09/2024 23:00:00,1169.0,896,826,10.2607
11/08/2024 01:00:00,1806.0,695,830,18.7613
11/08/2024 03:00:00,1806.0,695,830,17.2828
11/08/2024 05:00:00,1806.0,695,830,17.1425
11/08/2024 07:00:00,1806.0,695,830,20.7765
11/08/2024 09:00:00,1806.0,695,830,18.5941
11/08/2024 11:00:00,1806.0,695,830,13.6435
11/08/2024 13:00:00,1806.0,695,830,8.4548
11/08/2024 15:00:00,1806.0,695,830,7.9522
11/08/2024 17:00:00,1806.0,695,830,24.7885
11/08/2024 19:00:00,1806.0,695,830,12.5265
11/08/2024 21:00:00,1806.0,695,830,8.1068
11/08/2024 23:00:00,1806.0,695,830,0.0057
11/07/2024 01:00:00,1765.0,679,881,17.2436
11/07/2024 03:00:00,1765.0,679,881,15.9824
11/07/2024 05:00:00,1765.0,679,881,17.5591
11/07/2024 07:00:00,1765.0,679,881,38.667
11/07/2024 09:00:00,1765.0,679,881,16.3744
11/07/2024 11:00:00,1765.0,679,881,14.1006
11/07/2024 13:00:00,1765.0,679,881,10.5475
11/07/2024 15:00:00,1765.0,679,881,10.4452
11/07/2024 17:00:00,1765.0,679,881,13.4725
11/07/2024 19:00:00,1765.0,679,881,17.8796
11/07/2024 21:00:00,1765.0,679,881,13.8991
11/07/2024 23:00:00,1765.0,679,881,14.1149
11/06/2024 01:00:00,860.0,787,897,13.6108
11/06/2024 03:00:00,860.0,787,897,7.3677
11/06/2024 05:00:00,860.0,787,897,6.7855
11/06/2024 07:00:00,860.0,787,897,0.0162
11/06/2024 09:00:00,860.0,787,897,27.5069
11/06/2024 11:00:00,860.0,787,897,4.6873
11/06/2024 13:00:00,860.0,787,897,0.3468
11/06/2024 15:00:00,860.0,787,897,0.4822
11/06/2024 17:00:00,860.0,787,897,13.8775
11/06/2024 19:00:00,860.0,787,897,20.6274
11/06/2024 21:00:00,860.0,787,897,18.7867
11/06/2024 23:00:00,860.0,787,897,15.9656
11/05/2024 01:00:00,1336.0,733,934,-5.2954
11/05/2024 03:00:00,1336.0,733,934,6.9997
11/05/2024 05:00:00,1336.0,733,934,14.6635
11/05/2024 07:00:00,1336.0,733,934,20.6178
11/05/2024 09:00:00,1336.0,733,934,6.8432
11/05/2024 11:00:00,1336.0,733,934,7.3887
11/05/2024 13:00:00,1336.0,733,934,9.6808
11/05/2024 15:00:00,1336.0,733,934,7.6455
11/05/2024 17:00:00,1336.0,733,934,9.8037
11/05/2024 19:00:00,1336.0,733,934,33.0456
11/05/2024 21:00:00,1336.0,733,934,14.145
11/05/2024 23:00:00,1336.0,733,934,11.772
11/04/2024 01:00:00,1726.0,919,891,2.7406
11/04/2024 03:00:00,1726.0,919,891,3.3665
11/04/2024 05:00:00,1726.0,919,891,0.2647
11/04/2024 07:00:00,1726.0,919,891,9.8916
11/04/2024 09:00:00,1726.0,919,891,6.8271
11/04/2024 11:00:00,1726.0,919,891,6.4216
11/04/2024 13:00:00,1726.0,919,891,0.7862
11/04/2024 15:00:00,1726.0,919,891,6.9016
11/04/2024 17:00:00,1726.0,919,891,29.234
11/04/2024 19:00:00,1726.0,919,891,-36.8067
11/04/2024 21:00:00,1726.0,919,891,23.3831
11/04/2024 23:00:00,1726.0,919,891,28.4895
11/03/2024 01:00:00,1121.0,882,889,12.7264
11/03/2024 03:00:00,1121.0,882,889,9.4519
11/03/2024 05:00:00,1121.0,882,889,8.0744
11/03/2024 07:00:00,1121.0,882,889,12.3332
11/03/2024 13:00:00,1121.0,882,889,7.5747
11/03/2024 15:00:00,1121.0,882,889,7.4989
11/03/2024 17:00:00,1121.0,882,889,7.5815
11/03/2024 19:00:00,1121.0,882,889,16.3874
11/03/2024 21:00:00,1121.0,882,889,7.9806
11/03/2024 23:00:00,1121.0,882,889,-1.7056
11/02/2024 01:00:00,978.0,900,878,8.2457
11/02/2024 03:00:00,978.0,900,878,11.9364
11/02/2024 05:00:00,978.0,900,878,21.3282
11/02/2024 07:00:00,978.0,900,878,34.0068
11/02/2024 09:00:00,978.0,900,878,35.8195
11/02/2024 11:00:00,978.0,900,878,14.7563
11/02/2024 13:00:00,978.0,900,878,9.275
11/02/2024 17:00:00,978.0,900,878,-36.9829
11/02/2024 19:00:00,978.0,900,878,7.3095
11/02/2024 21:00:00,978.0,900,878,0.6207
11/02/2024 23:00:00,978.0,900,878,-17.9744
11/01/2024 01:00:00,1740.0,975,987,12.0076
11/01/2024 03:00:00,1740.0,975,987,15.6662
11/01/2024 05:00:00,1740.0,975,987,20.7454
11/01/2024 07:00:00,1740.0,975,987,21.1018
11/01/2024 09:00:00,1740.0,975,987,17.2337
11/01/2024 11:00:00,1740.0,975,987,9.7074
11/01/2024 13:00:00,1740.0,975,987,10.2877
11/01/2024 15:00:00,1740.0,975,987,10.7085
11/01/2024 17:00:00,1740.0,975,987,14.4471
11/01/2024 19:00:00,1740.0,975,987,15.6385
11/01/2024 21:00:00,1740.0,975,987,11.2877
11/01/2024 23:00:00,1740.0,975,987,9.5376
10/31/2024 01:00:00,1973.0,898,1064,19.7191
10/31/2024 03:00:00,1973.0,898,1064,14.991
10/31/2024 05:00:00,1973.0,898,1064,20.0936
10/31/2024 07:00:00,1973.0,898,1064,27.8257
10/31/2024 09:00:00,1973.0,898,1064,21.9942
10/31/2024 11:00:00,1973.0,898,1064,14.9201
10/31/2024 13:00:00,1973.0,898,1064,11.6858
10/31/2024 15:00:00,1973.0,898,1064,-39.8516
10/31/2024 19:00:00,1973.0,898,1064,13.9252
10/31/2024 21:00:00,1973.0,898,1064,4.4134
10/31/2024 23:00:00,1973.0,898,1064,5.1015
10/30/2024 01:00:00,1866.0,912,972,17.6421
10/30/2024 03:00:00,1866.0,912,972,16.3212
10/30/2024 05:00:00,1866.0,912,972,15.4498
10/30/2024 07:00:00,1866.0,912,972,31.9369
10/30/2024 09:00:00,1866.0,912,972,19.1204
10/30/2024 11:00:00,1866.0,912,972,16.4267
10/30/2024 13:00:00,1866.0,912,972,15.9396
10/30/2024 15:00:00,1866.0,912,972,16.141
10/30/2024 17:00:00,1866.0,912,972,33.2873
10/30/2024 19:00:00,1866.0,912,972,-46.1026
10/30/2024 21:00:00,1866.0,912,972,56.2109
10/30/2024 23:00:00,1866.0,912,972,14.413
10/29/2024 01:00:00,1763.0,931,997,15.5216
10/29/2024 03:00:00,1763.0,931,997,22.1356
10/29/2024 05:00:00,1763.0,931,997,35.2393
10/29/2024 07:00:00,1763.0,931,997,36.1659
10/29/2024 09:00:00,1763.0,931,997,21.1076
10/29/2024 11:00:00,1763.0,931,997,1.1763
10/29/2024 13:00:00,1763.0,931,997,-2.2085
10/29/2024 17:00:00,1763.0,931,997,-4.8234
10/29/2024 21:00:00,1763.0,931,997,15.5287
10/29/2024 23:00:00,1763.0,931,997,16.6498
10/28/2024 03:00:00,1445.0,994,1184,14.0731
10/28/2024 05:00:00,1445.0,994,1184,15.0004
10/28/2024 07:00:00,1445.0,994,1184,17.2353
10/28/2024 09:00:00,1445.0,994,1184,18.5249
10/28/2024 11:00:00,1445.0,994,1184,32.6798
10/28/2024 13:00:00,1445.0,994,1184,17.4034
10/28/2024 15:00:00,1445.0,994,1184,14.8994
10/28/2024 17:00:00,1445.0,994,1184,12.7084
10/28/2024 19:00:00,1445.0,994,1184,15.0251
10/28/2024 21:00:00,1445.0,994,1184,12.9098
10/28/2024 23:00:00,1445.0,994,1184,12.9801
10/27/2024 01:00:00,1929.0,1167,1370,15.096
10/27/2024 03:00:00,1929.0,1167,1370,21.9253
10/27/2024 05:00:00,1929.0,1167,1370,21.2008
10/27/2024 07:00:00,1929.0,1167,1370,21.2284
10/27/2024 09:00:00,1929.0,1167,1370,33.7456
10/27/2024 11:00:00,1929.0,1167,1370,15.0049
10/27/2024 13:00:00,1929.0,1167,1370,10.0575
10/27/2024 15:00:00,1929.0,1167,1370,12.3061
10/27/2024 17:00:00,1929.0,1167,1370,10.5497
10/27/2024 19:00:00,1929.0,1167,1370,10.3367
10/27/2024 21:00:00,1929.0,1167,1370,10.4997
10/27/2024 23:00:00,1929.0,1167,1370,0.5519
10/26/2024 05:00:00,1902.0,981,1301,11.0674
10/26/2024 07:00:00,1902.0,981,1301,13.2728
10/26/2024 09:00:00,1902.0,981,1301,13.4637
10/26/2024 13:00:00,1902.0,981,1301,-1.0574
10/26/2024 19:00:00,1902.0,981,1301,16.5708
10/26/2024 21:00:00,1902.0,981,1301,16.828
10/26/2024 23:00:00,1902.0,981,1301,14.3756
10/25/2024 01:00:00,1784.0,1022,1276,33.3968
10/25/2024 03:00:00,1784.0,1022,1276,30.9928
10/25/2024 05:00:00,1784.0,1022,1276,19.8151
10/25/2024 07:00:00,1784.0,1022,1276,22.0093
10/25/2024 09:00:00,1784.0,1022,1276,22.2651
10/25/2024 11:00:00,1784.0,1022,1276,12.0251
10/25/2024 13:00:00,1784.0,1022,1276,5.0071
10/25/2024 17:00:00,1784.0,1022,1276,12.8542
10/25/2024 19:00:00,1784.0,1022,1276,23.6081
10/25/2024 21:00:00,1784.0,1022,1276,12.2298
10/25/2024 23:00:00,1784.0,1022,1276,10.6763
10/24/2024 03:00:00,1853.0,973,1239,10.2289
10/24/2024 07:00:00,1853.0,973,1239,26.6408
10/24/2024 09:00:00,1853.0,973,1239,10.5788
10/24/2024 21:00:00,1853.0,973,1239,0.0507
10/24/2024 23:00:00,1853.0,973,1239,15.0039
10/23/2024 01:00:00,2047.0,1078,1474,12.4186
10/23/2024 03:00:00,2047.0,1078,1474,13.2024
10/23/2024 05:00:00,2047.0,1078,1474,23.3419
10/23/2024 07:00:00,2047.0,1078,1474,26.5996
10/23/2024 09:00:00,2047.0,1078,1474,13.559
10/23/2024 11:00:00,2047.0,1078,1474,9.8902
10/23/2024 13:00:00,2047.0,1078,1474,9.9715
10/23/2024 15:00:00,2047.0,1078,1474,10.2105
10/23/2024 17:00:00,2047.0,1078,1474,10.629
10/23/2024 19:00:00,2047.0,1078,1474,20.0083
10/23/2024 21:00:00,2047.0,1078,1474,10.3883
10/23/2024 23:00:00,2047.0,1078,1474,-6.6707
10/22/2024 01:00:00,1993.0,1072,1431,68.0582
10/22/2024 03:00:00,1993.0,1072,1431,13.9237
10/22/2024 05:00:00,1993.0,1072,1431,12.3082
10/22/2024 07:00:00,1993.0,1072,1431,33.1307
10/22/2024 09:00:00,1993.0,1072,1431,23.5406
10/22/2024 11:00:00,1993.0,1072,1431,8.2438
10/22/2024 13:00:00,1993.0,1072,1431,8.2324
10/22/2024 15:00:00,1993.0,1072,1431,13.556
10/22/2024 17:00:00,1993.0,1072,1431,20.4865
10/22/2024 19:00:00,1993.0,1072,1431,20.1222
10/22/2024 21:00:00,1993.0,1072,1431,12.4564
10/22/2024 23:00:00,1993.0,1072,1431,14.6012
10/21/2024 01:00:00,2169.0,994,1332,9.7446
10/21/2024 07:00:00,2169.0,994,1332,15.2821
10/21/2024 09:00:00,2169.0,994,1332,14.3851
10/21/2024 11:00:00,2169.0,994,1332,12.0459
10/21/2024 19:00:00,2169.0,994,1332,32.4323
10/21/2024 21:00:00,2169.0,994,1332,11.9334
10/21/2024 23:00:00,2169.0,994,1332,-1.1478
10/20/2024 01:00:00,1997.0,931,1294,14.4582
10/20/2024 03:00:00,1997.0,931,1294,10.1875
10/20/2024 05:00:00,1997.0,931,1294,9.8439
10/20/2024 07:00:00,1997.0,931,1294,8.4033
10/20/2024 13:00:00,1997.0,931,1294,-5.2562
10/20/2024 15:00:00,1997.0,931,1294,0.0026
10/20/2024 17:00:00,1997.0,931,1294,0.0063
10/20/2024 19:00:00,1997.0,931,1294,51.4802
10/20/2024 21:00:00,1997.0,931,1294,8.5459
10/20/2024 23:00:00,1997.0,931,1294,0.0096
10/19/2024 01:00:00,1652.0,936,1177,15.4859
10/19/2024 03:00:00,1652.0,936,1177,10.9501
10/19/2024 05:00:00,1652.0,936,1177,16.2011
10/19/2024 07:00:00,1652.0,936,1177,17.8683
10/19/2024 09:00:00,1652.0,936,1177,25.6981
10/19/2024 11:00:00,1652.0,936,1177,14.153
10/19/2024 13:00:00,1652.0,936,1177,10.0156
10/19/2024 15:00:00,1652.0,936,1177,0.0046
10/19/2024 17:00:00,1652.0,936,1177,0.0037
10/19/2024 19:00:00,1652.0,936,1177,11.2181
10/19/2024 21:00:00,1652.0,936,1177,12.1178
10/19/2024 23:00:00,1652.0,936,1177,11.8317
10/18/2024 01:00:00,1343.0,714,1015,2.1018
10/18/2024 03:00:00,1343.0,714,1015,11.718
10/18/2024 07:00:00,1343.0,714,1015,0.0072
10/18/2024 09:00:00,1343.0,714,1015,13.3546
10/18/2024 11:00:00,1343.0,714,1015,0.0047
10/18/2024 13:00:00,1343.0,714,1015,1.9156
10/18/2024 17:00:00,1343.0,714,1015,12.8647
10/18/2024 19:00:00,1343.0,714,1015,16.8134
10/18/2024 21:00:00,1343.0,714,1015,14.7394
10/18/2024 23:00:00,1343.0,714,1015,16.5584
10/17/2024 01:00:00,1552.0,1016,1164,0.0001
10/17/2024 03:00:00,1552.0,1016,1164,11.3828
10/17/2024 05:00:00,1552.0,1016,1164,12.9814
10/17/2024 07:00:00,1552.0,1016,1164,13.4648
10/17/2024 09:00:00,1552.0,1016,1164,12.7943
10/17/2024 11:00:00,1552.0,1016,1164,15.9864
10/17/2024 13:00:00,1552.0,1016,1164,2.2446
10/17/2024 15:00:00,1552.0,1016,1164,1.5224
10/17/2024 17:00:00,1552.0,1016,1164,2.3343
10/17/2024 19:00:00,1552.0,1016,1164,12.458
10/17/2024 21:00:00,1552.0,1016,1164,0.6475
10/17/2024 23:00:00,1552.0,1016,1164,2.2375
10/16/2024 01:00:00,1084.0,927,1145,0.0079
10/16/2024 07:00:00,1084.0,927,1145,9.8876
10/16/2024 09:00:00,1084.0,927,1145,0.0001
10/16/2024 11:00:00,1084.0,927,1145,0.0086
10/16/2024 13:00:00,1084.0,927,1145,0.0049
10/16/2024 15:00:00,1084.0,927,1145,0.0088
10/16/2024 17:00:00,1084.0,927,1145,0.012
10/16/2024 19:00:00,1084.0,927,1145,16.6667
10/16/2024 21:00:00,1084.0,927,1145,11.4306
10/16/2024 23:00:00,1084.0,927,1145,12.8595
10/15/2024 01:00:00,1256.0,927,1117,17.7556
10/15/2024 03:00:00,1256.0,927,1117,19.2818
10/15/2024 05:00:00,1256.0,927,1117,16.9979
10/15/2024 07:00:00,1256.0,927,1117,18.4692
10/15/2024 09:00:00,1256.0,927,1117,18.2367
10/15/2024 11:00:00,1256.0,927,1117,13.5215
10/15/2024 13:00:00,1256.0,927,1117,13.7847
10/15/2024 15:00:00,1256.0,927,1117,4.9654
10/15/2024 17:00:00,1256.0,927,1117,14.2773
10/15/2024 19:00:00,1256.0,927,1117,14.3281
10/15/2024 21:00:00,1256.0,927,1117,0.0071
10/15/2024 23:00:00,1256.0,927,1117,0.008
10/14/2024 01:00:00,1719.0,1208,1478,0.0068
10/14/2024 07:00:00,1719.0,1208,1478,18.2024
10/14/2024 09:00:00,1719.0,1208,1478,15.6605
10/14/2024 11:00:00,1719.0,1208,1478,16.0151
10/14/2024 13:00:00,1719.0,1208,1478,17.6125
10/14/2024 15:00:00,1719.0,1208,1478,23.3505
10/14/2024 17:00:00,1719.0,1208,1478,13.2989
10/14/2024 19:00:00,1719.0,1208,1478,21.0904
10/14/2024 21:00:00,1719.0,1208,1478,20.4144
10/14/2024 23:00:00,1719.0,1208,1478,18.2897
10/13/2024 01:00:00,2537.0,1219,1489,21.2284
10/13/2024 03:00:00,2537.0,1219,1489,20.0423
10/13/2024 05:00:00,2537.0,1219,1489,18.4188
10/13/2024 07:00:00,2537.0,1219,1489,15.3354
10/13/2024 09:00:00,2537.0,1219,1489,14.4829
10/13/2024 11:00:00,2537.0,1219,1489,0.0001
10/13/2024 13:00:00,2537.0,1219,1489,0.0001
10/13/2024 15:00:00,2537.0,1219,1489,14.0111
10/13/2024 17:00:00,2537.0,1219,1489,15.2132
10/13/2024 19:00:00,2537.0,1219,1489,31.7959
10/13/2024 21:00:00,2537.0,1219,1489,0.802
10/13/2024 23:00:00,2537.0,1219,1489,0.0084
10/12/2024 01:00:00,2046.0,1167,1401,18.9014
10/12/2024 03:00:00,2046.0,1167,1401,14.089
10/12/2024 05:00:00,2046.0,1167,1401,14.3183
10/12/2024 07:00:00,2046.0,1167,1401,17.0479
10/12/2024 09:00:00,2046.0,1167,1401,0.0047
10/12/2024 11:00:00,2046.0,1167,1401,0.0063
10/12/2024 13:00:00,2046.0,1167,1401,14.6812
10/12/2024 15:00:00,2046.0,1167,1401,18.5505
10/12/2024 17:00:00,2046.0,1167,1401,32.1885
10/12/2024 19:00:00,2046.0,1167,1401,24.4928
10/12/2024 21:00:00,2046.0,1167,1401,19.9494
10/12/2024 23:00:00,2046.0,1167,1401,20.0066
10/11/2024 01:00:00,2073.0,1159,1480,22.1677
10/11/2024 03:00:00,2073.0,1159,1480,20.6771
10/11/2024 05:00:00,2073.0,1159,1480,15.2048
10/11/2024 07:00:00,2073.0,1159,1480,16.5984
10/11/2024 09:00:00,2073.0,1159,1480,15.505
10/11/2024 11:00:00,2073.0,1159,1480,19.5997
10/11/2024 13:00:00,2073.0,1159,1480,20.4346
10/11/2024 15:00:00,2073.0,1159,1480,33.0048
10/11/2024 17:00:00,2073.0,1159,1480,22.3367
10/11/2024 19:00:00,2073.0,1159,1480,32.379
10/11/2024 21:00:00,2073.0,1159,1480,17.2006
10/11/2024 23:00:00,2073.0,1159,1480,18.6489
10/10/2024 01:00:00,2108.0,1299,1608,22.896
10/10/2024 03:00:00,2108.0,1299,1608,18.6938
10/10/2024 05:00:00,2108.0,1299,1608,18.815
10/10/2024 07:00:00,2108.0,1299,1608,21.0588
10/10/2024 09:00:00,2108.0,1299,1608,19.3021
10/10/2024 11:00:00,2108.0,1299,1608,19.6933
10/10/2024 13:00:00,2108.0,1299,1608,17.9063
10/10/2024 15:00:00,2108.0,1299,1608,36.075
10/10/2024 17:00:00,2108.0,1299,1608,18.7022
10/10/2024 19:00:00,2108.0,1299,1608,38.3827
10/10/2024 21:00:00,2108.0,1299,1608,20.8544
10/10/2024 23:00:00,2108.0,1299,1608,10.5709
10/09/2024 01:00:00,1993.0,1219,1634,15.558
10/09/2024 03:00:00,1993.0,1219,1634,18.1688
10/09/2024 05:00:00,1993.0,1219,1634,14.9898
10/09/2024 07:00:00,1993.0,1219,1634,20.1084
10/09/2024 09:00:00,1993.0,1219,1634,18.7677
10/09/2024 11:00:00,1993.0,1219,1634,17.9115
10/09/2024 13:00:00,1993.0,1219,1634,19.7411
10/09/2024 15:00:00,1993.0,1219,1634,26.9734
10/09/2024 17:00:00,1993.0,1219,1634,36.4009
10/09/2024 19:00:00,1993.0,1219,1634,26.8891
10/09/2024 21:00:00,1993.0,1219,1634,38.006
10/09/2024 23:00:00,1993.0,1219,1634,22.6567
10/08/2024 01:00:00,2170.0,1191,1563,23.047
10/08/2024 03:00:00,2170.0,1191,1563,19.8048
10/08/2024 05:00:00,2170.0,1191,1563,22.496
10/08/2024 07:00:00,2170.0,1191,1563,36.9128
10/08/2024 09:00:00,2170.0,1191,1563,19.4089
10/08/2024 11:00:00,2170.0,1191,1563,14.7619
10/08/2024 13:00:00,2170.0,1191,1563,16.7026
10/08/2024 15:00:00,2170.0,1191,1563,20.5718
10/08/2024 17:00:00,2170.0,1191,1563,26.1138
10/08/2024 19:00:00,2170.0,1191,1563,19.7256
10/08/2024 21:00:00,2170.0,1191,1563,19.7834
10/08/2024 23:00:00,2170.0,1191,1563,16.0278
10/07/2024 07:00:00,2154.0,1193,1515,16.1811
10/07/2024 09:00:00,2154.0,1193,1515,13.5959
10/07/2024 11:00:00,2154.0,1193,1515,17.9802
10/07/2024 13:00:00,2154.0,1193,1515,17.2808
10/07/2024 15:00:00,2154.0,1193,1515,31.7511
10/07/2024 17:00:00,2154.0,1193,1515,50.4743
10/07/2024 19:00:00,2154.0,1193,1515,34.405
10/07/2024 21:00:00,2154.0,1193,1515,23.1767
10/07/2024 23:00:00,2154.0,1193,1515,26.5777
10/06/2024 01:00:00,2096.0,1134,1509,20.2617
10/06/2024 03:00:00,2096.0,1134,1509,20.187
10/06/2024 05:00:00,2096.0,1134,1509,24.781
10/06/2024 07:00:00,2096.0,1134,1509,26.8024
10/06/2024 09:00:00,2096.0,1134,1509,18.5204
10/06/2024 11:00:00,2096.0,1134,1509,14.151
10/06/2024 13:00:00,2096.0,1134,1509,14.3397
10/06/2024 15:00:00,2096.0,1134,1509,13.2175
10/06/2024 17:00:00,2096.0,1134,1509,14.4949
10/06/2024 19:00:00,2096.0,1134,1509,37.064
10/06/2024 21:00:00,2096.0,1134,1509,42.8304
10/06/2024 23:00:00,2096.0,1134,1509,0.0161
10/05/2024 01:00:00,2220.0,1036,1469,0.0001
10/05/2024 03:00:00,2220.0,1036,1469,-29.5767
10/05/2024 05:00:00,2220.0,1036,1469,0.0001
10/05/2024 13:00:00,2220.0,1036,1469,10.0814
10/05/2024 15:00:00,2220.0,1036,1469,16.9845
10/05/2024 17:00:00,2220.0,1036,1469,19.7649
10/05/2024 19:00:00,2220.0,1036,1469,37.0278
10/05/2024 21:00:00,2220.0,1036,1469,18.4057
10/05/2024 23:00:00,2220.0,1036,1469,14.989
10/04/2024 01:00:00,2297.0,1159,1464,15.1218
10/04/2024 03:00:00,2297.0,1159,1464,14.3128
10/04/2024 05:00:00,2297.0,1159,1464,18.4267
10/04/2024 07:00:00,2297.0,1159,1464,18.064
10/04/2024 09:00:00,2297.0,1159,1464,18.2062
10/04/2024 11:00:00,2297.0,1159,1464,14.0241
10/04/2024 13:00:00,2297.0,1159,1464,10.4572
10/04/2024 15:00:00,2297.0,1159,1464,15.5511
10/04/2024 17:00:00,2297.0,1159,1464,14.6729
10/04/2024 19:00:00,2297.0,1159,1464,21.7659
10/04/2024 21:00:00,2297.0,1159,1464,10.6237
10/04/2024 23:00:00,2297.0,1159,1464,-30.0564
10/03/2024 01:00:00,2248.0,1125,1506,37.2582
10/03/2024 03:00:00,2248.0,1125,1506,19.5429
10/03/2024 05:00:00,2248.0,1125,1506,-28.2557
10/03/2024 07:00:00,2248.0,1125,1506,9.636
10/03/2024 11:00:00,2248.0,1125,1506,0.0058
10/03/2024 15:00:00,2248.0,1125,1506,0.0064
10/03/2024 17:00:00,2248.0,1125,1506,12.6086
10/3/2024 19:00,2248.0,1125,1506,38.3259
10/03/2024 21:00:00,2248.0,1125,1506,23.6869
10/03/2024 23:00:00,2248.0,1125,1506,16.8618
10/02/2024 01:00:00,2109.0,1137,1617,-38.8226
10/02/2024 03:00:00,2109.0,1137,1617,15.0242
10/02/2024 05:00:00,2109.0,1137,1617,13.4345
10/02/2024 07:00:00,2109.0,1137,1617,14.8237
10/02/2024 09:00:00,2109.0,1137,1617,-0.0015
10/02/2024 11:00:00,2109.0,1137,1617,0.0001
10/02/2024 13:00:00,2109.0,1137,1617,13.1935
10/02/2024 15:00:00,2109.0,1137,1617,14.7249
10/02/2024 17:00:00,2109.0,1137,1617,15.1922
10/02/2024 19:00:00,2109.0,1137,1617,14.5992
10/02/2024 21:00:00,2109.0,1137,1617,0.0001
10/01/2024 01:00:00,1784.0,1122,1525,14.6966
10/01/2024 03:00:00,1784.0,1122,1525,18.9619
10/01/2024 05:00:00,1784.0,1122,1525,20.0106
10/01/2024 07:00:00,1784.0,1122,1525,19.3344
10/01/2024 09:00:00,1784.0,1122,1525,15.177
10/01/2024 11:00:00,1784.0,1122,1525,0.0026
10/01/2024 13:00:00,1784.0,1122,1525,0.006
10/01/2024 15:00:00,1784.0,1122,1525,0.009
10/01/2024 17:00:00,1784.0,1122,1525,14.7422
10/1/2024 19:00,1784.0,1122,1525,20.2132
10/01/2024 21:00:00,1784.0,1122,1525,15.018
10/01/2024 23:00:00,1784.0,1122,1525,10.638
09/30/2024 01:00:00,1860.0,1015,1484,-1.1604
09/30/2024 03:00:00,1860.0,1015,1484,11.7334
09/30/2024 05:00:00,1860.0,1015,1484,16.0155
09/30/2024 07:00:00,1860.0,1015,1484,21.2966
09/30/2024 09:00:00,1860.0,1015,1484,19.0999
09/30/2024 11:00:00,1860.0,1015,1484,14.6504
09/30/2024 13:00:00,1860.0,1015,1484,0.008
09/30/2024 15:00:00,1860.0,1015,1484,11.222
09/30/2024 17:00:00,1860.0,1015,1484,19.7251
09/30/2024 19:00:00,1860.0,1015,1484,37.8905
09/30/2024 21:00:00,1860.0,1015,1484,19.2828
09/30/2024 23:00:00,1860.0,1015,1484,16.4261
09/29/2024 01:00:00,1499.0,1252,1744,16.7959
09/29/2024 03:00:00,1499.0,1252,1744,18.0906
09/29/2024 05:00:00,1499.0,1252,1744,17.2013
09/29/2024 07:00:00,1499.0,1252,1744,20.6855
09/29/2024 09:00:00,1499.0,1252,1744,15.0404
09/29/2024 11:00:00,1499.0,1252,1744,0.007
09/29/2024 13:00:00,1499.0,1252,1744,13.7243
09/29/2024 15:00:00,1499.0,1252,1744,20.2935
09/29/2024 17:00:00,1499.0,1252,1744,24.2731
09/29/2024 19:00:00,1499.0,1252,1744,23.8809
09/29/2024 21:00:00,1499.0,1252,1744,1.4507
09/29/2024 23:00:00,1499.0,1252,1744,11.9725
09/28/2024 01:00:00,2241.0,1108,1579,20.4284
09/28/2024 03:00:00,2241.0,1108,1579,19.8803
09/28/2024 05:00:00,2241.0,1108,1579,20.7037
09/28/2024 07:00:00,2241.0,1108,1579,23.3555
09/28/2024 09:00:00,2241.0,1108,1579,17.8354
09/28/2024 11:00:00,2241.0,1108,1579,16.1281
09/28/2024 13:00:00,2241.0,1108,1579,14.3943
09/28/2024 15:00:00,2241.0,1108,1579,22.6761
09/28/2024 17:00:00,2241.0,1108,1579,36.8726
09/28/2024 19:00:00,2241.0,1108,1579,40.9545
09/28/2024 21:00:00,2241.0,1108,1579,15.0213
09/28/2024 23:00:00,2241.0,1108,1579,15.7467
09/27/2024 01:00:00,2350.0,1138,1655,20.5651
09/27/2024 03:00:00,2350.0,1138,1655,16.729
09/27/2024 05:00:00,2350.0,1138,1655,16.6807
09/27/2024 07:00:00,2350.0,1138,1655,15.3222
09/27/2024 09:00:00,2350.0,1138,1655,11.4098
09/27/2024 11:00:00,2350.0,1138,1655,12.9202
09/27/2024 13:00:00,2350.0,1138,1655,36.5591
09/27/2024 15:00:00,2350.0,1138,1655,37.0479
09/27/2024 17:00:00,2350.0,1138,1655,26.9244
09/27/2024 19:00:00,2350.0,1138,1655,34.4222
09/27/2024 21:00:00,2350.0,1138,1655,19.619
09/27/2024 23:00:00,2350.0,1138,1655,17.9501
09/26/2024 05:00:00,2243.0,1350,1880,18.9527
09/26/2024 07:00:00,2243.0,1350,1880,37.718
09/26/2024 09:00:00,2243.0,1350,1880,22.361
09/26/2024 11:00:00,2243.0,1350,1880,17.1915
09/26/2024 13:00:00,2243.0,1350,1880,20.1358
09/26/2024 15:00:00,2243.0,1350,1880,36.8143
09/26/2024 17:00:00,2243.0,1350,1880,41.8993
09/26/2024 19:00:00,2243.0,1350,1880,29.4447
09/26/2024 21:00:00,2243.0,1350,1880,22.937
09/26/2024 23:00:00,2243.0,1350,1880,16.5739
09/25/2024 01:00:00,2301.0,1243,1777,21.9663
09/25/2024 03:00:00,2301.0,1243,1777,14.2185
09/25/2024 05:00:00,2301.0,1243,1777,14.4324
09/25/2024 07:00:00,2301.0,1243,1777,19.1196
09/25/2024 09:00:00,2301.0,1243,1777,17.1501
09/25/2024 11:00:00,2301.0,1243,1777,15.0654
09/25/2024 13:00:00,2301.0,1243,1777,16.5047
09/25/2024 15:00:00,2301.0,1243,1777,19.3419
09/25/2024 17:00:00,2301.0,1243,1777,22.0068
09/25/2024 19:00:00,2301.0,1243,1777,37.5564
09/25/2024 21:00:00,2301.0,1243,1777,17.3387
09/25/2024 23:00:00,2301.0,1243,1777,11.4805
09/24/2024 01:00:00,2323.0,1181,1725,14.0284
09/24/2024 03:00:00,2323.0,1181,1725,14.1789
09/24/2024 05:00:00,2323.0,1181,1725,-30.2586
09/24/2024 07:00:00,2323.0,1181,1725,16.4738
09/24/2024 09:00:00,2323.0,1181,1725,37.4
09/24/2024 11:00:00,2323.0,1181,1725,14.0379
09/24/2024 13:00:00,2323.0,1181,1725,15.5252
09/24/2024 15:00:00,2323.0,1181,1725,13.9048
09/24/2024 17:00:00,2323.0,1181,1725,21.5385
09/24/2024 19:00:00,2323.0,1181,1725,35.834
09/24/2024 21:00:00,2323.0,1181,1725,34.7219
09/24/2024 23:00:00,2323.0,1181,1725,22.4529
09/23/2024 01:00:00,2344.0,1217,1724,12.6585
09/23/2024 03:00:00,2344.0,1217,1724,9.2647
09/23/2024 05:00:00,2344.0,1217,1724,13.486
09/23/2024 07:00:00,2344.0,1217,1724,36.9554
09/23/2024 09:00:00,2344.0,1217,1724,20.0647
09/23/2024 11:00:00,2344.0,1217,1724,14.8075
09/23/2024 13:00:00,2344.0,1217,1724,15.5362
09/23/2024 15:00:00,2344.0,1217,1724,14.9278
09/23/2024 17:00:00,2344.0,1217,1724,20.1222
09/23/2024 19:00:00,2344.0,1217,1724,25.9375
09/23/2024 21:00:00,2344.0,1217,1724,24.7288
09/23/2024 23:00:00,2344.0,1217,1724,10.5434
09/22/2024 01:00:00,2488.0,1248,1634,37.5364
09/22/2024 03:00:00,2488.0,1248,1634,15.9655
09/22/2024 05:00:00,2488.0,1248,1634,18.458
09/22/2024 07:00:00,2488.0,1248,1634,30.185
09/22/2024 09:00:00,2488.0,1248,1634,19.2798
09/22/2024 11:00:00,2488.0,1248,1634,17.5546
09/22/2024 13:00:00,2488.0,1248,1634,13.7917
09/22/2024 15:00:00,2488.0,1248,1634,12.5281
09/22/2024 17:00:00,2488.0,1248,1634,11.1768
09/22/2024 19:00:00,2488.0,1248,1634,19.6007
09/22/2024 21:00:00,2488.0,1248,1634,19.4784
09/22/2024 23:00:00,2488.0,1248,1634,16.2179
09/21/2024 01:00:00,2445.0,1021,1502,0.0082
09/21/2024 03:00:00,2445.0,1021,1502,-38.908
09/21/2024 05:00:00,2445.0,1021,1502,-39.1888
09/21/2024 07:00:00,2445.0,1021,1502,0.0128
09/21/2024 09:00:00,2445.0,1021,1502,-41.7533
09/21/2024 11:00:00,2445.0,1021,1502,0.0062
09/21/2024 13:00:00,2445.0,1021,1502,0.0081
09/21/2024 15:00:00,2445.0,1021,1502,8.0474
09/21/2024 17:00:00,2445.0,1021,1502,36.86
09/21/2024 19:00:00,2445.0,1021,1502,26.04
09/21/2024 21:00:00,2445.0,1021,1502,16.7392
09/21/2024 23:00:00,2445.0,1021,1502,16.6413
09/20/2024 01:00:00,2175.0,892,1652,11.5071
09/20/2024 03:00:00,2175.0,892,1652,0.0001
09/20/2024 05:00:00,2175.0,892,1652,0.0001
09/20/2024 07:00:00,2175.0,892,1652,13.2469
09/20/2024 09:00:00,2175.0,892,1652,15.48
09/20/2024 11:00:00,2175.0,892,1652,11.1176
09/20/2024 13:00:00,2175.0,892,1652,16.6927
09/20/2024 15:00:00,2175.0,892,1652,9.8559
09/20/2024 17:00:00,2175.0,892,1652,10.3513
09/20/2024 19:00:00,2175.0,892,1652,36.3034
09/20/2024 21:00:00,2175.0,892,1652,18.7091
09/20/2024 23:00:00,2175.0,892,1652,11.2378
09/19/2024 01:00:00,1823.0,1186,1797,15.3021
09/19/2024 07:00:00,1823.0,1186,1797,0.0001
09/19/2024 09:00:00,1823.0,1186,1797,-0.0001
09/19/2024 11:00:00,1823.0,1186,1797,0.0001
09/19/2024 13:00:00,1823.0,1186,1797,11.4552
09/19/2024 15:00:00,1823.0,1186,1797,16.8597
09/19/2024 17:00:00,1823.0,1186,1797,35.5677
09/19/2024 19:00:00,1823.0,1186,1797,23.3606
09/19/2024 21:00:00,1823.0,1186,1797,15.3638
09/19/2024 23:00:00,1823.0,1186,1797,11.4268
09/18/2024 01:00:00,2397.0,1303,1875,10.616
09/18/2024 03:00:00,2397.0,1303,1875,10.6109
09/18/2024 05:00:00,2397.0,1303,1875,9.1242
09/18/2024 07:00:00,2397.0,1303,1875,21.1162
09/18/2024 09:00:00,2397.0,1303,1875,18.7144
09/18/2024 11:00:00,2397.0,1303,1875,11.2447
09/18/2024 13:00:00,2397.0,1303,1875,15.4246
09/18/2024 15:00:00,2397.0,1303,1875,10.5322
09/18/2024 17:00:00,2397.0,1303,1875,12.1497
09/18/2024 19:00:00,2397.0,1303,1875,36.4736
09/18/2024 21:00:00,2397.0,1303,1875,18.2515
09/18/2024 23:00:00,2397.0,1303,1875,11.6469
09/17/2024 01:00:00,2361.0,1199,1773,14.2382
09/17/2024 03:00:00,2361.0,1199,1773,0.0002
09/17/2024 05:00:00,2361.0,1199,1773,-27.797
09/17/2024 07:00:00,2361.0,1199,1773,14.5817
09/17/2024 09:00:00,2361.0,1199,1773,10.0929
09/17/2024 11:00:00,2361.0,1199,1773,0.0001
09/17/2024 13:00:00,2361.0,1199,1773,8.1647
09/17/2024 15:00:00,2361.0,1199,1773,15.712
09/17/2024 17:00:00,2361.0,1199,1773,0.0001
09/17/2024 19:00:00,2361.0,1199,1773,10.482
09/17/2024 21:00:00,2361.0,1199,1773,17.0455
09/17/2024 23:00:00,2361.0,1199,1773,13.7511
09/16/2024 01:00:00,2221.0,1004,1900,8.5527
09/16/2024 03:00:00,2221.0,1004,1900,9.4835
09/16/2024 05:00:00,2221.0,1004,1900,0.9153
09/16/2024 07:00:00,2221.0,1004,1900,17.2036
09/16/2024 09:00:00,2221.0,1004,1900,15.5949
09/16/2024 11:00:00,2221.0,1004,1900,20.9794
09/16/2024 13:00:00,2221.0,1004,1900,37.8775
09/16/2024 15:00:00,2221.0,1004,1900,14.8868
09/16/2024 17:00:00,2221.0,1004,1900,14.4634
09/16/2024 19:00:00,2221.0,1004,1900,13.0157
09/16/2024 21:00:00,2221.0,1004,1900,21.9162
09/16/2024 23:00:00,2221.0,1004,1900,16.3102
09/15/2024 01:00:00,2312.0,1145,1888,9.0298
09/15/2024 03:00:00,2312.0,1145,1888,14.1336
09/15/2024 05:00:00,2312.0,1145,1888,18.5464
09/15/2024 07:00:00,2312.0,1145,1888,37.0143
09/15/2024 09:00:00,2312.0,1145,1888,24.2868
09/15/2024 11:00:00,2312.0,1145,1888,36.7207
09/15/2024 13:00:00,2312.0,1145,1888,13.4042
09/15/2024 15:00:00,2312.0,1145,1888,8.4309
09/15/2024 17:00:00,2312.0,1145,1888,19.9033
09/15/2024 19:00:00,2312.0,1145,1888,9.3697
09/15/2024 21:00:00,2312.0,1145,1888,16.1575
09/15/2024 23:00:00,2312.0,1145,1888,12.07
09/14/2024 01:00:00,2189.0,1315,1727,18.8755
09/14/2024 03:00:00,2189.0,1315,1727,22.7501
09/14/2024 05:00:00,2189.0,1315,1727,22.6191
09/14/2024 07:00:00,2189.0,1315,1727,25.6607
09/14/2024 09:00:00,2189.0,1315,1727,14.7423
09/14/2024 11:00:00,2189.0,1315,1727,13.4122
09/14/2024 13:00:00,2189.0,1315,1727,21.9386
09/14/2024 15:00:00,2189.0,1315,1727,36.8722
09/14/2024 17:00:00,2189.0,1315,1727,36.5899
09/14/2024 19:00:00,2189.0,1315,1727,35.3609
09/14/2024 21:00:00,2189.0,1315,1727,16.2413
09/14/2024 23:00:00,2189.0,1315,1727,10.4018
09/13/2024 01:00:00,2088.0,1311,1775,10.3135
09/13/2024 03:00:00,2088.0,1311,1775,10.7287
09/13/2024 05:00:00,2088.0,1311,1775,0.8642
09/13/2024 07:00:00,2088.0,1311,1775,16.8997
09/13/2024 09:00:00,2088.0,1311,1775,0.0126
09/13/2024 11:00:00,2088.0,1311,1775,0.0075
09/13/2024 13:00:00,2088.0,1311,1775,9.6909
09/13/2024 15:00:00,2088.0,1311,1775,22.1208
09/13/2024 17:00:00,2088.0,1311,1775,20.2492
09/13/2024 19:00:00,2088.0,1311,1775,36.8271
09/13/2024 21:00:00,2088.0,1311,1775,16.3866
09/13/2024 23:00:00,2088.0,1311,1775,18.4394
09/12/2024 01:00:00,2439.0,1355,1845,11.134
09/12/2024 03:00:00,2439.0,1355,1845,0.0173
09/12/2024 05:00:00,2439.0,1355,1845,0.0186
09/12/2024 07:00:00,2439.0,1355,1845,15.5201
09/12/2024 09:00:00,2439.0,1355,1845,0.0161
09/12/2024 11:00:00,2439.0,1355,1845,0.0108
09/12/2024 13:00:00,2439.0,1355,1845,0.0119
09/12/2024 15:00:00,2439.0,1355,1845,0.0094
09/12/2024 17:00:00,2439.0,1355,1845,36.2394
09/12/2024 19:00:00,2439.0,1355,1845,37.558
09/12/2024 21:00:00,2439.0,1355,1845,10.6636
09/12/2024 23:00:00,2439.0,1355,1845,10.6103
09/11/2024 01:00:00,2419.0,1198,1846,19.471
09/11/2024 03:00:00,2419.0,1198,1846,23.9121
09/11/2024 05:00:00,2419.0,1198,1846,21.2722
09/11/2024 07:00:00,2419.0,1198,1846,38.1986
09/11/2024 09:00:00,2419.0,1198,1846,23.7438
09/11/2024 11:00:00,2419.0,1198,1846,36.9885
09/11/2024 13:00:00,2419.0,1198,1846,31.3088
09/11/2024 15:00:00,2419.0,1198,1846,20.4186
09/11/2024 17:00:00,2419.0,1198,1846,37.1696
09/11/2024 19:00:00,2419.0,1198,1846,15.6526
09/11/2024 21:00:00,2419.0,1198,1846,38.5233
09/11/2024 23:00:00,2419.0,1198,1846,38.2566
09/10/2024 01:00:00,2437.0,1245,1813,18.7862
09/10/2024 03:00:00,2437.0,1245,1813,18.0435
09/10/2024 05:00:00,2437.0,1245,1813,19.2235
09/10/2024 07:00:00,2437.0,1245,1813,19.6012
09/10/2024 09:00:00,2437.0,1245,1813,0.0169
09/10/2024 11:00:00,2437.0,1245,1813,17.9083
09/10/2024 13:00:00,2437.0,1245,1813,22.9745
09/10/2024 15:00:00,2437.0,1245,1813,37.5892
09/10/2024 17:00:00,2437.0,1245,1813,38.1872
09/10/2024 19:00:00,2437.0,1245,1813,39.399
09/10/2024 21:00:00,2437.0,1245,1813,32.3795
09/10/2024 23:00:00,2437.0,1245,1813,27.4792
09/09/2024 01:00:00,2482.0,1458,1737,18.6462
09/09/2024 03:00:00,2482.0,1458,1737,18.0073
09/09/2024 05:00:00,2482.0,1458,1737,18.9918
09/09/2024 07:00:00,2482.0,1458,1737,19.4723
09/09/2024 09:00:00,2482.0,1458,1737,16.2326
09/09/2024 11:00:00,2482.0,1458,1737,17.2232
09/09/2024 13:00:00,2482.0,1458,1737,19.8002
09/09/2024 15:00:00,2482.0,1458,1737,37.4764
09/09/2024 17:00:00,2482.0,1458,1737,33.3403
09/09/2024 19:00:00,2482.0,1458,1737,39.534
09/09/2024 21:00:00,2482.0,1458,1737,27.0804
09/09/2024 23:00:00,2482.0,1458,1737,17.6946
09/08/2024 01:00:00,2569.0,1281,1621,11.5842
09/08/2024 03:00:00,2569.0,1281,1621,10.8424
09/08/2024 05:00:00,2569.0,1281,1621,12.3088
09/08/2024 07:00:00,2569.0,1281,1621,14.9005
09/08/2024 09:00:00,2569.0,1281,1621,11.6967
09/08/2024 11:00:00,2569.0,1281,1621,12.4738
09/08/2024 13:00:00,2569.0,1281,1621,14.3155
09/08/2024 15:00:00,2569.0,1281,1621,36.9829
09/08/2024 17:00:00,2569.0,1281,1621,38.6541
09/08/2024 19:00:00,2569.0,1281,1621,38.8216
09/08/2024 21:00:00,2569.0,1281,1621,19.2202
09/08/2024 23:00:00,2569.0,1281,1621,15.623
09/07/2024 01:00:00,2452.0,1331,1447,10.5712
09/07/2024 03:00:00,2452.0,1331,1447,11.7459
09/07/2024 05:00:00,2452.0,1331,1447,12.3329
09/07/2024 07:00:00,2452.0,1331,1447,15.2644
09/07/2024 09:00:00,2452.0,1331,1447,15.3137
09/07/2024 11:00:00,2452.0,1331,1447,14.4975
09/07/2024 13:00:00,2452.0,1331,1447,15.4771
09/07/2024 15:00:00,2452.0,1331,1447,37.2637
09/07/2024 17:00:00,2452.0,1331,1447,72.1959
09/07/2024 19:00:00,2452.0,1331,1447,33.73
09/07/2024 21:00:00,2452.0,1331,1447,12.0686
09/07/2024 23:00:00,2452.0,1331,1447,12.8784
09/06/2024 01:00:00,2127.0,1258,1460,16.6599
09/06/2024 03:00:00,2127.0,1258,1460,17.506
09/06/2024 05:00:00,2127.0,1258,1460,15.5738
09/06/2024 07:00:00,2127.0,1258,1460,17.0211
09/06/2024 09:00:00,2127.0,1258,1460,12.9785
09/06/2024 11:00:00,2127.0,1258,1460,14.0663
09/06/2024 13:00:00,2127.0,1258,1460,19.1044
09/06/2024 15:00:00,2127.0,1258,1460,23.1043
09/06/2024 17:00:00,2127.0,1258,1460,32.5915
09/06/2024 19:00:00,2127.0,1258,1460,40.1909
09/06/2024 21:00:00,2127.0,1258,1460,24.6037
09/06/2024 23:00:00,2127.0,1258,1460,12.4326
09/05/2024 01:00:00,2198.0,1428,1527,17.2117
09/05/2024 03:00:00,2198.0,1428,1527,11.1716
09/05/2024 05:00:00,2198.0,1428,1527,30.4511
09/05/2024 07:00:00,2198.0,1428,1527,16.0405
09/05/2024 09:00:00,2198.0,1428,1527,18.517
09/05/2024 11:00:00,2198.0,1428,1527,20.4416
09/05/2024 13:00:00,2198.0,1428,1527,16.349
09/05/2024 15:00:00,2198.0,1428,1527,20.3359
09/05/2024 17:00:00,2198.0,1428,1527,18.3672
09/05/2024 19:00:00,2198.0,1428,1527,33.6765
09/05/2024 21:00:00,2198.0,1428,1527,32.9646
09/05/2024 23:00:00,2198.0,1428,1527,22.8236
09/04/2024 01:00:00,2559.0,1434,1690,14.8347
09/04/2024 03:00:00,2559.0,1434,1690,14.4835
09/04/2024 05:00:00,2559.0,1434,1690,14.5762
09/04/2024 07:00:00,2559.0,1434,1690,16.0593
09/04/2024 09:00:00,2559.0,1434,1690,13.2742
09/04/2024 11:00:00,2559.0,1434,1690,10.1069
09/04/2024 13:00:00,2559.0,1434,1690,15.0007
09/04/2024 15:00:00,2559.0,1434,1690,21.1113
09/04/2024 17:00:00,2559.0,1434,1690,38.1406
09/04/2024 19:00:00,2559.0,1434,1690,14.5985
09/04/2024 21:00:00,2559.0,1434,1690,18.93
09/04/2024 23:00:00,2559.0,1434,1690,15.6703
09/03/2024 01:00:00,2495.0,1435,1634,9.9837
09/03/2024 03:00:00,2495.0,1435,1634,9.4448
09/03/2024 05:00:00,2495.0,1435,1634,8.5759
09/03/2024 07:00:00,2495.0,1435,1634,14.412
09/03/2024 09:00:00,2495.0,1435,1634,10.8112
09/03/2024 11:00:00,2495.0,1435,1634,13.6381
09/03/2024 13:00:00,2495.0,1435,1634,36.7246
09/03/2024 15:00:00,2495.0,1435,1634,22.8259
09/03/2024 17:00:00,2495.0,1435,1634,37.2301
09/03/2024 19:00:00,2495.0,1435,1634,31.7186
09/03/2024 21:00:00,2495.0,1435,1634,17.6368
09/03/2024 23:00:00,2495.0,1435,1634,12.5867
09/02/2024 07:00:00,2077.0,1057,1432,9.0485
09/02/2024 09:00:00,2077.0,1057,1432,-0.0023
09/02/2024 11:00:00,2077.0,1057,1432,-0.0022
09/02/2024 13:00:00,2077.0,1057,1432,0.0094
09/02/2024 15:00:00,2077.0,1057,1432,12.359
09/02/2024 17:00:00,2077.0,1057,1432,18.1614
09/02/2024 19:00:00,2077.0,1057,1432,18.7717
09/02/2024 21:00:00,2077.0,1057,1432,18.4843
09/02/2024 23:00:00,2077.0,1057,1432,13.6934
09/01/2024 01:00:00,1043.0,819,1130,15.4809
09/01/2024 03:00:00,1043.0,819,1130,12.4779
09/01/2024 05:00:00,1043.0,819,1130,15.217
09/01/2024 07:00:00,1043.0,819,1130,19.0542
09/01/2024 09:00:00,1043.0,819,1130,14.9081
09/01/2024 11:00:00,1043.0,819,1130,12.102
09/01/2024 13:00:00,1043.0,819,1130,13.7024
09/01/2024 15:00:00,1043.0,819,1130,36.4981
09/01/2024 17:00:00,1043.0,819,1130,22.9665
09/01/2024 19:00:00,1043.0,819,1130,21.4719
09/01/2024 21:00:00,1043.0,819,1130,15.452
09/01/2024 23:00:00,1043.0,819,1130,10.0433
08/31/2024 01:00:00,1235.0,946,1201,9.6324
08/31/2024 03:00:00,1235.0,946,1201,-0.0022
08/31/2024 05:00:00,1235.0,946,1201,-0.0012
08/31/2024 07:00:00,1235.0,946,1201,11.8189
08/31/2024 09:00:00,1235.0,946,1201,13.2068
08/31/2024 11:00:00,1235.0,946,1201,13.2657
08/31/2024 13:00:00,1235.0,946,1201,18.4454
08/31/2024 15:00:00,1235.0,946,1201,36.7129
08/31/2024 17:00:00,1235.0,946,1201,38.3039
08/31/2024 19:00:00,1235.0,946,1201,22.327
08/31/2024 21:00:00,1235.0,946,1201,19.8691
08/31/2024 23:00:00,1235.0,946,1201,15.9494
08/30/2024 01:00:00,2053.0,1059,1399,19.2249
08/30/2024 03:00:00,2053.0,1059,1399,17.0859
08/30/2024 05:00:00,2053.0,1059,1399,17.7713
08/30/2024 07:00:00,2053.0,1059,1399,20.901
08/30/2024 09:00:00,2053.0,1059,1399,16.8008
08/30/2024 11:00:00,2053.0,1059,1399,14.576
08/30/2024 13:00:00,2053.0,1059,1399,15.212
08/30/2024 15:00:00,2053.0,1059,1399,17.6896
08/30/2024 17:00:00,2053.0,1059,1399,31.7405
08/30/2024 19:00:00,2053.0,1059,1399,38.5131
08/30/2024 21:00:00,2053.0,1059,1399,10.8264
08/30/2024 23:00:00,2053.0,1059,1399,9.0575
08/29/2024 01:00:00,2227.0,1265,1770,9.0309
08/29/2024 03:00:00,2227.0,1265,1770,-0.0001
08/29/2024 07:00:00,2227.0,1265,1770,14.8326
08/29/2024 09:00:00,2227.0,1265,1770,19.8093
08/29/2024 11:00:00,2227.0,1265,1770,17.0463
08/29/2024 13:00:00,2227.0,1265,1770,16.6542
08/29/2024 15:00:00,2227.0,1265,1770,36.6394
08/29/2024 17:00:00,2227.0,1265,1770,21.1363
08/29/2024 21:00:00,2227.0,1265,1770,38.4965
08/29/2024 23:00:00,2227.0,1265,1770,17.721
08/28/2024 01:00:00,2343.0,1279,1905,9.9321
08/28/2024 03:00:00,2343.0,1279,1905,10.6651
08/28/2024 05:00:00,2343.0,1279,1905,14.7128
08/28/2024 07:00:00,2343.0,1279,1905,18.4871
08/28/2024 09:00:00,2343.0,1279,1905,14.6644
08/28/2024 11:00:00,2343.0,1279,1905,15.6435
08/28/2024 13:00:00,2343.0,1279,1905,21.8615
08/28/2024 15:00:00,2343.0,1279,1905,18.6709
08/28/2024 17:00:00,2343.0,1279,1905,36.642
08/28/2024 19:00:00,2343.0,1279,1905,35.945
08/28/2024 21:00:00,2343.0,1279,1905,13.8939
08/28/2024 23:00:00,2343.0,1279,1905,15.1924
08/27/2024 01:00:00,1517.0,1169,1734,8.4089
08/27/2024 05:00:00,1517.0,1169,1734,7.9103
08/27/2024 07:00:00,1517.0,1169,1734,8.2946
08/27/2024 09:00:00,1517.0,1169,1734,8.0727
08/27/2024 11:00:00,1517.0,1169,1734,9.6768
08/27/2024 13:00:00,1517.0,1169,1734,16.4748
08/27/2024 15:00:00,1517.0,1169,1734,30.0225
08/27/2024 17:00:00,1517.0,1169,1734,138.8769
08/27/2024 19:00:00,1517.0,1169,1734,27.2375
08/27/2024 21:00:00,1517.0,1169,1734,-327.2875
08/27/2024 23:00:00,1517.0,1169,1734,0.0187
08/26/2024 01:00:00,1658.0,987,1594,7.4742
08/26/2024 03:00:00,1658.0,987,1594,15.1563
08/26/2024 05:00:00,1658.0,987,1594,15.7694
08/26/2024 07:00:00,1658.0,987,1594,17.2727
08/26/2024 09:00:00,1658.0,987,1594,17.1367
08/26/2024 11:00:00,1658.0,987,1594,17.6011
08/26/2024 13:00:00,1658.0,987,1594,15.6072
08/26/2024 15:00:00,1658.0,987,1594,17.784
08/26/2024 17:00:00,1658.0,987,1594,18.4579
08/26/2024 19:00:00,1658.0,987,1594,16.2814
08/26/2024 21:00:00,1658.0,987,1594,37.9243
08/26/2024 23:00:00,1658.0,987,1594,10.5143
08/25/2024 01:00:00,2008.0,1456,1974,15.3737
08/25/2024 03:00:00,2008.0,1456,1974,13.7785
08/25/2024 05:00:00,2008.0,1456,1974,8.4873
08/25/2024 07:00:00,2008.0,1456,1974,7.4898
08/25/2024 09:00:00,2008.0,1456,1974,0.0001
08/25/2024 11:00:00,2008.0,1456,1974,7.5444
08/25/2024 13:00:00,2008.0,1456,1974,16.4257
08/25/2024 15:00:00,2008.0,1456,1974,16.6916
08/25/2024 17:00:00,2008.0,1456,1974,14.9216
08/25/2024 19:00:00,2008.0,1456,1974,21.9586
08/25/2024 21:00:00,2008.0,1456,1974,22.9858
08/25/2024 23:00:00,2008.0,1456,1974,7.9517
08/24/2024 01:00:00,2168.0,1429,1980,15.2933
08/24/2024 03:00:00,2168.0,1429,1980,15.6976
08/24/2024 05:00:00,2168.0,1429,1980,16.9995
08/24/2024 07:00:00,2168.0,1429,1980,15.6219
08/24/2024 09:00:00,2168.0,1429,1980,-0.0009
08/24/2024 11:00:00,2168.0,1429,1980,0.0002
08/24/2024 13:00:00,2168.0,1429,1980,20.138
08/24/2024 15:00:00,2168.0,1429,1980,29.5652
08/24/2024 17:00:00,2168.0,1429,1980,13.3983
08/24/2024 19:00:00,2168.0,1429,1980,36.9852
08/24/2024 21:00:00,2168.0,1429,1980,17.6343
08/24/2024 23:00:00,2168.0,1429,1980,18.5112
08/23/2024 01:00:00,2330.0,1282,2012,15.919
08/23/2024 03:00:00,2330.0,1282,2012,16.5515
08/23/2024 05:00:00,2330.0,1282,2012,13.1716
08/23/2024 07:00:00,2330.0,1282,2012,17.4587
08/23/2024 09:00:00,2330.0,1282,2012,10.6049
08/23/2024 11:00:00,2330.0,1282,2012,19.6762
08/23/2024 13:00:00,2330.0,1282,2012,18.4058
08/23/2024 15:00:00,2330.0,1282,2012,36.6943
08/23/2024 17:00:00,2330.0,1282,2012,17.2222
08/23/2024 19:00:00,2330.0,1282,2012,14.6821
08/23/2024 21:00:00,2330.0,1282,2012,22.6939
08/23/2024 23:00:00,2330.0,1282,2012,15.5253
08/22/2024 01:00:00,2151.0,1425,2108,15.2452
08/22/2024 03:00:00,2151.0,1425,2108,11.7377
08/22/2024 05:00:00,2151.0,1425,2108,20.0309
08/22/2024 07:00:00,2151.0,1425,2108,21.1553
08/22/2024 09:00:00,2151.0,1425,2108,10.5247
08/22/2024 11:00:00,2151.0,1425,2108,18.2013
08/22/2024 13:00:00,2151.0,1425,2108,19.1674
08/22/2024 15:00:00,2151.0,1425,2108,37.1576
08/22/2024 17:00:00,2151.0,1425,2108,38.4065
08/22/2024 19:00:00,2151.0,1425,2108,37.1664
08/22/2024 21:00:00,2151.0,1425,2108,21.9858
08/22/2024 23:00:00,2151.0,1425,2108,16.8409
08/21/2024 01:00:00,2379.0,1396,2160,12.8265
08/21/2024 03:00:00,2379.0,1396,2160,12.4691
08/21/2024 07:00:00,2379.0,1396,2160,17.1711
08/21/2024 09:00:00,2379.0,1396,2160,18.5303
08/21/2024 11:00:00,2379.0,1396,2160,36.9726
08/21/2024 13:00:00,2379.0,1396,2160,35.0112
08/21/2024 15:00:00,2379.0,1396,2160,23.2427
08/21/2024 17:00:00,2379.0,1396,2160,30.2255
08/21/2024 19:00:00,2379.0,1396,2160,18.0692
08/21/2024 21:00:00,2379.0,1396,2160,15.7967
08/21/2024 23:00:00,2379.0,1396,2160,18.969
08/20/2024 01:00:00,2505.0,1356,2103,11.8488
08/20/2024 03:00:00,2505.0,1356,2103,-40.9724
08/20/2024 05:00:00,2505.0,1356,2103,0.0001
08/20/2024 07:00:00,2505.0,1356,2103,12.2474
08/20/2024 09:00:00,2505.0,1356,2103,11.8805
08/20/2024 11:00:00,2505.0,1356,2103,17.6812
08/20/2024 13:00:00,2505.0,1356,2103,22.4713
08/20/2024 15:00:00,2505.0,1356,2103,25.9153
08/20/2024 17:00:00,2505.0,1356,2103,41.7541
08/20/2024 19:00:00,2505.0,1356,2103,21.3792
08/20/2024 21:00:00,2505.0,1356,2103,129.7372
08/20/2024 23:00:00,2505.0,1356,2103,17.5133
08/19/2024 01:00:00,2542.0,1336,2092,18.2246
08/19/2024 03:00:00,2542.0,1336,2092,16.9216
08/19/2024 05:00:00,2542.0,1336,2092,16.9181
08/19/2024 07:00:00,2542.0,1336,2092,30.6581
08/19/2024 09:00:00,2542.0,1336,2092,17.1196
08/19/2024 11:00:00,2542.0,1336,2092,18.3319
08/19/2024 13:00:00,2542.0,1336,2092,19.3207
08/19/2024 15:00:00,2542.0,1336,2092,40.0536
08/19/2024 17:00:00,2542.0,1336,2092,37.0851
08/19/2024 19:00:00,2542.0,1336,2092,26.0519
08/19/2024 21:00:00,2542.0,1336,2092,15.1967
08/19/2024 23:00:00,2542.0,1336,2092,17.0528
08/18/2024 01:00:00,2425.0,1401,2116,14.8996
08/18/2024 03:00:00,2425.0,1401,2116,15.4894
08/18/2024 05:00:00,2425.0,1401,2116,14.1109
08/18/2024 07:00:00,2425.0,1401,2116,17.7658
08/18/2024 09:00:00,2425.0,1401,2116,12.2482
08/18/2024 11:00:00,2425.0,1401,2116,13.9302
08/18/2024 13:00:00,2425.0,1401,2116,18.6741
08/18/2024 15:00:00,2425.0,1401,2116,18.4028
08/18/2024 17:00:00,2425.0,1401,2116,37.4918
08/18/2024 19:00:00,2425.0,1401,2116,21.6699
08/18/2024 21:00:00,2425.0,1401,2116,22.6211
08/18/2024 23:00:00,2425.0,1401,2116,18.7099
08/17/2024 01:00:00,2252.0,1367,2009,12.6155
08/17/2024 03:00:00,2252.0,1367,2009,10.5247
08/17/2024 05:00:00,2252.0,1367,2009,12.0926
08/17/2024 07:00:00,2252.0,1367,2009,18.1911
08/17/2024 09:00:00,2252.0,1367,2009,14.1109
08/17/2024 11:00:00,2252.0,1367,2009,19.8153
08/17/2024 13:00:00,2252.0,1367,2009,36.8338
08/17/2024 15:00:00,2252.0,1367,2009,37.0891
08/17/2024 17:00:00,2252.0,1367,2009,35.3626
08/17/2024 19:00:00,2252.0,1367,2009,22.0958
08/17/2024 21:00:00,2252.0,1367,2009,15.3151
08/17/2024 23:00:00,2252.0,1367,2009,89.3899
08/16/2024 01:00:00,2359.0,1214,2009,15.4463
08/16/2024 03:00:00,2359.0,1214,2009,0.0001
08/16/2024 05:00:00,2359.0,1214,2009,15.1993
08/16/2024 07:00:00,2359.0,1214,2009,15.0221
08/16/2024 09:00:00,2359.0,1214,2009,14.4915
08/16/2024 11:00:00,2359.0,1214,2009,16.0284
08/16/2024 13:00:00,2359.0,1214,2009,18.9589
08/16/2024 15:00:00,2359.0,1214,2009,45.3579
08/16/2024 17:00:00,2359.0,1214,2009,45.1772
08/16/2024 19:00:00,2359.0,1214,2009,46.2807
08/16/2024 21:00:00,2359.0,1214,2009,17.874
08/16/2024 23:00:00,2359.0,1214,2009,15.302
08/15/2024 01:00:00,2390.0,1322,2163,0.0115
08/15/2024 03:00:00,2390.0,1322,2163,11.4511
08/15/2024 05:00:00,2390.0,1322,2163,10.3829
08/15/2024 07:00:00,2390.0,1322,2163,16.5275
08/15/2024 09:00:00,2390.0,1322,2163,11.7409
08/15/2024 11:00:00,2390.0,1322,2163,17.5584
08/15/2024 13:00:00,2390.0,1322,2163,37.0318
08/15/2024 15:00:00,2390.0,1322,2163,32.7646
08/15/2024 17:00:00,2390.0,1322,2163,59.2278
08/15/2024 19:00:00,2390.0,1322,2163,22.634
08/15/2024 21:00:00,2390.0,1322,2163,34.0215
08/15/2024 23:00:00,2390.0,1322,2163,17.9333
08/14/2024 01:00:00,2484.0,1444,2241,17.4279
08/14/2024 03:00:00,2484.0,1444,2241,17.1926
08/14/2024 05:00:00,2484.0,1444,2241,15.0256
08/14/2024 07:00:00,2484.0,1444,2241,18.509
08/14/2024 09:00:00,2484.0,1444,2241,12.3882
08/14/2024 11:00:00,2484.0,1444,2241,11.0699
08/14/2024 13:00:00,2484.0,1444,2241,10.9833
08/14/2024 15:00:00,2484.0,1444,2241,26.3203
08/14/2024 17:00:00,2484.0,1444,2241,22.0216
08/14/2024 19:00:00,2484.0,1444,2241,20.9443
08/14/2024 21:00:00,2484.0,1444,2241,14.0119
08/14/2024 23:00:00,2484.0,1444,2241,15.6132
08/13/2024 01:00:00,2023.0,1309,2053,16.5213
08/13/2024 03:00:00,2023.0,1309,2053,26.8875
08/13/2024 05:00:00,2023.0,1309,2053,25.9389
08/13/2024 07:00:00,2023.0,1309,2053,37.2522
08/13/2024 09:00:00,2023.0,1309,2053,22.7894
08/13/2024 11:00:00,2023.0,1309,2053,25.569
08/13/2024 13:00:00,2023.0,1309,2053,25.3872
08/13/2024 15:00:00,2023.0,1309,2053,22.0907
08/13/2024 17:00:00,2023.0,1309,2053,28.1335
08/13/2024 19:00:00,2023.0,1309,2053,16.2358
08/13/2024 21:00:00,2023.0,1309,2053,16.9491
08/13/2024 23:00:00,2023.0,1309,2053,146.6867
08/12/2024 01:00:00,1949.0,1280,2061,24.9989
08/12/2024 03:00:00,1949.0,1280,2061,17.7302
08/12/2024 05:00:00,1949.0,1280,2061,17.1254
08/12/2024 07:00:00,1949.0,1280,2061,37.119
08/12/2024 09:00:00,1949.0,1280,2061,18.3973
08/12/2024 11:00:00,1949.0,1280,2061,18.2141
08/12/2024 13:00:00,1949.0,1280,2061,18.5529
08/12/2024 15:00:00,1949.0,1280,2061,36.8238
08/12/2024 17:00:00,1949.0,1280,2061,26.3268
08/12/2024 19:00:00,1949.0,1280,2061,16.4883
08/12/2024 21:00:00,1949.0,1280,2061,17.0613
08/12/2024 23:00:00,1949.0,1280,2061,19.3365
08/11/2024 01:00:00,2361.0,1377,2194,11.8225
08/11/2024 03:00:00,2361.0,1377,2194,14.1938
08/11/2024 05:00:00,2361.0,1377,2194,11.5679
08/11/2024 07:00:00,2361.0,1377,2194,15.7653
08/11/2024 09:00:00,2361.0,1377,2194,10.5614
08/11/2024 11:00:00,2361.0,1377,2194,0.0066
08/11/2024 13:00:00,2361.0,1377,2194,13.8381
08/11/2024 15:00:00,2361.0,1377,2194,11.9275
08/11/2024 17:00:00,2361.0,1377,2194,18.0433
08/11/2024 19:00:00,2361.0,1377,2194,15.6674
08/11/2024 21:00:00,2361.0,1377,2194,18.6217
08/11/2024 23:00:00,2361.0,1377,2194,17.0719
08/10/2024 01:00:00,2696.0,1345,2055,15.8588
08/10/2024 03:00:00,2696.0,1345,2055,14.4068
08/10/2024 05:00:00,2696.0,1345,2055,19.2662
08/10/2024 07:00:00,2696.0,1345,2055,20.963
08/10/2024 09:00:00,2696.0,1345,2055,18.3855
08/10/2024 11:00:00,2696.0,1345,2055,17.6869
08/10/2024 13:00:00,2696.0,1345,2055,12.1412
08/10/2024 15:00:00,2696.0,1345,2055,36.5165
08/10/2024 17:00:00,2696.0,1345,2055,37.1114
08/10/2024 19:00:00,2696.0,1345,2055,46.7775
08/10/2024 21:00:00,2696.0,1345,2055,17.8278
08/10/2024 23:00:00,2696.0,1345,2055,16.6545
08/09/2024 01:00:00,2491.0,1279,1990,12.1586
08/09/2024 03:00:00,2491.0,1279,1990,12.3029
08/09/2024 05:00:00,2491.0,1279,1990,12.2176
08/09/2024 07:00:00,2491.0,1279,1990,14.6116
08/09/2024 09:00:00,2491.0,1279,1990,12.1659
08/09/2024 11:00:00,2491.0,1279,1990,11.7182
08/09/2024 13:00:00,2491.0,1279,1990,11.5639
08/09/2024 15:00:00,2491.0,1279,1990,15.2206
08/09/2024 17:00:00,2491.0,1279,1990,20.9927
08/09/2024 19:00:00,2491.0,1279,1990,15.2015
08/09/2024 21:00:00,2491.0,1279,1990,27.3721
08/09/2024 23:00:00,2491.0,1279,1990,16.0623
08/08/2024 01:00:00,2332.0,1354,2004,17.7931
08/08/2024 03:00:00,2332.0,1354,2004,15.4393
08/08/2024 05:00:00,2332.0,1354,2004,12.2361
08/08/2024 07:00:00,2332.0,1354,2004,17.1091
08/08/2024 09:00:00,2332.0,1354,2004,16.5656
08/08/2024 11:00:00,2332.0,1354,2004,22.3552
08/08/2024 13:00:00,2332.0,1354,2004,18.6912
08/08/2024 15:00:00,2332.0,1354,2004,19.0704
08/08/2024 17:00:00,2332.0,1354,2004,20.4685
08/08/2024 19:00:00,2332.0,1354,2004,21.4755
08/08/2024 21:00:00,2332.0,1354,2004,16.8628
08/08/2024 23:00:00,2332.0,1354,2004,31.243
08/07/2024 01:00:00,2443.0,1481,2226,11.6327
08/07/2024 03:00:00,2443.0,1481,2226,17.0846
08/07/2024 05:00:00,2443.0,1481,2226,14.6742
08/07/2024 07:00:00,2443.0,1481,2226,32.847
08/07/2024 09:00:00,2443.0,1481,2226,15.3748
08/07/2024 11:00:00,2443.0,1481,2226,21.0073
08/07/2024 13:00:00,2443.0,1481,2226,29.8523
08/07/2024 15:00:00,2443.0,1481,2226,39.0059
08/07/2024 17:00:00,2443.0,1481,2226,17.7697
08/07/2024 19:00:00,2443.0,1481,2226,10.223
08/07/2024 21:00:00,2443.0,1481,2226,18.2635
08/07/2024 23:00:00,2443.0,1481,2226,57.6117
08/06/2024 01:00:00,2305.0,1307,2076,16.2414
08/06/2024 03:00:00,2305.0,1307,2076,23.7409
08/06/2024 05:00:00,2305.0,1307,2076,15.2958
08/06/2024 07:00:00,2305.0,1307,2076,21.5368
08/06/2024 09:00:00,2305.0,1307,2076,26.6044
08/06/2024 11:00:00,2305.0,1307,2076,38.6044
08/06/2024 13:00:00,2305.0,1307,2076,34.0832
08/06/2024 15:00:00,2305.0,1307,2076,30.341
08/06/2024 17:00:00,2305.0,1307,2076,40.2742
08/06/2024 19:00:00,2305.0,1307,2076,11.1282
08/06/2024 21:00:00,2305.0,1307,2076,115.8945
08/06/2024 23:00:00,2305.0,1307,2076,11.3479
08/05/2024 01:00:00,2427.0,1314,1943,15.5421
08/05/2024 03:00:00,2427.0,1314,1943,15.2831
08/05/2024 05:00:00,2427.0,1314,1943,15.0209
08/05/2024 07:00:00,2427.0,1314,1943,15.6669
08/05/2024 11:00:00,2427.0,1314,1943,16.6135
08/05/2024 13:00:00,2427.0,1314,1943,37.3181
08/05/2024 15:00:00,2427.0,1314,1943,35.0662
08/05/2024 17:00:00,2427.0,1314,1943,25.4907
08/05/2024 19:00:00,2427.0,1314,1943,27.4151
08/05/2024 21:00:00,2427.0,1314,1943,16.7556
08/05/2024 23:00:00,2427.0,1314,1943,13.0775
08/04/2024 01:00:00,2276.0,1363,2047,15.3296
08/04/2024 03:00:00,2276.0,1363,2047,14.5032
08/04/2024 05:00:00,2276.0,1363,2047,14.7513
08/04/2024 07:00:00,2276.0,1363,2047,15.4419
08/04/2024 09:00:00,2276.0,1363,2047,12.2971
08/04/2024 11:00:00,2276.0,1363,2047,11.7379
08/04/2024 13:00:00,2276.0,1363,2047,23.5999
08/04/2024 15:00:00,2276.0,1363,2047,39.9563
08/04/2024 17:00:00,2276.0,1363,2047,72.4626
08/04/2024 19:00:00,2276.0,1363,2047,22.2708
08/04/2024 21:00:00,2276.0,1363,2047,37.8129
08/04/2024 23:00:00,2276.0,1363,2047,19.7811
08/03/2024 01:00:00,1837.0,1418,2002,14.6469
08/03/2024 03:00:00,1837.0,1418,2002,18.781
08/03/2024 05:00:00,1837.0,1418,2002,17.2849
08/03/2024 07:00:00,1837.0,1418,2002,16.4556
08/03/2024 09:00:00,1837.0,1418,2002,13.3095
08/03/2024 11:00:00,1837.0,1418,2002,18.3535
08/03/2024 13:00:00,1837.0,1418,2002,37.3049
08/03/2024 15:00:00,1837.0,1418,2002,31.949
08/03/2024 17:00:00,1837.0,1418,2002,25.7605
08/03/2024 19:00:00,1837.0,1418,2002,35.545
08/03/2024 21:00:00,1837.0,1418,2002,17.519
08/03/2024 23:00:00,1837.0,1418,2002,15.7209
08/02/2024 01:00:00,2000.0,1232,1919,12.9721
08/02/2024 03:00:00,2000.0,1232,1919,12.8906
08/02/2024 05:00:00,2000.0,1232,1919,14.3544
08/02/2024 07:00:00,2000.0,1232,1919,15.0325
08/02/2024 09:00:00,2000.0,1232,1919,19.9051
08/02/2024 11:00:00,2000.0,1232,1919,16.2069
08/02/2024 13:00:00,2000.0,1232,1919,19.4805
08/02/2024 15:00:00,2000.0,1232,1919,34.074
08/02/2024 17:00:00,2000.0,1232,1919,34.6177
08/02/2024 19:00:00,2000.0,1232,1919,11.9759
08/02/2024 21:00:00,2000.0,1232,1919,15.2391
08/02/2024 23:00:00,2000.0,1232,1919,23.1592
08/01/2024 01:00:00,2417.0,1406,2119,18.033
08/01/2024 03:00:00,2417.0,1406,2119,16.8928
08/01/2024 05:00:00,2417.0,1406,2119,18.4297
08/01/2024 07:00:00,2417.0,1406,2119,23.7902
08/01/2024 09:00:00,2417.0,1406,2119,17.6794
08/01/2024 11:00:00,2417.0,1406,2119,15.1442
08/01/2024 13:00:00,2417.0,1406,2119,38.1999
08/01/2024 15:00:00,2417.0,1406,2119,25.1539
08/01/2024 17:00:00,2417.0,1406,2119,38.471
08/01/2024 19:00:00,2417.0,1406,2119,9.9398
08/01/2024 21:00:00,2417.0,1406,2119,16.4676
08/01/2024 23:00:00,2417.0,1406,2119,11.7166
07/31/2024 01:00:00,2500.0,1398,2066,18.9894
07/31/2024 03:00:00,2500.0,1398,2066,11.8738
07/31/2024 05:00:00,2500.0,1398,2066,11.5579
07/31/2024 07:00:00,2500.0,1398,2066,12.2155
07/31/2024 09:00:00,2500.0,1398,2066,9.7581
07/31/2024 11:00:00,2500.0,1398,2066,0.0129
07/31/2024 13:00:00,2500.0,1398,2066,11.8766
07/31/2024 15:00:00,2500.0,1398,2066,36.7593
07/31/2024 17:00:00,2500.0,1398,2066,37.9725
07/31/2024 19:00:00,2500.0,1398,2066,25.8811
07/31/2024 21:00:00,2500.0,1398,2066,30.7308
07/31/2024 23:00:00,2500.0,1398,2066,15.1418
07/30/2024 01:00:00,2031.0,1314,1880,11.3809
07/30/2024 03:00:00,2031.0,1314,1880,11.729
07/30/2024 05:00:00,2031.0,1314,1880,10.8628
07/30/2024 07:00:00,2031.0,1314,1880,11.5925
07/30/2024 09:00:00,2031.0,1314,1880,0.013
07/30/2024 11:00:00,2031.0,1314,1880,10.9283
07/30/2024 13:00:00,2031.0,1314,1880,37.2784
07/30/2024 15:00:00,2031.0,1314,1880,28.1727
07/30/2024 17:00:00,2031.0,1314,1880,37.3337
07/30/2024 19:00:00,2031.0,1314,1880,15.7142
07/30/2024 21:00:00,2031.0,1314,1880,15.105
07/30/2024 23:00:00,2031.0,1314,1880,10.9842
07/29/2024 01:00:00,2347.0,1455,2166,15.8775
07/29/2024 03:00:00,2347.0,1455,2166,17.7047
07/29/2024 05:00:00,2347.0,1455,2166,15.789
07/29/2024 07:00:00,2347.0,1455,2166,17.4673
07/29/2024 09:00:00,2347.0,1455,2166,14.6725
07/29/2024 11:00:00,2347.0,1455,2166,14.9876
07/29/2024 13:00:00,2347.0,1455,2166,41.9151
07/29/2024 15:00:00,2347.0,1455,2166,37.6426
07/29/2024 17:00:00,2347.0,1455,2166,14.6902
07/29/2024 19:00:00,2347.0,1455,2166,13.4825
07/29/2024 21:00:00,2347.0,1455,2166,10.0717
07/29/2024 23:00:00,2347.0,1455,2166,12.2931
07/28/2024 01:00:00,2352.0,1528,2209,10.6765
07/28/2024 03:00:00,2352.0,1528,2209,12.5362
07/28/2024 05:00:00,2352.0,1528,2209,11.4943
07/28/2024 07:00:00,2352.0,1528,2209,21.3415
07/28/2024 09:00:00,2352.0,1528,2209,0.6007
07/28/2024 11:00:00,2352.0,1528,2209,0.0001
07/28/2024 13:00:00,2352.0,1528,2209,16.0438
07/28/2024 15:00:00,2352.0,1528,2209,18.4167
07/28/2024 17:00:00,2352.0,1528,2209,35.5934
07/28/2024 19:00:00,2352.0,1528,2209,34.5271
07/28/2024 23:00:00,2352.0,1528,2209,12.8811
07/27/2024 01:00:00,2196.0,1254,2072,16.5489
07/27/2024 03:00:00,2196.0,1254,2072,23.9094
07/27/2024 05:00:00,2196.0,1254,2072,18.3494
07/27/2024 07:00:00,2196.0,1254,2072,16.8507
07/27/2024 09:00:00,2196.0,1254,2072,16.0436
07/27/2024 11:00:00,2196.0,1254,2072,16.4694
07/27/2024 13:00:00,2196.0,1254,2072,37.9871
07/27/2024 15:00:00,2196.0,1254,2072,41.1491
07/27/2024 17:00:00,2196.0,1254,2072,41.5434
07/27/2024 19:00:00,2196.0,1254,2072,17.7585
07/27/2024 21:00:00,2196.0,1254,2072,15.753
07/27/2024 23:00:00,2196.0,1254,2072,12.996
07/26/2024 01:00:00,1954.0,1131,1983,15.8817
07/26/2024 03:00:00,1954.0,1131,1983,15.984
07/26/2024 05:00:00,1954.0,1131,1983,15.8425
07/26/2024 07:00:00,1954.0,1131,1983,17.095
07/26/2024 09:00:00,1954.0,1131,1983,16.3424
07/26/2024 11:00:00,1954.0,1131,1983,39.1497
07/26/2024 13:00:00,1954.0,1131,1983,16.3864
07/26/2024 15:00:00,1954.0,1131,1983,27.1507
07/26/2024 17:00:00,1954.0,1131,1983,50.1534
07/26/2024 19:00:00,1954.0,1131,1983,24.8771
07/26/2024 21:00:00,1954.0,1131,1983,41.3498
07/26/2024 23:00:00,1954.0,1131,1983,17.0243
07/25/2024 01:00:00,2456.0,1170,1996,13.5551
07/25/2024 03:00:00,2456.0,1170,1996,12.8317
07/25/2024 05:00:00,2456.0,1170,1996,13.3873
07/25/2024 07:00:00,2456.0,1170,1996,22.7546
07/25/2024 09:00:00,2456.0,1170,1996,18.4341
07/25/2024 11:00:00,2456.0,1170,1996,14.8143
07/25/2024 13:00:00,2456.0,1170,1996,22.9945
07/25/2024 15:00:00,2456.0,1170,1996,36.7219
07/25/2024 17:00:00,2456.0,1170,1996,18.3346
07/25/2024 21:00:00,2456.0,1170,1996,13.092
07/25/2024 23:00:00,2456.0,1170,1996,12.9882
07/24/2024 01:00:00,2394.0,1333,1970,14.5449
07/24/2024 03:00:00,2394.0,1333,1970,13.0015
07/24/2024 05:00:00,2394.0,1333,1970,14.9067
07/24/2024 07:00:00,2394.0,1333,1970,21.476
07/24/2024 09:00:00,2394.0,1333,1970,18.1111
07/24/2024 11:00:00,2394.0,1333,1970,17.8769
07/24/2024 13:00:00,2394.0,1333,1970,41.4934
07/24/2024 15:00:00,2394.0,1333,1970,41.5711
07/24/2024 17:00:00,2394.0,1333,1970,19.9064
07/24/2024 19:00:00,2394.0,1333,1970,18.4712
07/24/2024 21:00:00,2394.0,1333,1970,18.2537
07/24/2024 23:00:00,2394.0,1333,1970,13.2886
07/23/2024 01:00:00,2386.0,1367,1877,16.0061
07/23/2024 03:00:00,2386.0,1367,1877,16.5788
07/23/2024 05:00:00,2386.0,1367,1877,18.6888
07/23/2024 07:00:00,2386.0,1367,1877,32.6179
07/23/2024 09:00:00,2386.0,1367,1877,17.222
07/23/2024 11:00:00,2386.0,1367,1877,18.2128
07/23/2024 13:00:00,2386.0,1367,1877,36.9242
07/23/2024 15:00:00,2386.0,1367,1877,37.2062
07/23/2024 17:00:00,2386.0,1367,1877,44.3028
07/23/2024 19:00:00,2386.0,1367,1877,43.9994
07/23/2024 21:00:00,2386.0,1367,1877,20.1994
07/23/2024 23:00:00,2386.0,1367,1877,12.6618
07/22/2024 01:00:00,2524.0,1177,1752,17.7379
07/22/2024 03:00:00,2524.0,1177,1752,15.6296
07/22/2024 05:00:00,2524.0,1177,1752,17.8243
07/22/2024 07:00:00,2524.0,1177,1752,15.881
07/22/2024 09:00:00,2524.0,1177,1752,14.4571
07/22/2024 11:00:00,2524.0,1177,1752,14.0494
07/22/2024 13:00:00,2524.0,1177,1752,22.0976
07/22/2024 15:00:00,2524.0,1177,1752,21.9881
07/22/2024 17:00:00,2524.0,1177,1752,37.9245
07/22/2024 19:00:00,2524.0,1177,1752,15.3922
07/22/2024 21:00:00,2524.0,1177,1752,21.7603
07/22/2024 23:00:00,2524.0,1177,1752,18.4051
07/21/2024 01:00:00,1828.0,995,1571,17.638
07/21/2024 03:00:00,1828.0,995,1571,18.7181
07/21/2024 05:00:00,1828.0,995,1571,12.3225
07/21/2024 07:00:00,1828.0,995,1571,20.1328
07/21/2024 09:00:00,1828.0,995,1571,26.8488
07/21/2024 11:00:00,1828.0,995,1571,21.8427
07/21/2024 13:00:00,1828.0,995,1571,38.2535
07/21/2024 15:00:00,1828.0,995,1571,21.1218
07/21/2024 17:00:00,1828.0,995,1571,18.2513
07/21/2024 19:00:00,1828.0,995,1571,39.1286
07/21/2024 21:00:00,1828.0,995,1571,30.6972
07/21/2024 23:00:00,1828.0,995,1571,17.5722
07/20/2024 01:00:00,1730.0,1098,1626,10.2866
07/20/2024 03:00:00,1730.0,1098,1626,16.9449
07/20/2024 05:00:00,1730.0,1098,1626,10.4855
07/20/2024 07:00:00,1730.0,1098,1626,16.9843
07/20/2024 09:00:00,1730.0,1098,1626,11.724
07/20/2024 11:00:00,1730.0,1098,1626,11.1937
07/20/2024 13:00:00,1730.0,1098,1626,15.1572
07/20/2024 15:00:00,1730.0,1098,1626,38.6786
07/20/2024 17:00:00,1730.0,1098,1626,29.1092
07/20/2024 19:00:00,1730.0,1098,1626,23.2779
07/20/2024 21:00:00,1730.0,1098,1626,38.9932
07/20/2024 23:00:00,1730.0,1098,1626,22.1567
07/19/2024 01:00:00,2319.0,1049,1953,11.581
07/19/2024 03:00:00,2319.0,1049,1953,14.5814
07/19/2024 05:00:00,2319.0,1049,1953,15.839
07/19/2024 07:00:00,2319.0,1049,1953,20.7675
07/19/2024 09:00:00,2319.0,1049,1953,17.0598
07/19/2024 11:00:00,2319.0,1049,1953,21.914
07/19/2024 13:00:00,2319.0,1049,1953,27.082
07/19/2024 15:00:00,2319.0,1049,1953,37.4023
07/19/2024 17:00:00,2319.0,1049,1953,39.2125
07/19/2024 19:00:00,2319.0,1049,1953,16.22
07/19/2024 21:00:00,2319.0,1049,1953,23.6761
07/19/2024 23:00:00,2319.0,1049,1953,22.3301
07/18/2024 01:00:00,2318.0,1210,1968,12.8438
07/18/2024 03:00:00,2318.0,1210,1968,12.9958
07/18/2024 05:00:00,2318.0,1210,1968,12.2292
07/18/2024 07:00:00,2318.0,1210,1968,14.843
07/18/2024 09:00:00,2318.0,1210,1968,15.3563
07/18/2024 11:00:00,2318.0,1210,1968,15.6045
07/18/2024 13:00:00,2318.0,1210,1968,20.7408
07/18/2024 15:00:00,2318.0,1210,1968,37.0205
07/18/2024 17:00:00,2318.0,1210,1968,46.5563
07/18/2024 19:00:00,2318.0,1210,1968,18.778
07/18/2024 21:00:00,2318.0,1210,1968,16.8848
07/18/2024 23:00:00,2318.0,1210,1968,14.106
07/17/2024 01:00:00,2118.0,1141,1706,18.9291
07/17/2024 03:00:00,2118.0,1141,1706,19.3144
07/17/2024 05:00:00,2118.0,1141,1706,19.7615
07/17/2024 07:00:00,2118.0,1141,1706,18.5333
07/17/2024 09:00:00,2118.0,1141,1706,16.7409
07/17/2024 11:00:00,2118.0,1141,1706,17.3603
07/17/2024 13:00:00,2118.0,1141,1706,19.8044
07/17/2024 15:00:00,2118.0,1141,1706,23.1832
07/17/2024 17:00:00,2118.0,1141,1706,36.2549
07/17/2024 19:00:00,2118.0,1141,1706,12.2408
07/17/2024 21:00:00,2118.0,1141,1706,17.6068
07/17/2024 23:00:00,2118.0,1141,1706,12.5177
07/16/2024 01:00:00,2603.0,1177,2113,22.5865
07/16/2024 03:00:00,2603.0,1177,2113,18.0305
07/16/2024 05:00:00,2603.0,1177,2113,17.9717
07/16/2024 07:00:00,2603.0,1177,2113,20.1036
07/16/2024 09:00:00,2603.0,1177,2113,17.6304
07/16/2024 11:00:00,2603.0,1177,2113,18.1753
07/16/2024 13:00:00,2603.0,1177,2113,37.1029
07/16/2024 15:00:00,2603.0,1177,2113,26.2127
07/16/2024 17:00:00,2603.0,1177,2113,24.215
07/16/2024 19:00:00,2603.0,1177,2113,16.656
07/16/2024 21:00:00,2603.0,1177,2113,38.8598
07/16/2024 23:00:00,2603.0,1177,2113,16.7218
07/15/2024 01:00:00,2612.0,1138,2173,10.7276
07/15/2024 03:00:00,2612.0,1138,2173,11.5468
07/15/2024 05:00:00,2612.0,1138,2173,-38.7489
07/15/2024 09:00:00,2612.0,1138,2173,11.3783
07/15/2024 11:00:00,2612.0,1138,2173,9.587
07/15/2024 13:00:00,2612.0,1138,2173,155.7827
07/15/2024 15:00:00,2612.0,1138,2173,38.1003
07/15/2024 17:00:00,2612.0,1138,2173,36.4238
07/15/2024 19:00:00,2612.0,1138,2173,12.5102
07/15/2024 21:00:00,2612.0,1138,2173,17.1265
07/15/2024 23:00:00,2612.0,1138,2173,21.9324
07/14/2024 01:00:00,2585.0,1205,2119,19.4545
07/14/2024 03:00:00,2585.0,1205,2119,19.5789
07/14/2024 05:00:00,2585.0,1205,2119,12.1164
07/14/2024 07:00:00,2585.0,1205,2119,13.1207
07/14/2024 11:00:00,2585.0,1205,2119,0.0001
07/14/2024 13:00:00,2585.0,1205,2119,41.9263
07/14/2024 15:00:00,2585.0,1205,2119,45.189
07/14/2024 17:00:00,2585.0,1205,2119,38.1668
07/14/2024 19:00:00,2585.0,1205,2119,15.2377
07/14/2024 21:00:00,2585.0,1205,2119,41.9817
07/14/2024 23:00:00,2585.0,1205,2119,11.0033
07/13/2024 01:00:00,2693.0,1388,1913,14.9529
07/13/2024 03:00:00,2693.0,1388,1913,16.6743
07/13/2024 07:00:00,2693.0,1388,1913,11.4862
07/13/2024 09:00:00,2693.0,1388,1913,11.4434
07/13/2024 11:00:00,2693.0,1388,1913,15.5273
07/13/2024 13:00:00,2693.0,1388,1913,15.7973
07/13/2024 15:00:00,2693.0,1388,1913,40.9899
07/13/2024 17:00:00,2693.0,1388,1913,42.3402
07/13/2024 19:00:00,2693.0,1388,1913,40.4829
07/13/2024 21:00:00,2693.0,1388,1913,81.351
07/13/2024 23:00:00,2693.0,1388,1913,33.1291
07/12/2024 01:00:00,2739.0,1361,1902,13.6926
07/12/2024 03:00:00,2739.0,1361,1902,12.1751
07/12/2024 05:00:00,2739.0,1361,1902,-41.9125
07/12/2024 09:00:00,2739.0,1361,1902,12.1487
07/12/2024 11:00:00,2739.0,1361,1902,20.8618
07/12/2024 13:00:00,2739.0,1361,1902,19.7683
07/12/2024 15:00:00,2739.0,1361,1902,38.8247
07/12/2024 17:00:00,2739.0,1361,1902,39.0953
07/12/2024 19:00:00,2739.0,1361,1902,33.064
07/12/2024 21:00:00,2739.0,1361,1902,39.905
07/12/2024 23:00:00,2739.0,1361,1902,15.3789
07/11/2024 01:00:00,2674.0,1279,1904,13.9067
07/11/2024 03:00:00,2674.0,1279,1904,13.4931
07/11/2024 05:00:00,2674.0,1279,1904,0.0001
07/11/2024 07:00:00,2674.0,1279,1904,13.515
07/11/2024 09:00:00,2674.0,1279,1904,15.1794
07/11/2024 11:00:00,2674.0,1279,1904,12.8706
07/11/2024 13:00:00,2674.0,1279,1904,37.7509
07/11/2024 15:00:00,2674.0,1279,1904,40.9996
07/11/2024 17:00:00,2674.0,1279,1904,41.6509
07/11/2024 19:00:00,2674.0,1279,1904,11.1119
07/11/2024 21:00:00,2674.0,1279,1904,22.9425
07/11/2024 23:00:00,2674.0,1279,1904,11.5181
07/10/2024 01:00:00,2351.0,1245,1917,11.6648
07/10/2024 03:00:00,2351.0,1245,1917,19.154
07/10/2024 05:00:00,2351.0,1245,1917,27.6485
07/10/2024 07:00:00,2351.0,1245,1917,28.5008
07/10/2024 09:00:00,2351.0,1245,1917,18.2221
07/10/2024 11:00:00,2351.0,1245,1917,15.9896
07/10/2024 13:00:00,2351.0,1245,1917,37.5489
07/10/2024 15:00:00,2351.0,1245,1917,43.6574
07/10/2024 17:00:00,2351.0,1245,1917,43.1425
07/10/2024 19:00:00,2351.0,1245,1917,12.2542
07/10/2024 21:00:00,2351.0,1245,1917,24.8932
07/10/2024 23:00:00,2351.0,1245,1917,13.5914
07/09/2024 01:00:00,2205.0,1180,1942,10.47
07/09/2024 03:00:00,2205.0,1180,1942,10.5297
07/09/2024 05:00:00,2205.0,1180,1942,10.6878
07/09/2024 07:00:00,2205.0,1180,1942,19.5217
07/09/2024 09:00:00,2205.0,1180,1942,16.5018
07/09/2024 11:00:00,2205.0,1180,1942,35.6804
07/09/2024 13:00:00,2205.0,1180,1942,36.4612
07/09/2024 15:00:00,2205.0,1180,1942,33.4001
07/09/2024 17:00:00,2205.0,1180,1942,43.2747
07/09/2024 19:00:00,2205.0,1180,1942,43.4222
07/09/2024 21:00:00,2205.0,1180,1942,45.2104
07/09/2024 23:00:00,2205.0,1180,1942,23.9585
07/08/2024 01:00:00,2389.0,1221,2007,16.5653
07/08/2024 03:00:00,2389.0,1221,2007,16.6886
07/08/2024 05:00:00,2389.0,1221,2007,16.6913
07/08/2024 07:00:00,2389.0,1221,2007,31.0871
07/08/2024 09:00:00,2389.0,1221,2007,14.2613
07/08/2024 11:00:00,2389.0,1221,2007,20.2609
07/08/2024 13:00:00,2389.0,1221,2007,18.7823
07/08/2024 15:00:00,2389.0,1221,2007,44.5999
07/08/2024 17:00:00,2389.0,1221,2007,45.0653
07/08/2024 19:00:00,2389.0,1221,2007,42.7158
07/08/2024 21:00:00,2389.0,1221,2007,36.2481
07/08/2024 23:00:00,2389.0,1221,2007,78.4175
07/07/2024 01:00:00,2397.0,1276,1769,10.4716
07/07/2024 03:00:00,2397.0,1276,1769,9.5577
07/07/2024 05:00:00,2397.0,1276,1769,13.434
07/07/2024 07:00:00,2397.0,1276,1769,15.8922
07/07/2024 09:00:00,2397.0,1276,1769,13.7209
07/07/2024 11:00:00,2397.0,1276,1769,14.5336
07/07/2024 13:00:00,2397.0,1276,1769,17.0229
07/07/2024 15:00:00,2397.0,1276,1769,37.3202
07/07/2024 17:00:00,2397.0,1276,1769,35.6857
07/07/2024 19:00:00,2397.0,1276,1769,16.1795
07/07/2024 21:00:00,2397.0,1276,1769,38.9937
07/07/2024 23:00:00,2397.0,1276,1769,17.9437
07/06/2024 03:00:00,2517.0,1360,2019,0.0001
07/06/2024 05:00:00,2517.0,1360,2019,-28.4084
07/06/2024 07:00:00,2517.0,1360,2019,0.0001
07/06/2024 09:00:00,2517.0,1360,2019,-0.0001
07/06/2024 13:00:00,2517.0,1360,2019,15.6049
07/06/2024 15:00:00,2517.0,1360,2019,20.6273
07/06/2024 17:00:00,2517.0,1360,2019,15.0751
07/06/2024 19:00:00,2517.0,1360,2019,22.8106
07/06/2024 21:00:00,2517.0,1360,2019,19.7896
07/06/2024 23:00:00,2517.0,1360,2019,10.4025
07/05/2024 01:00:00,2481.0,1315,1848,10.1704
07/05/2024 03:00:00,2481.0,1315,1848,10.3258
07/05/2024 05:00:00,2481.0,1315,1848,18.2182
07/05/2024 07:00:00,2481.0,1315,1848,20.8082
07/05/2024 09:00:00,2481.0,1315,1848,12.1887
07/05/2024 11:00:00,2481.0,1315,1848,10.0869
07/05/2024 13:00:00,2481.0,1315,1848,10.4926
07/05/2024 15:00:00,2481.0,1315,1848,17.4917
07/05/2024 17:00:00,2481.0,1315,1848,32.8787
07/05/2024 19:00:00,2481.0,1315,1848,49.8888
07/05/2024 21:00:00,2481.0,1315,1848,54.499
07/05/2024 23:00:00,2481.0,1315,1848,15.1777
07/04/2024 01:00:00,2275.0,1385,1804,-30.2198
07/04/2024 05:00:00,2275.0,1385,1804,-28.0581
07/04/2024 07:00:00,2275.0,1385,1804,9.4686
07/04/2024 09:00:00,2275.0,1385,1804,-2.2563
07/04/2024 13:00:00,2275.0,1385,1804,9.6578
07/04/2024 15:00:00,2275.0,1385,1804,15.0933
07/04/2024 17:00:00,2275.0,1385,1804,37.5986
07/04/2024 19:00:00,2275.0,1385,1804,39.7603
07/04/2024 21:00:00,2275.0,1385,1804,38.014
07/04/2024 23:00:00,2275.0,1385,1804,14.71
07/03/2024 01:00:00,1941.0,1354,1786,17.0029
07/03/2024 03:00:00,1941.0,1354,1786,11.5673
07/03/2024 05:00:00,1941.0,1354,1786,11.7563
07/03/2024 07:00:00,1941.0,1354,1786,11.7836
07/03/2024 09:00:00,1941.0,1354,1786,11.9256
07/03/2024 11:00:00,1941.0,1354,1786,0.0168
07/03/2024 13:00:00,1941.0,1354,1786,10.5134
07/03/2024 15:00:00,1941.0,1354,1786,12.9286
07/03/2024 17:00:00,1941.0,1354,1786,18.2327
07/03/2024 19:00:00,1941.0,1354,1786,18.9403
07/03/2024 21:00:00,1941.0,1354,1786,224.7725
07/03/2024 23:00:00,1941.0,1354,1786,119.0527
07/02/2024 01:00:00,1335.0,1277,1836,12.3925
07/02/2024 03:00:00,1335.0,1277,1836,13.0992
07/02/2024 05:00:00,1335.0,1277,1836,-38.2886
07/02/2024 07:00:00,1335.0,1277,1836,18.2767
07/02/2024 11:00:00,1335.0,1277,1836,0.0086
07/02/2024 13:00:00,1335.0,1277,1836,-0.9991
07/02/2024 15:00:00,1335.0,1277,1836,20.8967
07/02/2024 17:00:00,1335.0,1277,1836,21.4267
07/02/2024 19:00:00,1335.0,1277,1836,38.2495
07/02/2024 21:00:00,1335.0,1277,1836,57.7544
07/02/2024 23:00:00,1335.0,1277,1836,17.5984
07/01/2024 01:00:00,908.0,1310,2068,11.9138
07/01/2024 03:00:00,908.0,1310,2068,13.0505
07/01/2024 05:00:00,908.0,1310,2068,14.3169
07/01/2024 07:00:00,908.0,1310,2068,12.6925
07/01/2024 09:00:00,908.0,1310,2068,17.257
07/01/2024 11:00:00,908.0,1310,2068,14.4909
07/01/2024 13:00:00,908.0,1310,2068,22.6633
07/01/2024 15:00:00,908.0,1310,2068,18.2334
07/01/2024 17:00:00,908.0,1310,2068,33.7557
07/01/2024 19:00:00,908.0,1310,2068,20.5154
07/01/2024 21:00:00,908.0,1310,2068,20.1621
07/01/2024 23:00:00,908.0,1310,2068,16.3972
06/30/2024 01:00:00,934.0,1348,1935,-38.4478
06/30/2024 05:00:00,934.0,1348,1935,-38.6072
06/30/2024 07:00:00,934.0,1348,1935,-0.0001
06/30/2024 09:00:00,934.0,1348,1935,-2.1858
06/30/2024 13:00:00,934.0,1348,1935,-0.002
06/30/2024 15:00:00,934.0,1348,1935,10.5058
06/30/2024 17:00:00,934.0,1348,1935,18.4067
06/30/2024 19:00:00,934.0,1348,1935,37.366
06/30/2024 21:00:00,934.0,1348,1935,19.8736
06/30/2024 23:00:00,934.0,1348,1935,16.9543
06/29/2024 01:00:00,1546.0,1108,1596,24.6337
06/29/2024 03:00:00,1546.0,1108,1596,13.3371
06/29/2024 05:00:00,1546.0,1108,1596,-0.0001
06/29/2024 07:00:00,1546.0,1108,1596,0.0001
06/29/2024 09:00:00,1546.0,1108,1596,-0.0034
06/29/2024 11:00:00,1546.0,1108,1596,11.5114
06/29/2024 13:00:00,1546.0,1108,1596,14.0728
06/29/2024 15:00:00,1546.0,1108,1596,16.592
06/29/2024 17:00:00,1546.0,1108,1596,18.7642
06/29/2024 19:00:00,1546.0,1108,1596,18.5981
06/29/2024 21:00:00,1546.0,1108,1596,23.208
06/29/2024 23:00:00,1546.0,1108,1596,12.8196
06/28/2024 01:00:00,2160.0,1407,2129,-1.0953
06/28/2024 03:00:00,2160.0,1407,2129,-0.0001
06/28/2024 05:00:00,2160.0,1407,2129,14.4646
06/28/2024 07:00:00,2160.0,1407,2129,14.5136
06/28/2024 09:00:00,2160.0,1407,2129,13.8611
06/28/2024 11:00:00,2160.0,1407,2129,21.9502
06/28/2024 13:00:00,2160.0,1407,2129,21.4941
06/28/2024 15:00:00,2160.0,1407,2129,27.1725
06/28/2024 17:00:00,2160.0,1407,2129,26.8643
06/28/2024 19:00:00,2160.0,1407,2129,23.3325
06/28/2024 21:00:00,2160.0,1407,2129,21.7801
06/28/2024 23:00:00,2160.0,1407,2129,17.5559
06/27/2024 01:00:00,1862.0,1339,2131,10.3943
06/27/2024 03:00:00,1862.0,1339,2131,0.0171
06/27/2024 05:00:00,1862.0,1339,2131,0.0183
06/27/2024 07:00:00,1862.0,1339,2131,0.0171
06/27/2024 09:00:00,1862.0,1339,2131,15.2558
06/27/2024 11:00:00,1862.0,1339,2131,14.1873
06/27/2024 13:00:00,1862.0,1339,2131,19.1782
06/27/2024 15:00:00,1862.0,1339,2131,23.1769
06/27/2024 17:00:00,1862.0,1339,2131,37.2406
06/27/2024 19:00:00,1862.0,1339,2131,35.8512
06/27/2024 21:00:00,1862.0,1339,2131,20.253
06/27/2024 23:00:00,1862.0,1339,2131,12.3173
06/26/2024 01:00:00,1417.0,1182,1941,25.8339
06/26/2024 03:00:00,1417.0,1182,1941,21.6789
06/26/2024 05:00:00,1417.0,1182,1941,19.7986
06/26/2024 07:00:00,1417.0,1182,1941,18.6171
06/26/2024 09:00:00,1417.0,1182,1941,14.8534
06/26/2024 11:00:00,1417.0,1182,1941,0.0154
06/26/2024 13:00:00,1417.0,1182,1941,15.065
06/26/2024 15:00:00,1417.0,1182,1941,29.6683
06/26/2024 17:00:00,1417.0,1182,1941,15.047
06/26/2024 19:00:00,1417.0,1182,1941,0.598
06/26/2024 21:00:00,1417.0,1182,1941,14.0194
06/26/2024 23:00:00,1417.0,1182,1941,14.7519
06/25/2024 01:00:00,2089.0,1253,2177,19.6738
06/25/2024 03:00:00,2089.0,1253,2177,14.1287
06/25/2024 05:00:00,2089.0,1253,2177,14.0303
06/25/2024 07:00:00,2089.0,1253,2177,14.5783
06/25/2024 09:00:00,2089.0,1253,2177,11.6881
06/25/2024 11:00:00,2089.0,1253,2177,15.0178
06/25/2024 13:00:00,2089.0,1253,2177,13.9885
06/25/2024 15:00:00,2089.0,1253,2177,18.9686
06/25/2024 17:00:00,2089.0,1253,2177,29.2812
06/25/2024 21:00:00,2089.0,1253,2177,35.357
06/25/2024 23:00:00,2089.0,1253,2177,45.969
06/24/2024 01:00:00,2442.0,1360,2310,18.0839
06/24/2024 03:00:00,2442.0,1360,2310,14.524
06/24/2024 05:00:00,2442.0,1360,2310,14.4203
06/24/2024 07:00:00,2442.0,1360,2310,14.7434
06/24/2024 09:00:00,2442.0,1360,2310,13.4381
06/24/2024 11:00:00,2442.0,1360,2310,20.6985
06/24/2024 13:00:00,2442.0,1360,2310,39.3259
06/24/2024 15:00:00,2442.0,1360,2310,36.6464
06/24/2024 17:00:00,2442.0,1360,2310,20.8752
06/24/2024 19:00:00,2442.0,1360,2310,23.7259
06/24/2024 21:00:00,2442.0,1360,2310,14.4803
06/24/2024 23:00:00,2442.0,1360,2310,19.418
06/23/2024 01:00:00,2404.0,1114,2155,14.6371
06/23/2024 03:00:00,2404.0,1114,2155,13.5851
06/23/2024 05:00:00,2404.0,1114,2155,13.8761
06/23/2024 07:00:00,2404.0,1114,2155,14.104
06/23/2024 09:00:00,2404.0,1114,2155,12.7
06/23/2024 11:00:00,2404.0,1114,2155,12.9531
06/23/2024 13:00:00,2404.0,1114,2155,21.4112
06/23/2024 15:00:00,2404.0,1114,2155,26.8569
06/23/2024 17:00:00,2404.0,1114,2155,33.5378
06/23/2024 19:00:00,2404.0,1114,2155,23.3758
06/23/2024 21:00:00,2404.0,1114,2155,21.763
06/23/2024 23:00:00,2404.0,1114,2155,14.5507
06/22/2024 01:00:00,2450.0,1209,1978,10.7418
06/22/2024 03:00:00,2450.0,1209,1978,10.7299
06/22/2024 07:00:00,2450.0,1209,1978,10.9585
06/22/2024 09:00:00,2450.0,1209,1978,12.1784
06/22/2024 11:00:00,2450.0,1209,1978,13.7337
06/22/2024 13:00:00,2450.0,1209,1978,23.4849
06/22/2024 15:00:00,2450.0,1209,1978,38.0869
06/22/2024 17:00:00,2450.0,1209,1978,39.1638
06/22/2024 19:00:00,2450.0,1209,1978,42.6931
06/22/2024 21:00:00,2450.0,1209,1978,28.6554
06/22/2024 23:00:00,2450.0,1209,1978,20.1869
06/21/2024 01:00:00,2149.0,1211,1882,13.0934
06/21/2024 03:00:00,2149.0,1211,1882,11.9129
06/21/2024 05:00:00,2149.0,1211,1882,12.0173
06/21/2024 07:00:00,2149.0,1211,1882,26.988
06/21/2024 09:00:00,2149.0,1211,1882,15.5759
06/21/2024 11:00:00,2149.0,1211,1882,12.0494
06/21/2024 13:00:00,2149.0,1211,1882,21.0628
06/21/2024 15:00:00,2149.0,1211,1882,37.0162
06/21/2024 17:00:00,2149.0,1211,1882,14.6328
06/21/2024 19:00:00,2149.0,1211,1882,40.7195
06/21/2024 21:00:00,2149.0,1211,1882,20.1819
06/21/2024 23:00:00,2149.0,1211,1882,12.5325
06/20/2024 01:00:00,1301.0,1089,1645,0.0001
06/20/2024 03:00:00,1301.0,1089,1645,-1.1287
06/20/2024 05:00:00,1301.0,1089,1645,-0.0001
06/20/2024 07:00:00,1301.0,1089,1645,0.0001
06/20/2024 09:00:00,1301.0,1089,1645,-0.0017
06/20/2024 11:00:00,1301.0,1089,1645,11.0697
06/20/2024 13:00:00,1301.0,1089,1645,9.7973
06/20/2024 15:00:00,1301.0,1089,1645,38.359
06/20/2024 17:00:00,1301.0,1089,1645,12.6512
06/20/2024 19:00:00,1301.0,1089,1645,9.4844
06/20/2024 21:00:00,1301.0,1089,1645,23.5472
06/20/2024 23:00:00,1301.0,1089,1645,16.0516
06/19/2024 01:00:00,1613.0,1100,1676,13.1476
06/19/2024 03:00:00,1613.0,1100,1676,21.843
06/19/2024 05:00:00,1613.0,1100,1676,10.1032
06/19/2024 07:00:00,1613.0,1100,1676,10.4432
06/19/2024 09:00:00,1613.0,1100,1676,-1.0789
06/19/2024 11:00:00,1613.0,1100,1676,-0.0026
06/19/2024 13:00:00,1613.0,1100,1676,15.0225
06/19/2024 15:00:00,1613.0,1100,1676,9.4443
06/19/2024 17:00:00,1613.0,1100,1676,8.4245
06/19/2024 19:00:00,1613.0,1100,1676,10.0257
06/19/2024 21:00:00,1613.0,1100,1676,14.6142
06/19/2024 23:00:00,1613.0,1100,1676,9.4994
06/18/2024 01:00:00,2767.0,1179,2018,10.8216
06/18/2024 03:00:00,2767.0,1179,2018,0.0082
06/18/2024 05:00:00,2767.0,1179,2018,-28.348
06/18/2024 07:00:00,2767.0,1179,2018,0.011
06/18/2024 09:00:00,2767.0,1179,2018,0.0001
06/18/2024 11:00:00,2767.0,1179,2018,0.0063
06/18/2024 13:00:00,2767.0,1179,2018,-41.6261
06/18/2024 17:00:00,2767.0,1179,2018,0.0105
06/18/2024 19:00:00,2767.0,1179,2018,9.3553
06/18/2024 21:00:00,2767.0,1179,2018,37.3671
06/18/2024 23:00:00,2767.0,1179,2018,11.1319
06/17/2024 01:00:00,2785.0,1125,1978,15.4159
06/17/2024 03:00:00,2785.0,1125,1978,10.2263
06/17/2024 05:00:00,2785.0,1125,1978,8.8755
06/17/2024 07:00:00,2785.0,1125,1978,13.2973
06/17/2024 09:00:00,2785.0,1125,1978,8.8546
06/17/2024 11:00:00,2785.0,1125,1978,20.7791
06/17/2024 13:00:00,2785.0,1125,1978,20.4465
06/17/2024 15:00:00,2785.0,1125,1978,11.0497
06/17/2024 17:00:00,2785.0,1125,1978,9.8276
06/17/2024 19:00:00,2785.0,1125,1978,16.3137
06/17/2024 21:00:00,2785.0,1125,1978,38.3959
06/17/2024 23:00:00,2785.0,1125,1978,17.5729
06/16/2024 01:00:00,2723.0,1205,2048,45.7986
06/16/2024 03:00:00,2723.0,1205,2048,17.6793
06/16/2024 05:00:00,2723.0,1205,2048,10.6139
06/16/2024 07:00:00,2723.0,1205,2048,0.0001
06/16/2024 11:00:00,2723.0,1205,2048,10.3083
06/16/2024 13:00:00,2723.0,1205,2048,12.7556
06/16/2024 15:00:00,2723.0,1205,2048,17.0335
06/16/2024 17:00:00,2723.0,1205,2048,36.5104
06/16/2024 19:00:00,2723.0,1205,2048,24.553
06/16/2024 21:00:00,2723.0,1205,2048,37.2563
06/16/2024 23:00:00,2723.0,1205,2048,17.2301
06/15/2024 01:00:00,2749.0,1182,1902,12.0359
06/15/2024 03:00:00,2749.0,1182,1902,11.9293
06/15/2024 05:00:00,2749.0,1182,1902,14.3485
06/15/2024 07:00:00,2749.0,1182,1902,15.3105
06/15/2024 09:00:00,2749.0,1182,1902,0.0001
06/15/2024 11:00:00,2749.0,1182,1902,10.7171
06/15/2024 13:00:00,2749.0,1182,1902,20.4027
06/15/2024 15:00:00,2749.0,1182,1902,36.4647
06/15/2024 17:00:00,2749.0,1182,1902,16.7006
06/15/2024 19:00:00,2749.0,1182,1902,14.3885
06/15/2024 21:00:00,2749.0,1182,1902,15.9644
06/15/2024 23:00:00,2749.0,1182,1902,17.036
06/14/2024 01:00:00,2361.0,1238,1962,19.0741
06/14/2024 03:00:00,2361.0,1238,1962,15.8153
06/14/2024 05:00:00,2361.0,1238,1962,14.7979
06/14/2024 07:00:00,2361.0,1238,1962,14.5415
06/14/2024 09:00:00,2361.0,1238,1962,11.6272
06/14/2024 11:00:00,2361.0,1238,1962,11.5789
06/14/2024 13:00:00,2361.0,1238,1962,0.0103
06/14/2024 15:00:00,2361.0,1238,1962,38.665
06/14/2024 17:00:00,2361.0,1238,1962,13.8761
06/14/2024 19:00:00,2361.0,1238,1962,18.4133
06/14/2024 21:00:00,2361.0,1238,1962,18.0352
06/14/2024 23:00:00,2361.0,1238,1962,14.3047
06/13/2024 01:00:00,1986.0,1315,2146,14.4154
06/13/2024 03:00:00,1986.0,1315,2146,13.0558
06/13/2024 05:00:00,1986.0,1315,2146,11.8464
06/13/2024 07:00:00,1986.0,1315,2146,16.4691
06/13/2024 09:00:00,1986.0,1315,2146,0.0001
06/13/2024 11:00:00,1986.0,1315,2146,10.9664
06/13/2024 13:00:00,1986.0,1315,2146,14.12
06/13/2024 15:00:00,1986.0,1315,2146,24.1212
06/13/2024 17:00:00,1986.0,1315,2146,14.6926
06/13/2024 21:00:00,1986.0,1315,2146,13.9821
06/13/2024 23:00:00,1986.0,1315,2146,13.3852
06/12/2024 01:00:00,2429.0,1365,2264,0.0176
06/12/2024 03:00:00,2429.0,1365,2264,1.1771
06/12/2024 05:00:00,2429.0,1365,2264,0.0134
06/12/2024 07:00:00,2429.0,1365,2264,0.0001
06/12/2024 09:00:00,2429.0,1365,2264,0.0064
06/12/2024 11:00:00,2429.0,1365,2264,0.013
06/12/2024 13:00:00,2429.0,1365,2264,31.3925
06/12/2024 15:00:00,2429.0,1365,2264,23.1852
06/12/2024 17:00:00,2429.0,1365,2264,17.7732
06/12/2024 19:00:00,2429.0,1365,2264,36.8894
06/12/2024 21:00:00,2429.0,1365,2264,17.1671
06/12/2024 23:00:00,2429.0,1365,2264,17.8535
06/11/2024 01:00:00,2480.0,1273,2201,13.8771
06/11/2024 03:00:00,2480.0,1273,2201,10.6582
06/11/2024 05:00:00,2480.0,1273,2201,22.6117
06/11/2024 07:00:00,2480.0,1273,2201,18.9923
06/11/2024 09:00:00,2480.0,1273,2201,13.91
06/11/2024 11:00:00,2480.0,1273,2201,14.1805
06/11/2024 13:00:00,2480.0,1273,2201,13.8265
06/11/2024 15:00:00,2480.0,1273,2201,37.0061
06/11/2024 17:00:00,2480.0,1273,2201,39.1492
06/11/2024 19:00:00,2480.0,1273,2201,39.7851
06/11/2024 21:00:00,2480.0,1273,2201,14.4616
06/11/2024 23:00:00,2480.0,1273,2201,14.9385
06/10/2024 01:00:00,2524.0,1094,2015,7.2346
06/10/2024 03:00:00,2524.0,1094,2015,-29.0428
06/10/2024 05:00:00,2524.0,1094,2015,-29.3665
06/10/2024 07:00:00,2524.0,1094,2015,0.0195
06/10/2024 09:00:00,2524.0,1094,2015,0.0206
06/10/2024 11:00:00,2524.0,1094,2015,0.0114
06/10/2024 13:00:00,2524.0,1094,2015,9.9494
06/10/2024 15:00:00,2524.0,1094,2015,17.3562
06/10/2024 17:00:00,2524.0,1094,2015,22.0493
06/10/2024 19:00:00,2524.0,1094,2015,16.442
06/10/2024 21:00:00,2524.0,1094,2015,26.0458
06/10/2024 23:00:00,2524.0,1094,2015,19.6988
06/09/2024 01:00:00,2287.0,1059,1850,13.6515
06/09/2024 03:00:00,2287.0,1059,1850,14.0342
06/09/2024 05:00:00,2287.0,1059,1850,13.5008
06/09/2024 07:00:00,2287.0,1059,1850,16.0452
06/09/2024 09:00:00,2287.0,1059,1850,9.7515
06/09/2024 11:00:00,2287.0,1059,1850,12.0803
06/09/2024 13:00:00,2287.0,1059,1850,13.2778
06/09/2024 15:00:00,2287.0,1059,1850,12.052
06/09/2024 17:00:00,2287.0,1059,1850,27.1681
06/09/2024 19:00:00,2287.0,1059,1850,17.9638
06/09/2024 21:00:00,2287.0,1059,1850,11.1904
06/09/2024 23:00:00,2287.0,1059,1850,10.2061
06/08/2024 01:00:00,1551.0,843,1675,11.3467
06/08/2024 03:00:00,1551.0,843,1675,17.3643
06/08/2024 05:00:00,1551.0,843,1675,18.2568
06/08/2024 07:00:00,1551.0,843,1675,14.429
06/08/2024 09:00:00,1551.0,843,1675,11.052
06/08/2024 11:00:00,1551.0,843,1675,9.8914
06/08/2024 13:00:00,1551.0,843,1675,19.855
06/08/2024 15:00:00,1551.0,843,1675,0.0089
06/08/2024 17:00:00,1551.0,843,1675,13.9024
06/08/2024 19:00:00,1551.0,843,1675,0.0089
06/08/2024 21:00:00,1551.0,843,1675,20.3329
06/08/2024 23:00:00,1551.0,843,1675,37.0992
06/07/2024 01:00:00,1821.0,808,1814,14.4793
06/07/2024 03:00:00,1821.0,808,1814,10.8104
06/07/2024 05:00:00,1821.0,808,1814,10.9599
06/07/2024 07:00:00,1821.0,808,1814,11.2915
06/07/2024 09:00:00,1821.0,808,1814,0.0091
06/07/2024 11:00:00,1821.0,808,1814,15.8871
06/07/2024 13:00:00,1821.0,808,1814,16.6959
06/07/2024 15:00:00,1821.0,808,1814,20.1196
06/07/2024 17:00:00,1821.0,808,1814,9.9205
06/07/2024 19:00:00,1821.0,808,1814,21.6575
06/07/2024 21:00:00,1821.0,808,1814,37.9784
06/07/2024 23:00:00,1821.0,808,1814,14.0048
06/06/2024 01:00:00,2016.0,1107,2186,15.7283
06/06/2024 03:00:00,2016.0,1107,2186,13.8044
06/06/2024 05:00:00,2016.0,1107,2186,11.1323
06/06/2024 07:00:00,2016.0,1107,2186,17.8261
06/06/2024 09:00:00,2016.0,1107,2186,0.6708
06/06/2024 11:00:00,2016.0,1107,2186,9.9788
06/06/2024 13:00:00,2016.0,1107,2186,15.5646
06/06/2024 15:00:00,2016.0,1107,2186,23.7764
06/06/2024 17:00:00,2016.0,1107,2186,14.0949
06/06/2024 19:00:00,2016.0,1107,2186,22.2788
06/06/2024 21:00:00,2016.0,1107,2186,19.8102
06/06/2024 23:00:00,2016.0,1107,2186,15.388
06/05/2024 01:00:00,2418.0,1137,2209,13.3692
06/05/2024 03:00:00,2418.0,1137,2209,11.0635
06/05/2024 05:00:00,2418.0,1137,2209,0.0132
06/05/2024 07:00:00,2418.0,1137,2209,0.021
06/05/2024 09:00:00,2418.0,1137,2209,0.5309
06/05/2024 11:00:00,2418.0,1137,2209,0.0047
06/05/2024 13:00:00,2418.0,1137,2209,9.1773
06/05/2024 15:00:00,2418.0,1137,2209,13.2641
06/05/2024 17:00:00,2418.0,1137,2209,21.516
06/05/2024 19:00:00,2418.0,1137,2209,31.7391
06/05/2024 21:00:00,2418.0,1137,2209,38.6611
06/05/2024 23:00:00,2418.0,1137,2209,22.2973
06/04/2024 01:00:00,2679.0,980,2078,13.8476
06/04/2024 03:00:00,2679.0,980,2078,18.3386
06/04/2024 05:00:00,2679.0,980,2078,6.725
06/04/2024 07:00:00,2679.0,980,2078,17.8034
06/04/2024 09:00:00,2679.0,980,2078,0.0036
06/04/2024 11:00:00,2679.0,980,2078,11.7837
06/04/2024 13:00:00,2679.0,980,2078,9.2376
06/04/2024 15:00:00,2679.0,980,2078,9.1148
06/04/2024 17:00:00,2679.0,980,2078,0.0097
06/04/2024 19:00:00,2679.0,980,2078,36.5914
06/04/2024 21:00:00,2679.0,980,2078,38.3481
06/04/2024 23:00:00,2679.0,980,2078,17.7532
06/03/2024 01:00:00,1800.0,723,1773,21.2508
06/03/2024 03:00:00,1800.0,723,1773,13.3462
06/03/2024 05:00:00,1800.0,723,1773,8.3208
06/03/2024 07:00:00,1800.0,723,1773,6.8867
06/03/2024 09:00:00,1800.0,723,1773,9.24
06/03/2024 11:00:00,1800.0,723,1773,6.4755
06/03/2024 15:00:00,1800.0,723,1773,19.8215
06/03/2024 17:00:00,1800.0,723,1773,15.2615
06/03/2024 19:00:00,1800.0,723,1773,14.0448
06/03/2024 21:00:00,1800.0,723,1773,6.8951
06/03/2024 23:00:00,1800.0,723,1773,13.5351
06/02/2024 01:00:00,2613.0,799,1811,7.0779
06/02/2024 03:00:00,2613.0,799,1811,7.7417
06/02/2024 05:00:00,2613.0,799,1811,21.0747
06/02/2024 07:00:00,2613.0,799,1811,11.7256
06/02/2024 09:00:00,2613.0,799,1811,0.0004
06/02/2024 11:00:00,2613.0,799,1811,-0.0014
06/02/2024 13:00:00,2613.0,799,1811,6.7381
06/02/2024 15:00:00,2613.0,799,1811,16.4201
06/02/2024 17:00:00,2613.0,799,1811,-0.0804
06/02/2024 19:00:00,2613.0,799,1811,6.6906
06/02/2024 21:00:00,2613.0,799,1811,6.9276
06/02/2024 23:00:00,2613.0,799,1811,12.4458
06/01/2024 01:00:00,2776.0,627,1653,9.6449
06/01/2024 03:00:00,2776.0,627,1653,9.1626
06/01/2024 05:00:00,2776.0,627,1653,9.1955
06/01/2024 07:00:00,2776.0,627,1653,-27.3569
06/01/2024 09:00:00,2776.0,627,1653,0.005
06/01/2024 11:00:00,2776.0,627,1653,-25.1311
06/01/2024 13:00:00,2776.0,627,1653,0.0004
06/01/2024 15:00:00,2776.0,627,1653,-0.004
06/01/2024 17:00:00,2776.0,627,1653,0.0017
06/01/2024 19:00:00,2776.0,627,1653,4.9395
06/01/2024 21:00:00,2776.0,627,1653,19.4163
06/01/2024 23:00:00,2776.0,627,1653,11.1895
05/31/2024 01:00:00,2700.0,805,1800,9.1916
05/31/2024 03:00:00,2700.0,805,1800,-27.9725
05/31/2024 05:00:00,2700.0,805,1800,10.4792
05/31/2024 07:00:00,2700.0,805,1800,10.0685
05/31/2024 09:00:00,2700.0,805,1800,19.0631
05/31/2024 11:00:00,2700.0,805,1800,19.9596
05/31/2024 13:00:00,2700.0,805,1800,11.9888
05/31/2024 15:00:00,2700.0,805,1800,10.757
05/31/2024 17:00:00,2700.0,805,1800,11.2104
05/31/2024 19:00:00,2700.0,805,1800,14.9676
05/31/2024 21:00:00,2700.0,805,1800,20.746
05/31/2024 23:00:00,2700.0,805,1800,12.2856
05/30/2024 01:00:00,2925.0,900,1842,0.345
05/30/2024 03:00:00,2925.0,900,1842,8.7771
05/30/2024 05:00:00,2925.0,900,1842,11.1252
05/30/2024 07:00:00,2925.0,900,1842,24.4403
05/30/2024 09:00:00,2925.0,900,1842,0.0068
05/30/2024 11:00:00,2925.0,900,1842,0.0046
05/30/2024 13:00:00,2925.0,900,1842,8.5069
05/30/2024 15:00:00,2925.0,900,1842,30.7289
05/30/2024 17:00:00,2925.0,900,1842,31.6081
05/30/2024 19:00:00,2925.0,900,1842,16.116
05/30/2024 21:00:00,2925.0,900,1842,36.1066
05/30/2024 23:00:00,2925.0,900,1842,16.8697
05/29/2024 01:00:00,2974.0,798,1786,0.0139
05/29/2024 03:00:00,2974.0,798,1786,7.7276
05/29/2024 05:00:00,2974.0,798,1786,9.0398
05/29/2024 07:00:00,2974.0,798,1786,20.485
05/29/2024 09:00:00,2974.0,798,1786,7.7778
05/29/2024 11:00:00,2974.0,798,1786,8.0134
05/29/2024 13:00:00,2974.0,798,1786,0.01
05/29/2024 15:00:00,2974.0,798,1786,0.0091
05/29/2024 17:00:00,2974.0,798,1786,9.74
05/29/2024 19:00:00,2974.0,798,1786,15.0016
05/29/2024 21:00:00,2974.0,798,1786,14.21
05/29/2024 23:00:00,2974.0,798,1786,10.701
05/28/2024 01:00:00,2741.0,816,1786,7.8244
05/28/2024 03:00:00,2741.0,816,1786,0.0157
05/28/2024 05:00:00,2741.0,816,1786,0.0129
05/28/2024 07:00:00,2741.0,816,1786,20.8434
05/28/2024 09:00:00,2741.0,816,1786,11.7877
05/28/2024 11:00:00,2741.0,816,1786,10.0076
05/28/2024 13:00:00,2741.0,816,1786,8.235
05/28/2024 15:00:00,2741.0,816,1786,34.2264
05/28/2024 17:00:00,2741.0,816,1786,11.6323
05/28/2024 21:00:00,2741.0,816,1786,8.5922
05/28/2024 23:00:00,2741.0,816,1786,12.8655
05/27/2024 01:00:00,2872.0,855,1892,26.9317
05/27/2024 03:00:00,2872.0,855,1892,12.8023
05/27/2024 05:00:00,2872.0,855,1892,11.6319
05/27/2024 07:00:00,2872.0,855,1892,21.3787
05/27/2024 09:00:00,2872.0,855,1892,7.2828
05/27/2024 11:00:00,2872.0,855,1892,7.5135
05/27/2024 13:00:00,2872.0,855,1892,-0.0011
05/27/2024 15:00:00,2872.0,855,1892,9.9551
05/27/2024 17:00:00,2872.0,855,1892,13.0837
05/27/2024 19:00:00,2872.0,855,1892,17.4814
05/27/2024 21:00:00,2872.0,855,1892,36.304
05/27/2024 23:00:00,2872.0,855,1892,9.6102
05/26/2024 01:00:00,2933.0,983,1686,7.6539
05/26/2024 03:00:00,2933.0,983,1686,0.0136
05/26/2024 05:00:00,2933.0,983,1686,-27.7011
05/26/2024 07:00:00,2933.0,983,1686,-27.9915
05/26/2024 09:00:00,2933.0,983,1686,-26.8919
05/26/2024 11:00:00,2933.0,983,1686,-1.985
05/26/2024 13:00:00,2933.0,983,1686,-35.9416
05/26/2024 15:00:00,2933.0,983,1686,-25.0328
05/26/2024 17:00:00,2933.0,983,1686,-27.2093
05/26/2024 19:00:00,2933.0,983,1686,-0.2532
05/26/2024 21:00:00,2933.0,983,1686,27.141
05/26/2024 23:00:00,2933.0,983,1686,16.7119
05/25/2024 01:00:00,2912.0,562,1395,7.477
05/25/2024 03:00:00,2912.0,562,1395,0.0146
05/25/2024 05:00:00,2912.0,562,1395,7.2137
05/25/2024 07:00:00,2912.0,562,1395,7.539
05/25/2024 09:00:00,2912.0,562,1395,0.0021
05/25/2024 11:00:00,2912.0,562,1395,0.0074
05/25/2024 13:00:00,2912.0,562,1395,-0.0007
05/25/2024 15:00:00,2912.0,562,1395,0.002
05/25/2024 17:00:00,2912.0,562,1395,-35.4602
05/25/2024 19:00:00,2912.0,562,1395,0.0063
05/25/2024 21:00:00,2912.0,562,1395,20.815
05/25/2024 23:00:00,2912.0,562,1395,7.1135
05/24/2024 01:00:00,2878.0,592,1424,0.6801
05/24/2024 03:00:00,2878.0,592,1424,0.011
05/24/2024 05:00:00,2878.0,592,1424,0.0145
05/24/2024 07:00:00,2878.0,592,1424,7.1726
05/24/2024 09:00:00,2878.0,592,1424,-36.3644
05/24/2024 11:00:00,2878.0,592,1424,0.002
05/24/2024 13:00:00,2878.0,592,1424,0.0082
05/24/2024 15:00:00,2878.0,592,1424,10.1058
05/24/2024 17:00:00,2878.0,592,1424,35.7959
05/24/2024 19:00:00,2878.0,592,1424,36.0971
05/24/2024 21:00:00,2878.0,592,1424,31.3744
05/24/2024 23:00:00,2878.0,592,1424,7.8042
05/23/2024 01:00:00,2930.0,688,1555,0.0217
05/23/2024 03:00:00,2930.0,688,1555,7.9951
05/23/2024 05:00:00,2930.0,688,1555,9.068
05/23/2024 07:00:00,2930.0,688,1555,21.5763
05/23/2024 09:00:00,2930.0,688,1555,8.6482
05/23/2024 11:00:00,2930.0,688,1555,7.3906
05/23/2024 13:00:00,2930.0,688,1555,7.545
05/23/2024 15:00:00,2930.0,688,1555,5.3633
05/23/2024 17:00:00,2930.0,688,1555,5.6027
05/23/2024 19:00:00,2930.0,688,1555,5.5807
05/23/2024 21:00:00,2930.0,688,1555,27.1656
05/23/2024 23:00:00,2930.0,688,1555,7.6278
05/22/2024 01:00:00,2795.0,656,1536,10.1457
05/22/2024 03:00:00,2795.0,656,1536,11.3218
05/22/2024 05:00:00,2795.0,656,1536,10.4909
05/22/2024 07:00:00,2795.0,656,1536,26.6375
05/22/2024 09:00:00,2795.0,656,1536,14.7483
05/22/2024 11:00:00,2795.0,656,1536,10.7627
05/22/2024 13:00:00,2795.0,656,1536,0.008
05/22/2024 15:00:00,2795.0,656,1536,-39.1388
05/22/2024 17:00:00,2795.0,656,1536,0.0066
05/22/2024 19:00:00,2795.0,656,1536,8.5542
05/22/2024 21:00:00,2795.0,656,1536,19.968
05/22/2024 23:00:00,2795.0,656,1536,9.9923
05/21/2024 01:00:00,2826.0,722,1591,-29.3711
05/21/2024 03:00:00,2826.0,722,1591,7.951
05/21/2024 05:00:00,2826.0,722,1591,8.0479
05/21/2024 07:00:00,2826.0,722,1591,0.538
05/21/2024 09:00:00,2826.0,722,1591,-38.1928
05/21/2024 11:00:00,2826.0,722,1591,-2.0477
05/21/2024 13:00:00,2826.0,722,1591,-2.0927
05/21/2024 15:00:00,2826.0,722,1591,9.6051
05/21/2024 17:00:00,2826.0,722,1591,-27.0186
05/21/2024 19:00:00,2826.0,722,1591,9.3414
05/21/2024 21:00:00,2826.0,722,1591,21.0258
05/21/2024 23:00:00,2826.0,722,1591,26.6576
05/20/2024 01:00:00,2701.0,753,1611,12.1298
05/20/2024 03:00:00,2701.0,753,1611,12.9593
05/20/2024 05:00:00,2701.0,753,1611,7.9599
05/20/2024 07:00:00,2701.0,753,1611,0.0124
05/20/2024 09:00:00,2701.0,753,1611,0.0091
05/20/2024 11:00:00,2701.0,753,1611,0.004
05/20/2024 13:00:00,2701.0,753,1611,11.1394
05/20/2024 15:00:00,2701.0,753,1611,10.5701
05/20/2024 17:00:00,2701.0,753,1611,21.5093
05/20/2024 19:00:00,2701.0,753,1611,28.4789
05/20/2024 21:00:00,2701.0,753,1611,8.3021
05/20/2024 23:00:00,2701.0,753,1611,0.0101
05/19/2024 01:00:00,2714.0,780,1718,0.0114
05/19/2024 03:00:00,2714.0,780,1718,0.0095
05/19/2024 05:00:00,2714.0,780,1718,0.013
05/19/2024 07:00:00,2714.0,780,1718,7.5065
05/19/2024 09:00:00,2714.0,780,1718,0.0053
05/19/2024 11:00:00,2714.0,780,1718,-0.0037
05/19/2024 13:00:00,2714.0,780,1718,-0.0072
05/19/2024 15:00:00,2714.0,780,1718,-0.0038
05/19/2024 17:00:00,2714.0,780,1718,-0.984
05/19/2024 19:00:00,2714.0,780,1718,12.033
05/19/2024 21:00:00,2714.0,780,1718,19.4941
05/19/2024 23:00:00,2714.0,780,1718,8.035
05/18/2024 01:00:00,2683.0,692,1558,0.0155
05/18/2024 03:00:00,2683.0,692,1558,12.0324
05/18/2024 05:00:00,2683.0,692,1558,11.284
05/18/2024 07:00:00,2683.0,692,1558,11.1455
05/18/2024 09:00:00,2683.0,692,1558,0.004
05/18/2024 11:00:00,2683.0,692,1558,-0.0002
05/18/2024 13:00:00,2683.0,692,1558,4.9165
05/18/2024 15:00:00,2683.0,692,1558,7.029
05/18/2024 17:00:00,2683.0,692,1558,7.0468
05/18/2024 19:00:00,2683.0,692,1558,30.6781
05/18/2024 21:00:00,2683.0,692,1558,14.8087
05/18/2024 23:00:00,2683.0,692,1558,8.2874
05/17/2024 01:00:00,2734.0,620,1603,0.0173
05/17/2024 03:00:00,2734.0,620,1603,0.0144
05/17/2024 05:00:00,2734.0,620,1603,10.1251
05/17/2024 07:00:00,2734.0,620,1603,11.4432
05/17/2024 09:00:00,2734.0,620,1603,0.0001
05/17/2024 11:00:00,2734.0,620,1603,0.0014
05/17/2024 13:00:00,2734.0,620,1603,9.7609
05/17/2024 15:00:00,2734.0,620,1603,11.6803
05/17/2024 17:00:00,2734.0,620,1603,11.8015
05/17/2024 19:00:00,2734.0,620,1603,15.9251
05/17/2024 21:00:00,2734.0,620,1603,37.4715
05/17/2024 23:00:00,2734.0,620,1603,14.1861
05/16/2024 01:00:00,2405.0,625,1508,11.5144
05/16/2024 03:00:00,2405.0,625,1508,15.2988
05/16/2024 05:00:00,2405.0,625,1508,14.175
05/16/2024 07:00:00,2405.0,625,1508,15.3308
05/16/2024 09:00:00,2405.0,625,1508,10.8804
05/16/2024 11:00:00,2405.0,625,1508,11.1683
05/16/2024 13:00:00,2405.0,625,1508,12.8261
05/16/2024 15:00:00,2405.0,625,1508,11.1673
05/16/2024 17:00:00,2405.0,625,1508,14.7377
05/16/2024 19:00:00,2405.0,625,1508,18.5183
05/16/2024 21:00:00,2405.0,625,1508,37.2266
05/16/2024 23:00:00,2405.0,625,1508,13.7987
05/15/2024 01:00:00,2127.0,499,1284,13.607
05/15/2024 03:00:00,2127.0,499,1284,10.0398
05/15/2024 05:00:00,2127.0,499,1284,10.332
05/15/2024 07:00:00,2127.0,499,1284,14.0963
05/15/2024 09:00:00,2127.0,499,1284,9.768
05/15/2024 11:00:00,2127.0,499,1284,0.0092
05/15/2024 13:00:00,2127.0,499,1284,0.0064
05/15/2024 15:00:00,2127.0,499,1284,0.0143
05/15/2024 17:00:00,2127.0,499,1284,10.9691
05/15/2024 19:00:00,2127.0,499,1284,14.5835
05/15/2024 21:00:00,2127.0,499,1284,38.2081
05/15/2024 23:00:00,2127.0,499,1284,16.0081
05/14/2024 01:00:00,2450.0,840,1555,15.6855
05/14/2024 03:00:00,2450.0,840,1555,14.3462
05/14/2024 05:00:00,2450.0,840,1555,11.412
05/14/2024 07:00:00,2450.0,840,1555,11.6782
05/14/2024 09:00:00,2450.0,840,1555,10.3073
05/14/2024 11:00:00,2450.0,840,1555,9.7162
05/14/2024 13:00:00,2450.0,840,1555,10.257
05/14/2024 15:00:00,2450.0,840,1555,17.4338
05/14/2024 17:00:00,2450.0,840,1555,20.6679
05/14/2024 19:00:00,2450.0,840,1555,0.0045
05/14/2024 21:00:00,2450.0,840,1555,38.0987
05/14/2024 23:00:00,2450.0,840,1555,15.7758
05/13/2024 01:00:00,2517.0,651,1526,37.5662
05/13/2024 03:00:00,2517.0,651,1526,10.1207
05/13/2024 05:00:00,2517.0,651,1526,11.4678
05/13/2024 07:00:00,2517.0,651,1526,16.5925
05/13/2024 09:00:00,2517.0,651,1526,10.4057
05/13/2024 11:00:00,2517.0,651,1526,10.4272
05/13/2024 13:00:00,2517.0,651,1526,14.5756
05/13/2024 15:00:00,2517.0,651,1526,17.1821
05/13/2024 17:00:00,2517.0,651,1526,40.6969
05/13/2024 19:00:00,2517.0,651,1526,22.5401
05/13/2024 21:00:00,2517.0,651,1526,41.9262
05/13/2024 23:00:00,2517.0,651,1526,15.6303
05/12/2024 01:00:00,2702.0,818,1466,15.0199
05/12/2024 03:00:00,2702.0,818,1466,14.4224
05/12/2024 05:00:00,2702.0,818,1466,10.6874
05/12/2024 07:00:00,2702.0,818,1466,22.6753
05/12/2024 09:00:00,2702.0,818,1466,9.9189
05/12/2024 11:00:00,2702.0,818,1466,11.2273
05/12/2024 13:00:00,2702.0,818,1466,12.6666
05/12/2024 15:00:00,2702.0,818,1466,9.5773
05/12/2024 17:00:00,2702.0,818,1466,0.0002
05/12/2024 19:00:00,2702.0,818,1466,10.0439
05/12/2024 21:00:00,2702.0,818,1466,42.1422
05/12/2024 23:00:00,2702.0,818,1466,15.6162
05/11/2024 01:00:00,2679.0,491,1162,18.7389
05/11/2024 03:00:00,2679.0,491,1162,18.0104
05/11/2024 05:00:00,2679.0,491,1162,17.496
05/11/2024 07:00:00,2679.0,491,1162,18.8485
05/11/2024 09:00:00,2679.0,491,1162,14.9064
05/11/2024 11:00:00,2679.0,491,1162,10.5444
05/11/2024 13:00:00,2679.0,491,1162,9.2912
05/11/2024 15:00:00,2679.0,491,1162,0.0013
05/11/2024 17:00:00,2679.0,491,1162,9.7952
05/11/2024 19:00:00,2679.0,491,1162,9.8673
05/11/2024 21:00:00,2679.0,491,1162,18.6024
05/11/2024 23:00:00,2679.0,491,1162,10.4745
05/10/2024 01:00:00,2511.0,586,1355,13.0744
05/10/2024 03:00:00,2511.0,586,1355,12.4396
05/10/2024 05:00:00,2511.0,586,1355,16.807
05/10/2024 07:00:00,2511.0,586,1355,17.5142
05/10/2024 15:00:00,2511.0,586,1355,14.2843
05/10/2024 17:00:00,2511.0,586,1355,14.9241
05/10/2024 19:00:00,2511.0,586,1355,15.5793
05/10/2024 21:00:00,2511.0,586,1355,40.4999
05/10/2024 23:00:00,2511.0,586,1355,22.7529
05/09/2024 01:00:00,2650.0,820,1367,13.4192
05/09/2024 03:00:00,2650.0,820,1367,13.1669
05/09/2024 05:00:00,2650.0,820,1367,14.0012
05/09/2024 09:00:00,2650.0,820,1367,13.9304
05/09/2024 11:00:00,2650.0,820,1367,13.8838
05/09/2024 13:00:00,2650.0,820,1367,10.3361
05/09/2024 15:00:00,2650.0,820,1367,20.9327
05/09/2024 17:00:00,2650.0,820,1367,15.0515
05/09/2024 19:00:00,2650.0,820,1367,15.6575
05/09/2024 21:00:00,2650.0,820,1367,15.3329
05/09/2024 23:00:00,2650.0,820,1367,15.1804
05/08/2024 01:00:00,2724.0,824,1377,9.48
05/08/2024 03:00:00,2724.0,824,1377,9.6066
05/08/2024 05:00:00,2724.0,824,1377,9.5623
05/08/2024 07:00:00,2724.0,824,1377,13.6677
05/08/2024 09:00:00,2724.0,824,1377,8.6478
05/08/2024 11:00:00,2724.0,824,1377,9.4774
05/08/2024 13:00:00,2724.0,824,1377,10.1084
05/08/2024 15:00:00,2724.0,824,1377,8.9978
05/08/2024 17:00:00,2724.0,824,1377,9.6564
05/08/2024 19:00:00,2724.0,824,1377,18.0731
05/08/2024 21:00:00,2724.0,824,1377,42.6043
05/08/2024 23:00:00,2724.0,824,1377,0.0146
05/07/2024 01:00:00,2547.0,762,1362,8.8931
05/07/2024 03:00:00,2547.0,762,1362,0.0001
05/07/2024 05:00:00,2547.0,762,1362,8.5851
05/07/2024 07:00:00,2547.0,762,1362,13.8549
05/07/2024 09:00:00,2547.0,762,1362,0.0068
05/07/2024 11:00:00,2547.0,762,1362,0.0048
05/07/2024 13:00:00,2547.0,762,1362,0.0006
05/07/2024 15:00:00,2547.0,762,1362,-0.0029
05/07/2024 17:00:00,2547.0,762,1362,-1.9945
05/07/2024 19:00:00,2547.0,762,1362,4.7689
05/07/2024 21:00:00,2547.0,762,1362,9.7392
05/07/2024 23:00:00,2547.0,762,1362,9.1923
05/06/2024 01:00:00,2609.0,628,1319,-5.4928
05/06/2024 03:00:00,2609.0,628,1319,-5.3212
05/06/2024 05:00:00,2609.0,628,1319,8.3771
05/06/2024 07:00:00,2609.0,628,1319,0.0001
05/06/2024 09:00:00,2609.0,628,1319,-2.1021
05/06/2024 11:00:00,2609.0,628,1319,8.3323
05/06/2024 13:00:00,2609.0,628,1319,-2.1292
05/06/2024 15:00:00,2609.0,628,1319,-1.0
05/06/2024 17:00:00,2609.0,628,1319,8.0244
05/06/2024 19:00:00,2609.0,628,1319,8.5362
05/06/2024 21:00:00,2609.0,628,1319,42.0628
05/06/2024 23:00:00,2609.0,628,1319,14.8129
05/05/2024 01:00:00,2617.0,587,1290,0.0333
05/05/2024 03:00:00,2617.0,587,1290,0.0216
05/05/2024 05:00:00,2617.0,587,1290,0.3192
05/05/2024 07:00:00,2617.0,587,1290,0.7025
05/05/2024 09:00:00,2617.0,587,1290,0.0696
05/05/2024 11:00:00,2617.0,587,1290,0.0034
05/05/2024 13:00:00,2617.0,587,1290,0.0073
05/05/2024 15:00:00,2617.0,587,1290,-26.6734
05/05/2024 17:00:00,2617.0,587,1290,-0.9938
05/05/2024 19:00:00,2617.0,587,1290,8.4492
05/05/2024 21:00:00,2617.0,587,1290,9.0726
05/05/2024 23:00:00,2617.0,587,1290,8.4633
05/04/2024 01:00:00,2607.0,590,1300,1.1629
05/04/2024 03:00:00,2607.0,590,1300,8.9995
05/04/2024 05:00:00,2607.0,590,1300,14.4384
05/04/2024 07:00:00,2607.0,590,1300,31.5568
05/04/2024 09:00:00,2607.0,590,1300,13.2245
05/04/2024 11:00:00,2607.0,590,1300,21.6004
05/04/2024 13:00:00,2607.0,590,1300,9.2218
05/04/2024 15:00:00,2607.0,590,1300,7.8282
05/04/2024 17:00:00,2607.0,590,1300,0.0001
05/04/2024 19:00:00,2607.0,590,1300,11.7863
05/04/2024 21:00:00,2607.0,590,1300,13.948
05/04/2024 23:00:00,2607.0,590,1300,8.6406
05/03/2024 01:00:00,2669.0,728,1310,12.3685
05/03/2024 03:00:00,2669.0,728,1310,13.5281
05/03/2024 05:00:00,2669.0,728,1310,0.0828
05/03/2024 07:00:00,2669.0,728,1310,8.9588
05/03/2024 09:00:00,2669.0,728,1310,5.5784
05/03/2024 11:00:00,2669.0,728,1310,-0.9263
05/03/2024 13:00:00,2669.0,728,1310,0.0194
05/03/2024 15:00:00,2669.0,728,1310,0.0108
05/03/2024 17:00:00,2669.0,728,1310,-1.0123
05/03/2024 19:00:00,2669.0,728,1310,8.1164
05/03/2024 21:00:00,2669.0,728,1310,9.3242
05/03/2024 23:00:00,2669.0,728,1310,0.0249
05/02/2024 01:00:00,2717.0,704,1361,15.2876
05/02/2024 03:00:00,2717.0,704,1361,1.0557
05/02/2024 05:00:00,2717.0,704,1361,9.2813
05/02/2024 07:00:00,2717.0,704,1361,14.3733
05/02/2024 09:00:00,2717.0,704,1361,9.9738
05/02/2024 11:00:00,2717.0,704,1361,0.0695
05/02/2024 13:00:00,2717.0,704,1361,8.2589
05/02/2024 15:00:00,2717.0,704,1361,0.0172
05/02/2024 17:00:00,2717.0,704,1361,8.5886
05/02/2024 19:00:00,2717.0,704,1361,9.0774
05/02/2024 21:00:00,2717.0,704,1361,22.8776
05/01/2024 01:00:00,2643.0,656,1363,9.4618
05/01/2024 03:00:00,2643.0,656,1363,8.9932
05/01/2024 05:00:00,2643.0,656,1363,9.2942
05/01/2024 07:00:00,2643.0,656,1363,9.3463
05/01/2024 09:00:00,2643.0,656,1363,0.0116
05/01/2024 11:00:00,2643.0,656,1363,-5.4477
05/01/2024 13:00:00,2643.0,656,1363,0.0106
05/01/2024 15:00:00,2643.0,656,1363,8.8337
05/01/2024 17:00:00,2643.0,656,1363,7.6622
05/01/2024 19:00:00,2643.0,656,1363,9.9251
05/01/2024 21:00:00,2643.0,656,1363,12.9583
05/01/2024 23:00:00,2643.0,656,1363,17.7151
04/30/2024 01:00:00,2639.0,623,1384,8.092
04/30/2024 03:00:00,2639.0,623,1384,14.3016
04/30/2024 05:00:00,2639.0,623,1384,9.8318
04/30/2024 07:00:00,2639.0,623,1384,7.5692
04/30/2024 09:00:00,2639.0,623,1384,-1.5665
04/30/2024 11:00:00,2639.0,623,1384,6.4119
04/30/2024 13:00:00,2639.0,623,1384,12.8047
04/30/2024 15:00:00,2639.0,623,1384,8.5139
04/30/2024 17:00:00,2639.0,623,1384,0.0766
04/30/2024 19:00:00,2639.0,623,1384,0.0707
04/30/2024 21:00:00,2639.0,623,1384,8.2533
04/30/2024 23:00:00,2639.0,623,1384,16.3093
04/29/2024 01:00:00,2961.0,568,1344,10.2818
04/29/2024 03:00:00,2961.0,568,1344,7.3612
04/29/2024 05:00:00,2961.0,568,1344,10.033
04/29/2024 07:00:00,2961.0,568,1344,22.9239
04/29/2024 09:00:00,2961.0,568,1344,9.9347
04/29/2024 11:00:00,2961.0,568,1344,7.6245
04/29/2024 13:00:00,2961.0,568,1344,6.9168
04/29/2024 15:00:00,2961.0,568,1344,9.4676
04/29/2024 17:00:00,2961.0,568,1344,7.4293
04/29/2024 19:00:00,2961.0,568,1344,13.1359
04/29/2024 21:00:00,2961.0,568,1344,35.7909
04/29/2024 23:00:00,2961.0,568,1344,7.7374
04/28/2024 01:00:00,2720.0,639,1234,11.1166
04/28/2024 03:00:00,2720.0,639,1234,7.5355
04/28/2024 05:00:00,2720.0,639,1234,8.0144
04/28/2024 07:00:00,2720.0,639,1234,10.5353
04/28/2024 09:00:00,2720.0,639,1234,6.3003
04/28/2024 11:00:00,2720.0,639,1234,-26.2707
04/28/2024 13:00:00,2720.0,639,1234,-33.9106
04/28/2024 15:00:00,2720.0,639,1234,-0.0062
04/28/2024 17:00:00,2720.0,639,1234,-0.0012
04/28/2024 19:00:00,2720.0,639,1234,6.5003
04/28/2024 21:00:00,2720.0,639,1234,9.5144
04/28/2024 23:00:00,2720.0,639,1234,11.0722
04/27/2024 01:00:00,2623.0,485,984,8.0791
04/27/2024 03:00:00,2623.0,485,984,7.9759
04/27/2024 05:00:00,2623.0,485,984,6.7148
04/27/2024 07:00:00,2623.0,485,984,5.9092
04/27/2024 09:00:00,2623.0,485,984,6.764
04/27/2024 11:00:00,2623.0,485,984,7.1787
04/27/2024 13:00:00,2623.0,485,984,36.422
04/27/2024 15:00:00,2623.0,485,984,6.769
04/27/2024 17:00:00,2623.0,485,984,6.2916
04/27/2024 19:00:00,2623.0,485,984,6.5564
04/27/2024 21:00:00,2623.0,485,984,38.137
04/27/2024 23:00:00,2623.0,485,984,11.5274
04/26/2024 01:00:00,2478.0,352,903,7.837
04/26/2024 03:00:00,2478.0,352,903,7.4026
04/26/2024 05:00:00,2478.0,352,903,8.5041
04/26/2024 07:00:00,2478.0,352,903,10.1579
04/26/2024 09:00:00,2478.0,352,903,-0.0001
04/26/2024 11:00:00,2478.0,352,903,-40.3066
04/26/2024 13:00:00,2478.0,352,903,-2.0481
04/26/2024 17:00:00,2478.0,352,903,7.6268
04/26/2024 19:00:00,2478.0,352,903,11.1754
04/26/2024 21:00:00,2478.0,352,903,12.0094
04/26/2024 23:00:00,2478.0,352,903,0.0001
04/25/2024 01:00:00,2388.0,509,1089,1.3647
04/25/2024 03:00:00,2388.0,509,1089,0.7344
04/25/2024 05:00:00,2388.0,509,1089,22.2079
04/25/2024 07:00:00,2388.0,509,1089,36.4394
04/25/2024 09:00:00,2388.0,509,1089,12.844
04/25/2024 11:00:00,2388.0,509,1089,10.4671
04/25/2024 13:00:00,2388.0,509,1089,7.8476
04/25/2024 15:00:00,2388.0,509,1089,8.1008
04/25/2024 17:00:00,2388.0,509,1089,14.2157
04/25/2024 19:00:00,2388.0,509,1089,8.8047
04/25/2024 21:00:00,2388.0,509,1089,7.8253
04/25/2024 23:00:00,2388.0,509,1089,7.6318
04/24/2024 01:00:00,2210.0,474,1155,1.0345
04/24/2024 03:00:00,2210.0,474,1155,8.4269
04/24/2024 05:00:00,2210.0,474,1155,1.0406
04/24/2024 07:00:00,2210.0,474,1155,8.7534
04/24/2024 09:00:00,2210.0,474,1155,5.4195
04/24/2024 11:00:00,2210.0,474,1155,-0.3161
04/24/2024 13:00:00,2210.0,474,1155,5.8226
04/24/2024 15:00:00,2210.0,474,1155,16.5198
04/24/2024 17:00:00,2210.0,474,1155,6.3004
04/24/2024 19:00:00,2210.0,474,1155,14.6836
04/24/2024 21:00:00,2210.0,474,1155,12.1326
04/24/2024 23:00:00,2210.0,474,1155,8.1717
04/23/2024 01:00:00,2096.0,493,1326,17.864
04/23/2024 03:00:00,2096.0,493,1326,10.5611
04/23/2024 05:00:00,2096.0,493,1326,0.0236
04/23/2024 07:00:00,2096.0,493,1326,8.349
04/23/2024 09:00:00,2096.0,493,1326,13.1097
04/23/2024 11:00:00,2096.0,493,1326,6.9718
04/23/2024 13:00:00,2096.0,493,1326,15.8978
04/23/2024 15:00:00,2096.0,493,1326,10.9741
04/23/2024 17:00:00,2096.0,493,1326,34.7041
04/23/2024 23:00:00,2096.0,493,1326,0.0735
04/22/2024 01:00:00,2518.0,537,1370,0.0203
04/22/2024 03:00:00,2518.0,537,1370,1.7709
04/22/2024 05:00:00,2518.0,537,1370,0.0164
04/22/2024 07:00:00,2518.0,537,1370,11.7771
04/22/2024 09:00:00,2518.0,537,1370,7.9469
04/22/2024 11:00:00,2518.0,537,1370,0.0075
04/22/2024 13:00:00,2518.0,537,1370,8.1701
04/22/2024 15:00:00,2518.0,537,1370,11.8632
04/22/2024 17:00:00,2518.0,537,1370,8.8724
04/22/2024 19:00:00,2518.0,537,1370,13.0476
04/22/2024 21:00:00,2518.0,537,1370,27.5033
04/22/2024 23:00:00,2518.0,537,1370,12.4254
04/21/2024 01:00:00,2266.0,624,1195,12.7423
04/21/2024 03:00:00,2266.0,624,1195,14.9314
04/21/2024 05:00:00,2266.0,624,1195,19.354
04/21/2024 07:00:00,2266.0,624,1195,37.0098
04/21/2024 09:00:00,2266.0,624,1195,18.1434
04/21/2024 11:00:00,2266.0,624,1195,8.5034
04/21/2024 13:00:00,2266.0,624,1195,10.8094
04/21/2024 15:00:00,2266.0,624,1195,0.0019
04/21/2024 17:00:00,2266.0,624,1195,0.0032
04/21/2024 19:00:00,2266.0,624,1195,7.4734
04/21/2024 21:00:00,2266.0,624,1195,8.7804
04/21/2024 23:00:00,2266.0,624,1195,1.4213
04/20/2024 01:00:00,1887.0,337,870,18.9509
04/20/2024 03:00:00,1887.0,337,870,16.5615
04/20/2024 05:00:00,1887.0,337,870,15.2938
04/20/2024 07:00:00,1887.0,337,870,35.9176
04/20/2024 09:00:00,1887.0,337,870,16.5525
04/20/2024 11:00:00,1887.0,337,870,9.6735
04/20/2024 13:00:00,1887.0,337,870,14.3378
04/20/2024 15:00:00,1887.0,337,870,14.191
04/20/2024 17:00:00,1887.0,337,870,11.9381
04/20/2024 19:00:00,1887.0,337,870,17.7927
04/20/2024 21:00:00,1887.0,337,870,29.7188
04/20/2024 23:00:00,1887.0,337,870,19.5558
04/19/2024 01:00:00,1504.0,474,1119,18.1052
04/19/2024 03:00:00,1504.0,474,1119,21.7067
04/19/2024 05:00:00,1504.0,474,1119,36.1535
04/19/2024 07:00:00,1504.0,474,1119,10.8905
04/19/2024 09:00:00,1504.0,474,1119,8.7877
04/19/2024 11:00:00,1504.0,474,1119,9.0198
04/19/2024 13:00:00,1504.0,474,1119,19.4302
04/19/2024 15:00:00,1504.0,474,1119,12.0033
04/19/2024 17:00:00,1504.0,474,1119,34.2786
04/19/2024 19:00:00,1504.0,474,1119,20.6268
04/19/2024 21:00:00,1504.0,474,1119,8.7411
04/19/2024 23:00:00,1504.0,474,1119,13.8617
04/18/2024 01:00:00,1075.0,602,1235,0.091
04/18/2024 03:00:00,1075.0,602,1235,6.4279
04/18/2024 05:00:00,1075.0,602,1235,7.0269
04/18/2024 07:00:00,1075.0,602,1235,15.8411
04/18/2024 09:00:00,1075.0,602,1235,10.8937
04/18/2024 11:00:00,1075.0,602,1235,35.2398
04/18/2024 13:00:00,1075.0,602,1235,37.8729
04/18/2024 15:00:00,1075.0,602,1235,25.67
04/18/2024 17:00:00,1075.0,602,1235,30.837
04/18/2024 19:00:00,1075.0,602,1235,37.9112
04/18/2024 21:00:00,1075.0,602,1235,38.0847
04/18/2024 23:00:00,1075.0,602,1235,18.871
04/17/2024 01:00:00,1232.0,521,1238,17.9783
04/17/2024 03:00:00,1232.0,521,1238,8.0513
04/17/2024 05:00:00,1232.0,521,1238,10.2005
04/17/2024 07:00:00,1232.0,521,1238,26.4052
04/17/2024 09:00:00,1232.0,521,1238,9.1088
04/17/2024 11:00:00,1232.0,521,1238,7.16
04/17/2024 13:00:00,1232.0,521,1238,8.2747
04/17/2024 15:00:00,1232.0,521,1238,6.8412
04/17/2024 17:00:00,1232.0,521,1238,0.0088
04/17/2024 19:00:00,1232.0,521,1238,8.5427
04/17/2024 21:00:00,1232.0,521,1238,7.5432
04/17/2024 23:00:00,1232.0,521,1238,0.0211
04/16/2024 01:00:00,2351.0,475,1179,0.0198
04/16/2024 03:00:00,2351.0,475,1179,0.0188
04/16/2024 05:00:00,2351.0,475,1179,0.0177
04/16/2024 07:00:00,2351.0,475,1179,6.419
04/16/2024 09:00:00,2351.0,475,1179,0.0244
04/16/2024 11:00:00,2351.0,475,1179,-4.9495
04/16/2024 13:00:00,2351.0,475,1179,0.0079
04/16/2024 15:00:00,2351.0,475,1179,-2.165
04/16/2024 17:00:00,2351.0,475,1179,0.0049
04/16/2024 19:00:00,2351.0,475,1179,0.008
04/16/2024 21:00:00,2351.0,475,1179,38.5219
04/16/2024 23:00:00,2351.0,475,1179,39.0568
04/15/2024 05:00:00,2450.0,499,1047,6.9548
04/15/2024 07:00:00,2450.0,499,1047,31.4443
04/15/2024 09:00:00,2450.0,499,1047,6.1222
04/15/2024 11:00:00,2450.0,499,1047,6.7127
04/15/2024 13:00:00,2450.0,499,1047,0.0016
04/15/2024 15:00:00,2450.0,499,1047,0.1833
04/15/2024 17:00:00,2450.0,499,1047,0.0075
04/15/2024 19:00:00,2450.0,499,1047,0.061
04/15/2024 21:00:00,2450.0,499,1047,7.2626
04/15/2024 23:00:00,2450.0,499,1047,0.6326
04/14/2024 01:00:00,2372.0,465,1037,20.3787
04/14/2024 03:00:00,2372.0,465,1037,22.4586
04/14/2024 05:00:00,2372.0,465,1037,15.024
04/14/2024 07:00:00,2372.0,465,1037,16.4301
04/14/2024 09:00:00,2372.0,465,1037,6.2269
04/14/2024 11:00:00,2372.0,465,1037,6.1488
04/14/2024 13:00:00,2372.0,465,1037,6.6315
04/14/2024 15:00:00,2372.0,465,1037,0.0018
04/14/2024 17:00:00,2372.0,465,1037,0.0483
04/14/2024 19:00:00,2372.0,465,1037,6.1484
04/14/2024 21:00:00,2372.0,465,1037,7.7452
04/14/2024 23:00:00,2372.0,465,1037,0.0683
04/13/2024 01:00:00,2342.0,525,1012,2.0896
04/13/2024 03:00:00,2342.0,525,1012,0.6502
04/13/2024 05:00:00,2342.0,525,1012,7.4059
04/13/2024 07:00:00,2342.0,525,1012,7.6314
04/13/2024 09:00:00,2342.0,525,1012,0.0032
04/13/2024 11:00:00,2342.0,525,1012,0.0565
04/13/2024 13:00:00,2342.0,525,1012,0.006
04/13/2024 15:00:00,2342.0,525,1012,5.7497
04/13/2024 17:00:00,2342.0,525,1012,6.1709
04/13/2024 19:00:00,2342.0,525,1012,6.5589
04/13/2024 21:00:00,2342.0,525,1012,24.1289
04/13/2024 23:00:00,2342.0,525,1012,13.8839
04/12/2024 01:00:00,2320.0,501,1047,11.3084
04/12/2024 03:00:00,2320.0,501,1047,8.6997
04/12/2024 05:00:00,2320.0,501,1047,10.1002
04/12/2024 07:00:00,2320.0,501,1047,21.2216
04/12/2024 09:00:00,2320.0,501,1047,17.4512
04/12/2024 11:00:00,2320.0,501,1047,8.7721
04/12/2024 13:00:00,2320.0,501,1047,9.4436
04/12/2024 15:00:00,2320.0,501,1047,15.2091
04/12/2024 17:00:00,2320.0,501,1047,19.5876
04/12/2024 19:00:00,2320.0,501,1047,10.188
04/12/2024 21:00:00,2320.0,501,1047,8.8962
04/12/2024 23:00:00,2320.0,501,1047,0.0746
04/11/2024 01:00:00,2195.0,596,957,13.2587
04/11/2024 03:00:00,2195.0,596,957,14.6168
04/11/2024 05:00:00,2195.0,596,957,23.7474
04/11/2024 07:00:00,2195.0,596,957,40.0352
04/11/2024 09:00:00,2195.0,596,957,8.5871
04/11/2024 11:00:00,2195.0,596,957,8.9663
04/11/2024 13:00:00,2195.0,596,957,9.0597
04/11/2024 15:00:00,2195.0,596,957,9.9716
04/11/2024 17:00:00,2195.0,596,957,12.7947
04/11/2024 19:00:00,2195.0,596,957,20.0156
04/11/2024 21:00:00,2195.0,596,957,30.6291
04/11/2024 23:00:00,2195.0,596,957,12.7612
04/10/2024 01:00:00,2500.0,849,999,9.4922
04/10/2024 03:00:00,2500.0,849,999,9.4989
04/10/2024 05:00:00,2500.0,849,999,14.2173
04/10/2024 07:00:00,2500.0,849,999,13.458
04/10/2024 09:00:00,2500.0,849,999,9.8236
04/10/2024 11:00:00,2500.0,849,999,-5.335
04/10/2024 13:00:00,2500.0,849,999,0.0038
04/10/2024 15:00:00,2500.0,849,999,8.4488
04/10/2024 17:00:00,2500.0,849,999,0.0083
04/10/2024 19:00:00,2500.0,849,999,0.0062
04/10/2024 21:00:00,2500.0,849,999,14.1402
04/10/2024 23:00:00,2500.0,849,999,11.0132
04/09/2024 01:00:00,2318.0,482,902,14.5109
04/09/2024 03:00:00,2318.0,482,902,13.793
04/09/2024 05:00:00,2318.0,482,902,14.6021
04/09/2024 07:00:00,2318.0,482,902,22.9569
04/09/2024 09:00:00,2318.0,482,902,10.477
04/09/2024 11:00:00,2318.0,482,902,-2.0968
04/09/2024 13:00:00,2318.0,482,902,-5.0168
04/09/2024 15:00:00,2318.0,482,902,-0.0009
04/09/2024 17:00:00,2318.0,482,902,8.2732
04/09/2024 19:00:00,2318.0,482,902,12.224
04/09/2024 21:00:00,2318.0,482,902,8.4793
04/09/2024 23:00:00,2318.0,482,902,9.1976
04/08/2024 01:00:00,1510.0,588,834,10.1445
04/08/2024 03:00:00,1510.0,588,834,15.8799
04/08/2024 05:00:00,1510.0,588,834,13.1942
04/08/2024 07:00:00,1510.0,588,834,14.1577
04/08/2024 09:00:00,1510.0,588,834,0.0153
04/08/2024 11:00:00,1510.0,588,834,0.0113
04/08/2024 13:00:00,1510.0,588,834,8.2788
04/08/2024 15:00:00,1510.0,588,834,-0.0002
04/08/2024 17:00:00,1510.0,588,834,8.6644
04/08/2024 19:00:00,1510.0,588,834,35.0874
04/08/2024 21:00:00,1510.0,588,834,19.4242
04/08/2024 23:00:00,1510.0,588,834,8.7622
04/07/2024 01:00:00,1907.0,395,878,8.1101
04/07/2024 03:00:00,1907.0,395,878,8.4827
04/07/2024 05:00:00,1907.0,395,878,12.3788
04/07/2024 07:00:00,1907.0,395,878,8.604
04/07/2024 09:00:00,1907.0,395,878,0.017
04/07/2024 11:00:00,1907.0,395,878,-1.0157
04/07/2024 13:00:00,1907.0,395,878,0.0051
04/07/2024 15:00:00,1907.0,395,878,0.0052
04/07/2024 17:00:00,1907.0,395,878,0.0059
04/07/2024 19:00:00,1907.0,395,878,0.001
04/07/2024 21:00:00,1907.0,395,878,8.6606
04/07/2024 23:00:00,1907.0,395,878,8.6881
04/06/2024 01:00:00,2433.0,374,777,-5.5302
04/06/2024 03:00:00,2433.0,374,777,-5.6321
04/06/2024 05:00:00,2433.0,374,777,0.0153
04/06/2024 07:00:00,2433.0,374,777,0.0136
04/06/2024 09:00:00,2433.0,374,777,8.9806
04/06/2024 11:00:00,2433.0,374,777,0.0119
04/06/2024 13:00:00,2433.0,374,777,0.0105
04/06/2024 15:00:00,2433.0,374,777,0.0098
04/06/2024 17:00:00,2433.0,374,777,6.1537
04/06/2024 19:00:00,2433.0,374,777,35.1015
04/06/2024 21:00:00,2433.0,374,777,45.466
04/06/2024 23:00:00,2433.0,374,777,8.2519
04/05/2024 01:00:00,1763.0,367,746,-30.2515
04/05/2024 03:00:00,1763.0,367,746,0.6661
04/05/2024 05:00:00,1763.0,367,746,7.8274
04/05/2024 07:00:00,1763.0,367,746,10.401
04/05/2024 09:00:00,1763.0,367,746,10.5901
04/05/2024 11:00:00,1763.0,367,746,9.4006
04/05/2024 13:00:00,1763.0,367,746,4.6916
04/05/2024 15:00:00,1763.0,367,746,-36.4688
04/05/2024 17:00:00,1763.0,367,746,-41.0367
04/05/2024 19:00:00,1763.0,367,746,8.6656
04/05/2024 21:00:00,1763.0,367,746,8.7515
04/05/2024 23:00:00,1763.0,367,746,0.0138
04/04/2024 01:00:00,2096.0,324,909,16.6421
04/04/2024 03:00:00,2096.0,324,909,11.1739
04/04/2024 05:00:00,2096.0,324,909,9.4694
04/04/2024 07:00:00,2096.0,324,909,17.2391
04/04/2024 09:00:00,2096.0,324,909,8.4011
04/04/2024 11:00:00,2096.0,324,909,0.0051
04/04/2024 13:00:00,2096.0,324,909,7.4835
04/04/2024 15:00:00,2096.0,324,909,9.099
04/04/2024 17:00:00,2096.0,324,909,9.1226
04/04/2024 19:00:00,2096.0,324,909,0.0053
04/04/2024 21:00:00,2096.0,324,909,10.1093
04/04/2024 23:00:00,2096.0,324,909,0.0132
04/03/2024 01:00:00,2476.0,527,953,13.6332
04/03/2024 03:00:00,2476.0,527,953,9.5376
04/03/2024 05:00:00,2476.0,527,953,12.5844
04/03/2024 07:00:00,2476.0,527,953,13.3849
04/03/2024 09:00:00,2476.0,527,953,-0.0015
04/03/2024 11:00:00,2476.0,527,953,-2.1431
04/03/2024 13:00:00,2476.0,527,953,0.001
04/03/2024 15:00:00,2476.0,527,953,0.0026
04/03/2024 17:00:00,2476.0,527,953,0.0018
04/03/2024 19:00:00,2476.0,527,953,11.1204
04/03/2024 21:00:00,2476.0,527,953,27.6122
04/03/2024 23:00:00,2476.0,527,953,16.4573
04/02/2024 01:00:00,2535.0,567,870,56.1269
04/02/2024 03:00:00,2535.0,567,870,0.6985
04/02/2024 05:00:00,2535.0,567,870,0.0137
04/02/2024 07:00:00,2535.0,567,870,7.9056
04/02/2024 09:00:00,2535.0,567,870,0.772
04/02/2024 13:00:00,2535.0,567,870,-2.187
04/02/2024 15:00:00,2535.0,567,870,0.003
04/02/2024 17:00:00,2535.0,567,870,-2.0674
04/02/2024 19:00:00,2535.0,567,870,0.0035
04/02/2024 21:00:00,2535.0,567,870,17.0417
04/02/2024 23:00:00,2535.0,567,870,15.5587
04/01/2024 01:00:00,1829.0,504,802,16.7184
04/01/2024 03:00:00,1829.0,504,802,8.4233
04/01/2024 05:00:00,1829.0,504,802,15.1981
04/01/2024 07:00:00,1829.0,504,802,35.7431
04/01/2024 09:00:00,1829.0,504,802,12.231
04/01/2024 11:00:00,1829.0,504,802,0.0067
04/01/2024 13:00:00,1829.0,504,802,7.3248
04/01/2024 15:00:00,1829.0,504,802,7.5241
04/01/2024 17:00:00,1829.0,504,802,7.3791
04/01/2024 19:00:00,1829.0,504,802,7.7773
04/01/2024 21:00:00,1829.0,504,802,49.8087
04/01/2024 23:00:00,1829.0,504,802,7.893
03/31/2024 01:00:00,1202.0,329,796,15.3294
03/31/2024 03:00:00,1202.0,329,796,10.6088
03/31/2024 05:00:00,1202.0,329,796,37.5677
03/31/2024 07:00:00,1202.0,329,796,40.5019
03/31/2024 09:00:00,1202.0,329,796,17.1227
03/31/2024 11:00:00,1202.0,329,796,11.7131
03/31/2024 13:00:00,1202.0,329,796,8.5205
03/31/2024 15:00:00,1202.0,329,796,0.006
03/31/2024 17:00:00,1202.0,329,796,0.0096
03/31/2024 19:00:00,1202.0,329,796,-0.0036
03/31/2024 21:00:00,1202.0,329,796,9.9742
03/31/2024 23:00:00,1202.0,329,796,10.6425
03/30/2024 01:00:00,840.0,326,730,10.8235
03/30/2024 03:00:00,840.0,326,730,11.2724
03/30/2024 05:00:00,840.0,326,730,27.8364
03/30/2024 07:00:00,840.0,326,730,15.4417
03/30/2024 09:00:00,840.0,326,730,12.5018
03/30/2024 11:00:00,840.0,326,730,0.0093
03/30/2024 13:00:00,840.0,326,730,0.0036
03/30/2024 15:00:00,840.0,326,730,-26.1678
03/30/2024 17:00:00,840.0,326,730,0.0052
03/30/2024 19:00:00,840.0,326,730,9.8593
03/30/2024 21:00:00,840.0,326,730,8.9084
03/30/2024 23:00:00,840.0,326,730,14.8251
03/29/2024 01:00:00,1362.0,319,774,10.1857
03/29/2024 03:00:00,1362.0,319,774,10.3209
03/29/2024 05:00:00,1362.0,319,774,12.2254
03/29/2024 07:00:00,1362.0,319,774,13.8319
03/29/2024 09:00:00,1362.0,319,774,10.3119
03/29/2024 11:00:00,1362.0,319,774,0.0095
03/29/2024 13:00:00,1362.0,319,774,7.0498
03/29/2024 15:00:00,1362.0,319,774,10.5614
03/29/2024 17:00:00,1362.0,319,774,13.9692
03/29/2024 19:00:00,1362.0,319,774,10.6319
03/29/2024 21:00:00,1362.0,319,774,7.3166
03/29/2024 23:00:00,1362.0,319,774,13.1338
03/28/2024 01:00:00,2121.0,362,849,13.0594
03/28/2024 03:00:00,2121.0,362,849,23.9169
03/28/2024 05:00:00,2121.0,362,849,15.4067
03/28/2024 07:00:00,2121.0,362,849,23.3167
03/28/2024 09:00:00,2121.0,362,849,16.7935
03/28/2024 11:00:00,2121.0,362,849,11.8346
03/28/2024 13:00:00,2121.0,362,849,10.0028
03/28/2024 15:00:00,2121.0,362,849,7.666
03/28/2024 17:00:00,2121.0,362,849,0.0091
03/28/2024 19:00:00,2121.0,362,849,8.2458
03/28/2024 21:00:00,2121.0,362,849,13.7882
03/28/2024 23:00:00,2121.0,362,849,10.3665
03/27/2024 01:00:00,2374.0,381,868,11.3973
03/27/2024 03:00:00,2374.0,381,868,13.1261
03/27/2024 05:00:00,2374.0,381,868,16.3946
03/27/2024 07:00:00,2374.0,381,868,24.4178
03/27/2024 09:00:00,2374.0,381,868,19.0396
03/27/2024 11:00:00,2374.0,381,868,11.6309
03/27/2024 13:00:00,2374.0,381,868,11.1566
03/27/2024 15:00:00,2374.0,381,868,11.0695
03/27/2024 17:00:00,2374.0,381,868,11.0216
03/27/2024 19:00:00,2374.0,381,868,11.1948
03/27/2024 21:00:00,2374.0,381,868,14.5692
03/27/2024 23:00:00,2374.0,381,868,11.8726
03/26/2024 01:00:00,2331.0,384,806,14.1034
03/26/2024 03:00:00,2331.0,384,806,12.9548
03/26/2024 05:00:00,2331.0,384,806,15.3721
03/26/2024 07:00:00,2331.0,384,806,43.9356
03/26/2024 09:00:00,2331.0,384,806,19.1911
03/26/2024 11:00:00,2331.0,384,806,12.1977
03/26/2024 13:00:00,2331.0,384,806,11.1225
03/26/2024 15:00:00,2331.0,384,806,9.3047
03/26/2024 17:00:00,2331.0,384,806,8.5718
03/26/2024 19:00:00,2331.0,384,806,18.8608
03/26/2024 21:00:00,2331.0,384,806,11.8256
03/26/2024 23:00:00,2331.0,384,806,11.9466
03/25/2024 01:00:00,1860.0,407,842,35.3434
03/25/2024 03:00:00,1860.0,407,842,33.9596
03/25/2024 05:00:00,1860.0,407,842,166.0937
03/25/2024 07:00:00,1860.0,407,842,29.1733
03/25/2024 09:00:00,1860.0,407,842,28.812
03/25/2024 11:00:00,1860.0,407,842,8.8926
03/25/2024 13:00:00,1860.0,407,842,7.8994
03/25/2024 15:00:00,1860.0,407,842,6.9431
03/25/2024 17:00:00,1860.0,407,842,7.7323
03/25/2024 19:00:00,1860.0,407,842,14.7652
03/25/2024 21:00:00,1860.0,407,842,18.6697
03/25/2024 23:00:00,1860.0,407,842,16.9399
03/24/2024 01:00:00,2007.0,383,816,8.2037
03/24/2024 03:00:00,2007.0,383,816,9.4655
03/24/2024 05:00:00,2007.0,383,816,20.5057
03/24/2024 07:00:00,2007.0,383,816,34.2057
03/24/2024 09:00:00,2007.0,383,816,18.0108
03/24/2024 11:00:00,2007.0,383,816,13.5469
03/24/2024 13:00:00,2007.0,383,816,17.0898
03/24/2024 15:00:00,2007.0,383,816,7.8992
03/24/2024 17:00:00,2007.0,383,816,7.6289
03/24/2024 19:00:00,2007.0,383,816,8.8526
03/24/2024 21:00:00,2007.0,383,816,10.8941
03/24/2024 23:00:00,2007.0,383,816,9.647
03/23/2024 01:00:00,1560.0,383,736,48.1041
03/23/2024 03:00:00,1560.0,383,736,162.4602
03/23/2024 05:00:00,1560.0,383,736,163.1247
03/23/2024 07:00:00,1560.0,383,736,9.4063
03/23/2024 09:00:00,1560.0,383,736,7.1605
03/23/2024 11:00:00,1560.0,383,736,0.0157
03/23/2024 13:00:00,1560.0,383,736,0.0193
03/23/2024 15:00:00,1560.0,383,736,-2.1202
03/23/2024 17:00:00,1560.0,383,736,12.4404
03/23/2024 19:00:00,1560.0,383,736,7.9907
03/23/2024 21:00:00,1560.0,383,736,14.2324
03/23/2024 23:00:00,1560.0,383,736,10.8167
03/22/2024 01:00:00,1412.0,313,834,7.4754
03/22/2024 03:00:00,1412.0,313,834,0.0156
03/22/2024 05:00:00,1412.0,313,834,7.2556
03/22/2024 07:00:00,1412.0,313,834,10.833
03/22/2024 09:00:00,1412.0,313,834,9.9466
03/22/2024 11:00:00,1412.0,313,834,7.9548
03/22/2024 13:00:00,1412.0,313,834,9.2115
03/22/2024 15:00:00,1412.0,313,834,8.3649
03/22/2024 17:00:00,1412.0,313,834,0.0021
03/22/2024 19:00:00,1412.0,313,834,0.0088
03/22/2024 21:00:00,1412.0,313,834,8.8977
03/22/2024 23:00:00,1412.0,313,834,7.5419
03/21/2024 01:00:00,2244.0,436,897,9.9317
03/21/2024 03:00:00,2244.0,436,897,8.8455
03/21/2024 05:00:00,2244.0,436,897,15.2893
03/21/2024 07:00:00,2244.0,436,897,19.1364
03/21/2024 09:00:00,2244.0,436,897,13.8653
03/21/2024 11:00:00,2244.0,436,897,8.8666
03/21/2024 13:00:00,2244.0,436,897,7.8733
03/21/2024 15:00:00,2244.0,436,897,-0.0018
03/21/2024 17:00:00,2244.0,436,897,-0.0066
03/21/2024 19:00:00,2244.0,436,897,8.4071
03/21/2024 21:00:00,2244.0,436,897,17.9298
03/21/2024 23:00:00,2244.0,436,897,9.9764
03/20/2024 01:00:00,1870.0,347,849,9.3011
03/20/2024 03:00:00,1870.0,347,849,0.014
03/20/2024 05:00:00,1870.0,347,849,9.65
03/20/2024 07:00:00,1870.0,347,849,26.8522
03/20/2024 09:00:00,1870.0,347,849,16.7931
03/20/2024 11:00:00,1870.0,347,849,0.0122
03/20/2024 13:00:00,1870.0,347,849,8.5996
03/20/2024 15:00:00,1870.0,347,849,9.7473
03/20/2024 17:00:00,1870.0,347,849,8.9339
03/20/2024 19:00:00,1870.0,347,849,12.6195
03/20/2024 21:00:00,1870.0,347,849,10.2543
03/20/2024 23:00:00,1870.0,347,849,10.3588
03/19/2024 01:00:00,1639.0,325,837,9.1427
03/19/2024 03:00:00,1639.0,325,837,9.01
03/19/2024 05:00:00,1639.0,325,837,13.4332
03/19/2024 07:00:00,1639.0,325,837,39.0679
03/19/2024 09:00:00,1639.0,325,837,9.0276
03/19/2024 11:00:00,1639.0,325,837,8.4478
03/19/2024 13:00:00,1639.0,325,837,13.0357
03/19/2024 15:00:00,1639.0,325,837,10.4934
03/19/2024 17:00:00,1639.0,325,837,7.8204
03/19/2024 19:00:00,1639.0,325,837,12.6567
03/19/2024 21:00:00,1639.0,325,837,16.2533
03/19/2024 23:00:00,1639.0,325,837,11.68
03/18/2024 01:00:00,1616.0,460,844,14.0665
03/18/2024 03:00:00,1616.0,460,844,18.2985
03/18/2024 05:00:00,1616.0,460,844,23.3156
03/18/2024 07:00:00,1616.0,460,844,31.7021
03/18/2024 09:00:00,1616.0,460,844,19.5726
03/18/2024 11:00:00,1616.0,460,844,14.0534
03/18/2024 13:00:00,1616.0,460,844,12.7574
03/18/2024 15:00:00,1616.0,460,844,13.2429
03/18/2024 17:00:00,1616.0,460,844,10.572
03/18/2024 19:00:00,1616.0,460,844,13.3063
03/18/2024 21:00:00,1616.0,460,844,48.7865
03/18/2024 23:00:00,1616.0,460,844,9.579
03/17/2024 01:00:00,933.0,490,838,14.9349
03/17/2024 03:00:00,933.0,490,838,18.2625
03/17/2024 05:00:00,933.0,490,838,23.4632
03/17/2024 07:00:00,933.0,490,838,42.9454
03/17/2024 09:00:00,933.0,490,838,18.5296
03/17/2024 11:00:00,933.0,490,838,8.823
03/17/2024 13:00:00,933.0,490,838,8.4555
03/17/2024 15:00:00,933.0,490,838,8.3679
03/17/2024 17:00:00,933.0,490,838,7.6018
03/17/2024 19:00:00,933.0,490,838,12.7281
03/17/2024 21:00:00,933.0,490,838,13.0846
03/17/2024 23:00:00,933.0,490,838,17.1188
03/16/2024 01:00:00,1803.0,389,745,13.6622
03/16/2024 03:00:00,1803.0,389,745,0.0377
03/16/2024 05:00:00,1803.0,389,745,8.7525
03/16/2024 07:00:00,1803.0,389,745,9.054
03/16/2024 09:00:00,1803.0,389,745,8.2337
03/16/2024 11:00:00,1803.0,389,745,0.0218
03/16/2024 13:00:00,1803.0,389,745,0.0151
03/16/2024 15:00:00,1803.0,389,745,7.7654
03/16/2024 17:00:00,1803.0,389,745,13.9522
03/16/2024 19:00:00,1803.0,389,745,45.1797
03/16/2024 21:00:00,1803.0,389,745,45.0654
03/16/2024 23:00:00,1803.0,389,745,14.1013
03/15/2024 01:00:00,1523.0,619,765,14.0446
03/15/2024 03:00:00,1523.0,619,765,13.1942
03/15/2024 05:00:00,1523.0,619,765,15.5135
03/15/2024 07:00:00,1523.0,619,765,20.6304
03/15/2024 09:00:00,1523.0,619,765,22.3854
03/15/2024 11:00:00,1523.0,619,765,20.4197
03/15/2024 13:00:00,1523.0,619,765,14.9221
03/15/2024 15:00:00,1523.0,619,765,10.7194
03/15/2024 17:00:00,1523.0,619,765,8.2735
03/15/2024 19:00:00,1523.0,619,765,7.8713
03/15/2024 21:00:00,1523.0,619,765,13.1576
03/15/2024 23:00:00,1523.0,619,765,14.3171
03/14/2024 01:00:00,2135.0,417,782,8.9049
03/14/2024 03:00:00,2135.0,417,782,0.0225
03/14/2024 05:00:00,2135.0,417,782,0.0235
03/14/2024 07:00:00,2135.0,417,782,0.0277
03/14/2024 09:00:00,2135.0,417,782,8.6235
03/14/2024 11:00:00,2135.0,417,782,-1.1181
03/14/2024 13:00:00,2135.0,417,782,0.0099
03/14/2024 15:00:00,2135.0,417,782,-1.054
03/14/2024 17:00:00,2135.0,417,782,7.2253
03/14/2024 19:00:00,2135.0,417,782,11.7949
03/14/2024 21:00:00,2135.0,417,782,14.1596
03/14/2024 23:00:00,2135.0,417,782,12.0703
03/13/2024 01:00:00,2172.0,535,883,8.8452
03/13/2024 03:00:00,2172.0,535,883,9.1258
03/13/2024 05:00:00,2172.0,535,883,17.3007
03/13/2024 07:00:00,2172.0,535,883,18.9609
03/13/2024 09:00:00,2172.0,535,883,9.027
03/13/2024 11:00:00,2172.0,535,883,6.8081
03/13/2024 13:00:00,2172.0,535,883,7.3086
03/13/2024 15:00:00,2172.0,535,883,0.0013
03/13/2024 17:00:00,2172.0,535,883,7.7999
03/13/2024 19:00:00,2172.0,535,883,13.7922
03/13/2024 21:00:00,2172.0,535,883,13.9953
03/13/2024 23:00:00,2172.0,535,883,8.3693
03/12/2024 01:00:00,2165.0,416,838,18.1442
03/12/2024 03:00:00,2165.0,416,838,10.0243
03/12/2024 05:00:00,2165.0,416,838,0.0105
03/12/2024 07:00:00,2165.0,416,838,19.1583
03/12/2024 09:00:00,2165.0,416,838,15.612
03/12/2024 11:00:00,2165.0,416,838,0.0199
03/12/2024 13:00:00,2165.0,416,838,8.7531
03/12/2024 15:00:00,2165.0,416,838,9.8498
03/12/2024 17:00:00,2165.0,416,838,13.6208
03/12/2024 21:00:00,2165.0,416,838,9.9241
03/12/2024 23:00:00,2165.0,416,838,9.002
03/11/2024 01:00:00,2168.0,407,834,9.0455
03/11/2024 03:00:00,2168.0,407,834,9.649
03/11/2024 05:00:00,2168.0,407,834,10.3465
03/11/2024 07:00:00,2168.0,407,834,11.6854
03/11/2024 09:00:00,2168.0,407,834,16.5167
03/11/2024 11:00:00,2168.0,407,834,15.0615
03/11/2024 13:00:00,2168.0,407,834,16.4071
03/11/2024 15:00:00,2168.0,407,834,14.6152
03/11/2024 17:00:00,2168.0,407,834,8.0065
03/11/2024 19:00:00,2168.0,407,834,18.5251
03/11/2024 21:00:00,2168.0,407,834,18.1428
03/11/2024 23:00:00,2168.0,407,834,17.4249
03/10/2024 01:00:00,2172.0,424,838,15.1963
03/10/2024 03:00:00,2172.0,424,838,11.87
03/10/2024 07:00:00,2172.0,424,838,19.5165
03/10/2024 09:00:00,2172.0,424,838,16.6448
03/10/2024 11:00:00,2172.0,424,838,9.3945
03/10/2024 13:00:00,2172.0,424,838,0.0038
03/10/2024 15:00:00,2172.0,424,838,7.0502
03/10/2024 17:00:00,2172.0,424,838,0.0056
03/10/2024 19:00:00,2172.0,424,838,18.2122
03/10/2024 21:00:00,2172.0,424,838,16.8968
03/10/2024 23:00:00,2172.0,424,838,10.4286
03/09/2024 01:00:00,2155.0,410,718,19.1393
03/09/2024 03:00:00,2155.0,410,718,16.9979
03/09/2024 05:00:00,2155.0,410,718,15.8402
03/09/2024 07:00:00,2155.0,410,718,18.4487
03/09/2024 09:00:00,2155.0,410,718,13.116
03/09/2024 11:00:00,2155.0,410,718,10.2314
03/09/2024 13:00:00,2155.0,410,718,9.6919
03/09/2024 15:00:00,2155.0,410,718,9.2092
03/09/2024 17:00:00,2155.0,410,718,8.6339
03/09/2024 19:00:00,2155.0,410,718,28.5923
03/09/2024 21:00:00,2155.0,410,718,11.8384
03/09/2024 23:00:00,2155.0,410,718,15.0324
03/08/2024 01:00:00,1749.0,430,753,22.8344
03/08/2024 03:00:00,1749.0,430,753,24.9021
03/08/2024 05:00:00,1749.0,430,753,24.9226
03/08/2024 07:00:00,1749.0,430,753,27.5933
03/08/2024 09:00:00,1749.0,430,753,20.4117
03/08/2024 11:00:00,1749.0,430,753,14.446
03/08/2024 13:00:00,1749.0,430,753,15.0492
03/08/2024 15:00:00,1749.0,430,753,16.8264
03/08/2024 17:00:00,1749.0,430,753,15.7921
03/08/2024 19:00:00,1749.0,430,753,17.9769
03/08/2024 21:00:00,1749.0,430,753,17.8769
03/08/2024 23:00:00,1749.0,430,753,20.4992
03/07/2024 01:00:00,1915.0,392,814,14.9373
03/07/2024 03:00:00,1915.0,392,814,15.1133
03/07/2024 05:00:00,1915.0,392,814,14.5462
03/07/2024 07:00:00,1915.0,392,814,17.3652
03/07/2024 09:00:00,1915.0,392,814,14.5787
03/07/2024 11:00:00,1915.0,392,814,10.4914
03/07/2024 13:00:00,1915.0,392,814,14.8651
03/07/2024 15:00:00,1915.0,392,814,17.8404
03/07/2024 17:00:00,1915.0,392,814,17.7488
03/07/2024 19:00:00,1915.0,392,814,25.5884
03/07/2024 21:00:00,1915.0,392,814,25.139
03/07/2024 23:00:00,1915.0,392,814,19.0908
03/06/2024 01:00:00,1779.0,420,806,8.1994
03/06/2024 03:00:00,1779.0,420,806,12.5307
03/06/2024 05:00:00,1779.0,420,806,14.3959
03/06/2024 07:00:00,1779.0,420,806,21.1734
03/06/2024 09:00:00,1779.0,420,806,8.7461
03/06/2024 11:00:00,1779.0,420,806,9.7038
03/06/2024 13:00:00,1779.0,420,806,10.9367
03/06/2024 15:00:00,1779.0,420,806,14.1031
03/06/2024 17:00:00,1779.0,420,806,19.2118
03/06/2024 19:00:00,1779.0,420,806,18.5885
03/06/2024 21:00:00,1779.0,420,806,14.3386
03/06/2024 23:00:00,1779.0,420,806,16.3848
03/05/2024 01:00:00,1507.0,605,842,0.0177
03/05/2024 03:00:00,1507.0,605,842,9.0703
03/05/2024 05:00:00,1507.0,605,842,10.3358
03/05/2024 07:00:00,1507.0,605,842,27.4915
03/05/2024 09:00:00,1507.0,605,842,11.9598
03/05/2024 11:00:00,1507.0,605,842,9.7628
03/05/2024 13:00:00,1507.0,605,842,8.826
03/05/2024 15:00:00,1507.0,605,842,0.0089
03/05/2024 17:00:00,1507.0,605,842,10.7178
03/05/2024 19:00:00,1507.0,605,842,17.8797
03/05/2024 21:00:00,1507.0,605,842,12.5592
03/05/2024 23:00:00,1507.0,605,842,9.5791
03/04/2024 01:00:00,2129.0,404,817,8.7918
03/04/2024 03:00:00,2129.0,404,817,8.6417
03/04/2024 05:00:00,2129.0,404,817,9.575
03/04/2024 07:00:00,2129.0,404,817,27.4631
03/04/2024 09:00:00,2129.0,404,817,15.8531
03/04/2024 11:00:00,2129.0,404,817,14.4165
03/04/2024 13:00:00,2129.0,404,817,19.0279
03/04/2024 15:00:00,2129.0,404,817,9.0819
03/04/2024 17:00:00,2129.0,404,817,8.6211
03/04/2024 19:00:00,2129.0,404,817,28.7423
03/04/2024 21:00:00,2129.0,404,817,13.3855
03/04/2024 23:00:00,2129.0,404,817,8.4501
03/03/2024 01:00:00,2258.0,430,809,42.4243
03/03/2024 03:00:00,2258.0,430,809,0.0266
03/03/2024 05:00:00,2258.0,430,809,0.0277
03/03/2024 07:00:00,2258.0,430,809,8.5991
03/03/2024 09:00:00,2258.0,430,809,0.0242
03/03/2024 11:00:00,2258.0,430,809,-2.1396
03/03/2024 13:00:00,2258.0,430,809,8.8744
03/03/2024 15:00:00,2258.0,430,809,0.0093
03/03/2024 17:00:00,2258.0,430,809,0.0063
03/03/2024 19:00:00,2258.0,430,809,16.8415
03/03/2024 21:00:00,2258.0,430,809,14.3221
03/03/2024 23:00:00,2258.0,430,809,14.8602
03/02/2024 01:00:00,2175.0,352,726,13.5358
03/02/2024 03:00:00,2175.0,352,726,14.0678
03/02/2024 05:00:00,2175.0,352,726,16.4099
03/02/2024 07:00:00,2175.0,352,726,27.0375
03/02/2024 09:00:00,2175.0,352,726,9.0873
03/02/2024 11:00:00,2175.0,352,726,-27.1208
03/02/2024 13:00:00,2175.0,352,726,-2.0882
03/02/2024 15:00:00,2175.0,352,726,-40.4836
03/02/2024 17:00:00,2175.0,352,726,0.0137
03/02/2024 19:00:00,2175.0,352,726,14.4465
03/02/2024 21:00:00,2175.0,352,726,16.857
03/02/2024 23:00:00,2175.0,352,726,50.3134
03/01/2024 01:00:00,2094.0,432,757,16.2062
03/01/2024 03:00:00,2094.0,432,757,14.7278
03/01/2024 05:00:00,2094.0,432,757,15.7037
03/01/2024 07:00:00,2094.0,432,757,26.9982
03/01/2024 09:00:00,2094.0,432,757,14.8673
03/01/2024 11:00:00,2094.0,432,757,15.045
03/01/2024 13:00:00,2094.0,432,757,14.4643
03/01/2024 15:00:00,2094.0,432,757,14.3415
03/01/2024 17:00:00,2094.0,432,757,9.8716
03/01/2024 19:00:00,2094.0,432,757,20.0999
03/01/2024 21:00:00,2094.0,432,757,15.3752
03/01/2024 23:00:00,2094.0,432,757,14.4866
