timestamp,solar_generation,net_generation,demand,LMP
03/01/2025 01:00:00,0.0,,227,57.1481
03/01/2025 03:00:00,0.0,,227,23.1468
03/01/2025 05:00:00,0.0,,227,23.0326
03/01/2025 07:00:00,0.0,,227,57.0764
03/01/2025 13:00:00,0.0,,227,18.3433
03/01/2025 15:00:00,0.0,,227,17.2292
03/01/2025 17:00:00,0.0,,227,17.0764
03/01/2025 19:00:00,0.0,,227,49.7309
03/01/2025 21:00:00,0.0,,227,18.1094
03/01/2025 23:00:00,0.0,,227,19.1812
02/28/2025 03:00:00,4121.0,833,310,15.8241
02/28/2025 07:00:00,4121.0,833,310,20.6716
02/28/2025 09:00:00,4121.0,833,310,-38.4719
02/28/2025 11:00:00,4121.0,833,310,-21.7197
02/28/2025 15:00:00,4121.0,833,310,-21.2495
02/28/2025 19:00:00,4121.0,833,310,50.8576
02/28/2025 21:00:00,4121.0,833,310,38.3208
02/28/2025 23:00:00,4121.0,833,310,32.7442
02/27/2025 01:00:00,3525.0,801,364,24.4826
02/27/2025 03:00:00,3525.0,801,364,18.8382
02/27/2025 05:00:00,3525.0,801,364,20.0139
02/27/2025 07:00:00,3525.0,801,364,24.2767
02/27/2025 09:00:00,3525.0,801,364,17.5514
02/27/2025 19:00:00,3525.0,801,364,44.888
02/27/2025 21:00:00,3525.0,801,364,19.8086
02/26/2025 03:00:00,4343.0,887,385,-30.9017
02/26/2025 07:00:00,4343.0,887,385,19.29
02/26/2025 09:00:00,4343.0,887,385,-30.3156
02/26/2025 11:00:00,4343.0,887,385,-39.789
02/26/2025 13:00:00,4343.0,887,385,-2.1217
02/26/2025 19:00:00,4343.0,887,385,24.8864
02/26/2025 21:00:00,4343.0,887,385,37.0174
02/26/2025 23:00:00,4343.0,887,385,30.95
02/25/2025 01:00:00,543.0,762,0,19.0034
02/25/2025 03:00:00,543.0,762,0,18.7728
02/25/2025 05:00:00,543.0,762,0,17.0293
02/25/2025 07:00:00,543.0,762,0,21.7756
02/25/2025 09:00:00,543.0,762,0,-42.9042
02/25/2025 11:00:00,543.0,762,0,0.0047
02/25/2025 13:00:00,543.0,762,0,0.0031
02/25/2025 15:00:00,543.0,762,0,-29.9022
02/25/2025 17:00:00,543.0,762,0,0.0037
02/25/2025 21:00:00,543.0,762,0,18.77
02/25/2025 23:00:00,543.0,762,0,0.0141
02/24/2025 01:00:00,4349.0,762,428,20.4635
02/24/2025 03:00:00,4349.0,762,428,20.843
02/24/2025 05:00:00,4349.0,762,428,22.3659
02/24/2025 07:00:00,4349.0,762,428,27.6704
02/24/2025 09:00:00,4349.0,762,428,0.0057
02/24/2025 11:00:00,4349.0,762,428,-29.6025
02/24/2025 15:00:00,4349.0,762,428,-2.0987
02/24/2025 17:00:00,4349.0,762,428,0.0008
02/24/2025 19:00:00,4349.0,762,428,29.471
02/24/2025 21:00:00,4349.0,762,428,24.5091
02/24/2025 23:00:00,4349.0,762,428,20.6842
02/23/2025 01:00:00,4228.0,930,388,23.7851
02/23/2025 03:00:00,4228.0,930,388,22.2336
02/23/2025 05:00:00,4228.0,930,388,20.4118
02/23/2025 07:00:00,4228.0,930,388,23.3203
02/23/2025 09:00:00,4228.0,930,388,0.0199
02/23/2025 15:00:00,4228.0,930,388,0.0028
02/23/2025 17:00:00,4228.0,930,388,11.6102
02/23/2025 19:00:00,4228.0,930,388,45.3925
02/23/2025 21:00:00,4228.0,930,388,0.0125
02/23/2025 23:00:00,4228.0,930,388,23.0692
02/22/2025 01:00:00,3535.0,723,303,26.9577
02/22/2025 03:00:00,3535.0,723,303,20.7286
02/22/2025 05:00:00,3535.0,723,303,25.2783
02/22/2025 07:00:00,3535.0,723,303,26.4727
02/22/2025 09:00:00,3535.0,723,303,0.015
02/22/2025 11:00:00,3535.0,723,303,0.0061
02/22/2025 13:00:00,3535.0,723,303,18.857
02/22/2025 15:00:00,3535.0,723,303,0.0026
02/22/2025 17:00:00,3535.0,723,303,0.0077
02/22/2025 19:00:00,3535.0,723,303,34.3548
02/22/2025 21:00:00,3535.0,723,303,24.6025
02/22/2025 23:00:00,3535.0,723,303,27.3799
02/21/2025 01:00:00,5393.0,831,337,25.4621
02/21/2025 03:00:00,5393.0,831,337,30.2381
02/21/2025 05:00:00,5393.0,831,337,53.9265
02/21/2025 07:00:00,5393.0,831,337,68.0322
02/21/2025 09:00:00,5393.0,831,337,29.5878
02/21/2025 11:00:00,5393.0,831,337,20.5895
02/21/2025 13:00:00,5393.0,831,337,0.0023
02/21/2025 15:00:00,5393.0,831,337,13.8994
02/21/2025 17:00:00,5393.0,831,337,0.0034
02/21/2025 19:00:00,5393.0,831,337,39.8769
02/21/2025 21:00:00,5393.0,831,337,42.809
02/21/2025 23:00:00,5393.0,831,337,21.9585
02/20/2025 01:00:00,5152.0,831,337,29.7433
02/20/2025 03:00:00,5152.0,831,337,28.4355
02/20/2025 05:00:00,5152.0,831,337,28.5482
02/20/2025 07:00:00,5152.0,831,337,40.0652
02/20/2025 09:00:00,5152.0,831,337,23.1896
02/20/2025 11:00:00,5152.0,831,337,16.1651
02/20/2025 13:00:00,5152.0,831,337,0.0105
02/20/2025 15:00:00,5152.0,831,337,0.0041
02/20/2025 17:00:00,5152.0,831,337,26.028
02/20/2025 19:00:00,5152.0,831,337,28.2298
02/20/2025 21:00:00,5152.0,831,337,28.3834
02/20/2025 23:00:00,5152.0,831,337,25.2996
02/19/2025 01:00:00,4790.0,731,337,36.5466
02/19/2025 03:00:00,4790.0,731,337,36.0515
02/19/2025 05:00:00,4790.0,731,337,35.7835
02/19/2025 07:00:00,4790.0,731,337,59.8042
02/19/2025 09:00:00,4790.0,731,337,38.6237
02/19/2025 11:00:00,4790.0,731,337,29.6782
02/19/2025 13:00:00,4790.0,731,337,26.8767
02/19/2025 15:00:00,4790.0,731,337,23.8912
02/19/2025 17:00:00,4790.0,731,337,25.9503
02/19/2025 19:00:00,4790.0,731,337,52.7048
02/19/2025 21:00:00,4790.0,731,337,50.2241
02/19/2025 23:00:00,4790.0,731,337,35.5023
02/18/2025 01:00:00,4952.0,954,344,29.4238
02/18/2025 03:00:00,4952.0,954,344,34.1033
02/18/2025 05:00:00,4952.0,954,344,36.5025
02/18/2025 07:00:00,4952.0,954,344,62.9607
02/18/2025 09:00:00,4952.0,954,344,61.1557
02/18/2025 11:00:00,4952.0,954,344,27.8838
02/18/2025 13:00:00,4952.0,954,344,24.2837
02/18/2025 15:00:00,4952.0,954,344,26.429
02/18/2025 17:00:00,4952.0,954,344,26.5713
02/18/2025 19:00:00,4952.0,954,344,39.5949
02/18/2025 21:00:00,4952.0,954,344,66.2384
02/18/2025 23:00:00,4952.0,954,344,51.7689
02/17/2025 01:00:00,3022.0,370,332,28.7142
02/17/2025 03:00:00,3022.0,370,332,30.53
02/17/2025 05:00:00,3022.0,370,332,28.538
02/17/2025 07:00:00,3022.0,370,332,54.6409
02/17/2025 09:00:00,3022.0,370,332,18.1685
02/17/2025 11:00:00,3022.0,370,332,28.3004
02/17/2025 13:00:00,3022.0,370,332,22.0977
02/17/2025 15:00:00,3022.0,370,332,22.7092
02/17/2025 17:00:00,3022.0,370,332,28.9254
02/17/2025 19:00:00,3022.0,370,332,55.5291
02/17/2025 21:00:00,3022.0,370,332,64.9482
02/17/2025 23:00:00,3022.0,370,332,38.9735
02/16/2025 01:00:00,3080.0,735,325,40.4068
02/16/2025 03:00:00,3080.0,735,325,30.7893
02/16/2025 05:00:00,3080.0,735,325,25.6915
02/16/2025 07:00:00,3080.0,735,325,39.0404
02/16/2025 09:00:00,3080.0,735,325,63.4416
02/16/2025 11:00:00,3080.0,735,325,23.1452
02/16/2025 13:00:00,3080.0,735,325,0.0058
02/16/2025 15:00:00,3080.0,735,325,-2.1367
02/16/2025 17:00:00,3080.0,735,325,0.0097
02/16/2025 19:00:00,3080.0,735,325,41.1429
02/16/2025 21:00:00,3080.0,735,325,29.8534
02/16/2025 23:00:00,3080.0,735,325,30.3352
02/15/2025 01:00:00,3070.0,669,275,26.3992
02/15/2025 03:00:00,3070.0,669,275,27.5175
02/15/2025 05:00:00,3070.0,669,275,37.7172
02/15/2025 07:00:00,3070.0,669,275,34.6958
02/15/2025 09:00:00,3070.0,669,275,26.365
02/15/2025 11:00:00,3070.0,669,275,39.3978
02/15/2025 13:00:00,3070.0,669,275,26.9827
02/15/2025 15:00:00,3070.0,669,275,26.0915
02/15/2025 17:00:00,3070.0,669,275,16.6321
02/15/2025 19:00:00,3070.0,669,275,29.283
02/15/2025 21:00:00,3070.0,669,275,28.7776
02/15/2025 23:00:00,3070.0,669,275,29.0585
02/14/2025 01:00:00,2942.0,709,264,8.5739
02/14/2025 03:00:00,2942.0,709,264,23.1573
02/14/2025 05:00:00,2942.0,709,264,21.0597
02/14/2025 07:00:00,2942.0,709,264,26.1452
02/14/2025 09:00:00,2942.0,709,264,24.9034
02/14/2025 11:00:00,2942.0,709,264,22.4685
02/14/2025 13:00:00,2942.0,709,264,22.174
02/14/2025 15:00:00,2942.0,709,264,24.6855
02/14/2025 17:00:00,2942.0,709,264,22.2982
02/14/2025 19:00:00,2942.0,709,264,45.633
02/14/2025 21:00:00,2942.0,709,264,26.1313
02/14/2025 23:00:00,2942.0,709,264,18.7588
02/13/2025 01:00:00,2645.0,682,299,24.2194
02/13/2025 03:00:00,2645.0,682,299,22.7592
02/13/2025 05:00:00,2645.0,682,299,24.5582
02/13/2025 07:00:00,2645.0,682,299,25.2561
02/13/2025 09:00:00,2645.0,682,299,24.8674
02/13/2025 11:00:00,2645.0,682,299,21.5029
02/13/2025 13:00:00,2645.0,682,299,5.2028
02/13/2025 15:00:00,2645.0,682,299,17.822
02/13/2025 17:00:00,2645.0,682,299,90.0439
02/13/2025 19:00:00,2645.0,682,299,24.3707
02/13/2025 21:00:00,2645.0,682,299,9.5002
02/13/2025 23:00:00,2645.0,682,299,16.1658
02/12/2025 01:00:00,956.0,544,323,32.5896
02/12/2025 03:00:00,956.0,544,323,27.9249
02/12/2025 05:00:00,956.0,544,323,0.0097
02/12/2025 07:00:00,956.0,544,323,18.6259
02/12/2025 09:00:00,956.0,544,323,17.6655
02/12/2025 11:00:00,956.0,544,323,3.5247
02/12/2025 13:00:00,956.0,544,323,12.3318
02/12/2025 15:00:00,956.0,544,323,9.9699
02/12/2025 17:00:00,956.0,544,323,23.626
02/12/2025 19:00:00,956.0,544,323,51.3074
02/12/2025 21:00:00,956.0,544,323,37.2247
02/12/2025 23:00:00,956.0,544,323,31.8876
02/11/2025 01:00:00,1982.0,568,333,31.6401
02/11/2025 03:00:00,1982.0,568,333,33.4139
02/11/2025 05:00:00,1982.0,568,333,58.0104
02/11/2025 07:00:00,1982.0,568,333,56.814
02/11/2025 09:00:00,1982.0,568,333,56.031
02/11/2025 11:00:00,1982.0,568,333,31.2816
02/11/2025 13:00:00,1982.0,568,333,29.8202
02/11/2025 15:00:00,1982.0,568,333,28.9994
02/11/2025 17:00:00,1982.0,568,333,28.9467
02/11/2025 19:00:00,1982.0,568,333,34.5059
02/11/2025 21:00:00,1982.0,568,333,31.4934
02/11/2025 23:00:00,1982.0,568,333,32.1424
02/10/2025 01:00:00,2770.0,633,289,16.2479
02/10/2025 03:00:00,2770.0,633,289,17.4705
02/10/2025 05:00:00,2770.0,633,289,18.9664
02/10/2025 07:00:00,2770.0,633,289,40.1309
02/10/2025 09:00:00,2770.0,633,289,19.4331
02/10/2025 11:00:00,2770.0,633,289,18.0997
02/10/2025 13:00:00,2770.0,633,289,11.9854
02/10/2025 15:00:00,2770.0,633,289,0.0097
02/10/2025 17:00:00,2770.0,633,289,17.9666
02/10/2025 19:00:00,2770.0,633,289,21.894
02/10/2025 21:00:00,2770.0,633,289,99.5197
02/10/2025 23:00:00,2770.0,633,289,21.7648
02/09/2025 01:00:00,2555.0,638,309,33.9038
02/09/2025 03:00:00,2555.0,638,309,23.5718
02/09/2025 05:00:00,2555.0,638,309,33.2609
02/09/2025 07:00:00,2555.0,638,309,32.8485
02/09/2025 09:00:00,2555.0,638,309,24.2311
02/09/2025 11:00:00,2555.0,638,309,13.0413
02/09/2025 13:00:00,2555.0,638,309,17.8288
02/09/2025 15:00:00,2555.0,638,309,16.7263
02/09/2025 17:00:00,2555.0,638,309,17.7283
02/09/2025 19:00:00,2555.0,638,309,25.3725
02/09/2025 21:00:00,2555.0,638,309,20.3834
02/09/2025 23:00:00,2555.0,638,309,21.6146
02/08/2025 01:00:00,2423.0,571,299,0.0274
02/08/2025 03:00:00,2423.0,571,299,30.687
02/08/2025 05:00:00,2423.0,571,299,4.5397
02/08/2025 07:00:00,2423.0,571,299,17.4835
02/08/2025 09:00:00,2423.0,571,299,17.5619
02/08/2025 11:00:00,2423.0,571,299,18.0258
02/08/2025 13:00:00,2423.0,571,299,17.4504
02/08/2025 15:00:00,2423.0,571,299,0.0142
02/08/2025 17:00:00,2423.0,571,299,18.499
02/08/2025 19:00:00,2423.0,571,299,40.5016
02/08/2025 21:00:00,2423.0,571,299,28.5447
02/08/2025 23:00:00,2423.0,571,299,24.2495
02/07/2025 01:00:00,2919.0,610,299,4.0439
02/07/2025 03:00:00,2919.0,610,299,0.0205
02/07/2025 05:00:00,2919.0,610,299,17.5386
02/07/2025 07:00:00,2919.0,610,299,45.734
02/07/2025 09:00:00,2919.0,610,299,21.0251
02/07/2025 11:00:00,2919.0,610,299,12.1848
02/07/2025 13:00:00,2919.0,610,299,0.0159
02/07/2025 15:00:00,2919.0,610,299,0.0132
02/07/2025 17:00:00,2919.0,610,299,0.0122
02/07/2025 19:00:00,2919.0,610,299,21.1497
02/07/2025 21:00:00,2919.0,610,299,0.0201
02/07/2025 23:00:00,2919.0,610,299,12.2959
02/06/2025 01:00:00,3942.0,598,334,14.957
02/06/2025 03:00:00,3942.0,598,334,15.7812
02/06/2025 05:00:00,3942.0,598,334,20.7824
02/06/2025 07:00:00,3942.0,598,334,45.5484
02/06/2025 09:00:00,3942.0,598,334,27.2409
02/06/2025 11:00:00,3942.0,598,334,19.6647
02/06/2025 13:00:00,3942.0,598,334,16.6206
02/06/2025 15:00:00,3942.0,598,334,0.0118
02/06/2025 17:00:00,3942.0,598,334,7.4273
02/06/2025 19:00:00,3942.0,598,334,20.9113
02/06/2025 21:00:00,3942.0,598,334,12.4099
02/06/2025 23:00:00,3942.0,598,334,0.0307
02/05/2025 01:00:00,3890.0,804,343,21.1827
02/05/2025 03:00:00,3890.0,804,343,22.0327
02/05/2025 05:00:00,3890.0,804,343,32.0235
02/05/2025 07:00:00,3890.0,804,343,45.786
02/05/2025 09:00:00,3890.0,804,343,17.4861
02/05/2025 11:00:00,3890.0,804,343,13.384
02/05/2025 13:00:00,3890.0,804,343,0.0193
02/05/2025 15:00:00,3890.0,804,343,-2.2471
02/05/2025 17:00:00,3890.0,804,343,4.1104
02/05/2025 19:00:00,3890.0,804,343,45.626
02/05/2025 21:00:00,3890.0,804,343,22.2137
02/05/2025 23:00:00,3890.0,804,343,19.6384
02/04/2025 01:00:00,3725.0,658,343,19.1129
02/04/2025 03:00:00,3725.0,658,343,19.3564
02/04/2025 05:00:00,3725.0,658,343,20.3136
02/04/2025 07:00:00,3725.0,658,343,45.5948
02/04/2025 09:00:00,3725.0,658,343,45.5889
02/04/2025 11:00:00,3725.0,658,343,18.8543
02/04/2025 13:00:00,3725.0,658,343,13.7336
02/04/2025 15:00:00,3725.0,658,343,20.761
02/04/2025 17:00:00,3725.0,658,343,21.1418
02/04/2025 19:00:00,3725.0,658,343,27.2414
02/04/2025 21:00:00,3725.0,658,343,18.5591
02/04/2025 23:00:00,3725.0,658,343,20.4547
02/03/2025 01:00:00,3678.0,703,329,16.0343
02/03/2025 03:00:00,3678.0,703,329,0.9576
02/03/2025 05:00:00,3678.0,703,329,0.5125
02/03/2025 07:00:00,3678.0,703,329,17.3909
02/03/2025 09:00:00,3678.0,703,329,17.5089
02/03/2025 11:00:00,3678.0,703,329,0.0312
02/03/2025 13:00:00,3678.0,703,329,14.6764
02/03/2025 15:00:00,3678.0,703,329,15.6715
02/03/2025 17:00:00,3678.0,703,329,18.6551
02/03/2025 19:00:00,3678.0,703,329,27.0152
02/03/2025 21:00:00,3678.0,703,329,21.4111
02/03/2025 23:00:00,3678.0,703,329,19.2362
02/02/2025 01:00:00,3738.0,633,332,19.0324
02/02/2025 03:00:00,3738.0,633,332,39.3485
02/02/2025 05:00:00,3738.0,633,332,39.1006
02/02/2025 07:00:00,3738.0,633,332,18.6393
02/02/2025 09:00:00,3738.0,633,332,0.0234
02/02/2025 11:00:00,3738.0,633,332,0.7791
02/02/2025 13:00:00,3738.0,633,332,3.639
02/02/2025 15:00:00,3738.0,633,332,3.6348
02/02/2025 17:00:00,3738.0,633,332,8.4063
02/02/2025 19:00:00,3738.0,633,332,20.9979
02/02/2025 21:00:00,3738.0,633,332,18.569
02/02/2025 23:00:00,3738.0,633,332,16.4287
02/01/2025 01:00:00,3273.0,683,278,10.5526
02/01/2025 03:00:00,3273.0,683,278,0.0147
02/01/2025 05:00:00,3273.0,683,278,15.875
02/01/2025 07:00:00,3273.0,683,278,15.7974
02/01/2025 09:00:00,3273.0,683,278,17.5807
02/01/2025 11:00:00,3273.0,683,278,18.445
02/01/2025 13:00:00,3273.0,683,278,17.3265
02/01/2025 15:00:00,3273.0,683,278,10.0999
02/01/2025 17:00:00,3273.0,683,278,17.6354
02/01/2025 19:00:00,3273.0,683,278,45.5691
02/01/2025 21:00:00,3273.0,683,278,18.0885
02/01/2025 23:00:00,3273.0,683,278,18.3034
01/31/2025 07:00:00,4205.0,843,286,20.7078
01/31/2025 09:00:00,4205.0,843,286,19.7989
01/31/2025 11:00:00,4205.0,843,286,19.5911
01/31/2025 13:00:00,4205.0,843,286,20.0405
01/31/2025 15:00:00,4205.0,843,286,18.0584
01/31/2025 17:00:00,4205.0,843,286,16.7631
01/31/2025 19:00:00,4205.0,843,286,17.1114
01/31/2025 21:00:00,4205.0,843,286,19.2268
01/31/2025 23:00:00,4205.0,843,286,17.8045
01/30/2025 01:00:00,3926.0,895,312,31.4094
01/30/2025 03:00:00,3926.0,895,312,28.4607
01/30/2025 05:00:00,3926.0,895,312,21.7643
01/30/2025 07:00:00,3926.0,895,312,21.1511
01/30/2025 09:00:00,3926.0,895,312,22.6894
01/30/2025 11:00:00,3926.0,895,312,21.4384
01/30/2025 13:00:00,3926.0,895,312,19.5282
01/30/2025 15:00:00,3926.0,895,312,14.9245
01/30/2025 17:00:00,3926.0,895,312,0.0072
01/30/2025 21:00:00,3926.0,895,312,15.4456
01/30/2025 23:00:00,3926.0,895,312,14.8558
01/29/2025 01:00:00,3770.0,604,302,31.3848
01/29/2025 03:00:00,3770.0,604,302,31.9373
01/29/2025 05:00:00,3770.0,604,302,31.8042
01/29/2025 07:00:00,3770.0,604,302,86.5794
01/29/2025 09:00:00,3770.0,604,302,31.3467
01/29/2025 11:00:00,3770.0,604,302,25.0822
01/29/2025 13:00:00,3770.0,604,302,20.9083
01/29/2025 15:00:00,3770.0,604,302,0.0042
01/29/2025 17:00:00,3770.0,604,302,29.1767
01/29/2025 19:00:00,3770.0,604,302,35.652
01/29/2025 21:00:00,3770.0,604,302,28.0156
01/29/2025 23:00:00,3770.0,604,302,30.534
01/28/2025 01:00:00,3886.0,768,299,28.2679
01/28/2025 03:00:00,3886.0,768,299,45.2689
01/28/2025 05:00:00,3886.0,768,299,28.5838
01/28/2025 07:00:00,3886.0,768,299,31.9572
01/28/2025 09:00:00,3886.0,768,299,33.6153
01/28/2025 11:00:00,3886.0,768,299,21.3781
01/28/2025 13:00:00,3886.0,768,299,22.136
01/28/2025 15:00:00,3886.0,768,299,20.4605
01/28/2025 17:00:00,3886.0,768,299,32.656
01/28/2025 19:00:00,3886.0,768,299,45.6647
01/28/2025 21:00:00,3886.0,768,299,30.703
01/28/2025 23:00:00,3886.0,768,299,27.3732
01/27/2025 01:00:00,3768.0,771,319,20.5648
01/27/2025 03:00:00,3768.0,771,319,24.0324
01/27/2025 05:00:00,3768.0,771,319,20.6733
01/27/2025 07:00:00,3768.0,771,319,25.539
01/27/2025 09:00:00,3768.0,771,319,22.1244
01/27/2025 11:00:00,3768.0,771,319,21.1514
01/27/2025 13:00:00,3768.0,771,319,22.1787
01/27/2025 15:00:00,3768.0,771,319,10.2936
01/27/2025 17:00:00,3768.0,771,319,21.7826
01/27/2025 19:00:00,3768.0,771,319,22.4828
01/27/2025 21:00:00,3768.0,771,319,26.8672
01/27/2025 23:00:00,3768.0,771,319,25.3261
01/26/2025 01:00:00,3546.0,699,318,39.7829
01/26/2025 03:00:00,3546.0,699,318,35.4017
01/26/2025 05:00:00,3546.0,699,318,28.2686
01/26/2025 07:00:00,3546.0,699,318,23.9498
01/26/2025 09:00:00,3546.0,699,318,34.9795
01/26/2025 11:00:00,3546.0,699,318,24.4535
01/26/2025 13:00:00,3546.0,699,318,24.2368
01/26/2025 15:00:00,3546.0,699,318,23.717
01/26/2025 17:00:00,3546.0,699,318,23.1342
01/26/2025 19:00:00,3546.0,699,318,32.9432
01/26/2025 21:00:00,3546.0,699,318,19.1501
01/26/2025 23:00:00,3546.0,699,318,29.7398
01/25/2025 01:00:00,2189.0,612,302,22.446
01/25/2025 03:00:00,2189.0,612,302,23.4974
01/25/2025 05:00:00,2189.0,612,302,26.4233
01/25/2025 07:00:00,2189.0,612,302,25.5748
01/25/2025 09:00:00,2189.0,612,302,26.3868
01/25/2025 11:00:00,2189.0,612,302,25.3198
01/25/2025 13:00:00,2189.0,612,302,21.6718
01/25/2025 15:00:00,2189.0,612,302,25.6607
01/25/2025 17:00:00,2189.0,612,302,32.0961
01/25/2025 19:00:00,2189.0,612,302,38.0654
01/25/2025 21:00:00,2189.0,612,302,29.9336
01/25/2025 23:00:00,2189.0,612,302,56.3185
01/24/2025 01:00:00,3099.0,868,294,162.029
01/24/2025 03:00:00,3099.0,868,294,164.1399
01/24/2025 05:00:00,3099.0,868,294,154.6862
01/24/2025 07:00:00,3099.0,868,294,39.1049
01/24/2025 09:00:00,3099.0,868,294,24.5569
01/24/2025 11:00:00,3099.0,868,294,10.2573
01/24/2025 13:00:00,3099.0,868,294,20.2475
01/24/2025 15:00:00,3099.0,868,294,13.405
01/24/2025 17:00:00,3099.0,868,294,23.3409
01/24/2025 19:00:00,3099.0,868,294,54.7099
01/24/2025 21:00:00,3099.0,868,294,22.3213
01/24/2025 23:00:00,3099.0,868,294,27.9083
01/23/2025 01:00:00,3656.0,836,315,23.8597
01/23/2025 03:00:00,3656.0,836,315,10.5651
01/23/2025 05:00:00,3656.0,836,315,24.8703
01/23/2025 07:00:00,3656.0,836,315,28.1593
01/23/2025 09:00:00,3656.0,836,315,42.6383
01/23/2025 11:00:00,3656.0,836,315,2.89
01/23/2025 13:00:00,3656.0,836,315,0.0134
01/23/2025 15:00:00,3656.0,836,315,0.0083
01/23/2025 17:00:00,3656.0,836,315,23.9472
01/23/2025 19:00:00,3656.0,836,315,36.7296
01/23/2025 21:00:00,3656.0,836,315,33.184
01/23/2025 23:00:00,3656.0,836,315,25.3372
01/22/2025 01:00:00,3645.0,728,308,20.0551
01/22/2025 03:00:00,3645.0,728,308,10.7021
01/22/2025 05:00:00,3645.0,728,308,15.6256
01/22/2025 07:00:00,3645.0,728,308,25.1318
01/22/2025 09:00:00,3645.0,728,308,43.7954
01/22/2025 11:00:00,3645.0,728,308,20.5435
01/22/2025 13:00:00,3645.0,728,308,31.319
01/22/2025 15:00:00,3645.0,728,308,3.2389
01/22/2025 17:00:00,3645.0,728,308,22.1713
01/22/2025 19:00:00,3645.0,728,308,38.6586
01/22/2025 21:00:00,3645.0,728,308,35.8183
01/22/2025 23:00:00,3645.0,728,308,26.0006
01/21/2025 01:00:00,3379.0,562,304,21.8465
01/21/2025 03:00:00,3379.0,562,304,48.9572
01/21/2025 05:00:00,3379.0,562,304,40.6569
01/21/2025 07:00:00,3379.0,562,304,45.4977
01/21/2025 09:00:00,3379.0,562,304,37.8637
01/21/2025 11:00:00,3379.0,562,304,14.5964
01/21/2025 13:00:00,3379.0,562,304,21.9509
01/21/2025 15:00:00,3379.0,562,304,83.5994
01/21/2025 17:00:00,3379.0,562,304,46.7482
01/21/2025 19:00:00,3379.0,562,304,37.0279
01/21/2025 21:00:00,3379.0,562,304,61.4947
01/21/2025 23:00:00,3379.0,562,304,0.0288
01/20/2025 01:00:00,3843.0,635,300,25.8261
01/20/2025 03:00:00,3843.0,635,300,16.1673
01/20/2025 05:00:00,3843.0,635,300,-1.1354
01/20/2025 07:00:00,3843.0,635,300,15.0886
01/20/2025 09:00:00,3843.0,635,300,0.0163
01/20/2025 11:00:00,3843.0,635,300,0.0092
01/20/2025 13:00:00,3843.0,635,300,0.0092
01/20/2025 15:00:00,3843.0,635,300,0.006
01/20/2025 17:00:00,3843.0,635,300,18.8516
01/20/2025 19:00:00,3843.0,635,300,77.3695
01/20/2025 21:00:00,3843.0,635,300,45.6901
01/20/2025 23:00:00,3843.0,635,300,39.244
01/19/2025 01:00:00,3827.0,720,303,39.6165
01/19/2025 03:00:00,3827.0,720,303,39.9747
01/19/2025 05:00:00,3827.0,720,303,59.0649
01/19/2025 07:00:00,3827.0,720,303,60.7624
01/19/2025 09:00:00,3827.0,720,303,60.2493
01/19/2025 11:00:00,3827.0,720,303,56.2543
01/19/2025 13:00:00,3827.0,720,303,46.4289
01/19/2025 15:00:00,3827.0,720,303,0.0008
01/19/2025 17:00:00,3827.0,720,303,62.8271
01/19/2025 19:00:00,3827.0,720,303,37.2332
01/19/2025 21:00:00,3827.0,720,303,6.558
01/19/2025 23:00:00,3827.0,720,303,73.6243
01/18/2025 01:00:00,3795.0,710,268,20.2457
01/18/2025 03:00:00,3795.0,710,268,22.7295
01/18/2025 05:00:00,3795.0,710,268,22.4641
01/18/2025 07:00:00,3795.0,710,268,22.7232
01/18/2025 09:00:00,3795.0,710,268,0.021
01/18/2025 11:00:00,3795.0,710,268,0.0199
01/18/2025 13:00:00,3795.0,710,268,0.016
01/18/2025 15:00:00,3795.0,710,268,0.0091
01/18/2025 17:00:00,3795.0,710,268,0.0148
01/18/2025 19:00:00,3795.0,710,268,18.387
01/18/2025 21:00:00,3795.0,710,268,16.1846
01/18/2025 23:00:00,3795.0,710,268,20.5767
01/17/2025 01:00:00,2937.0,688,285,20.3273
01/17/2025 03:00:00,2937.0,688,285,18.2987
01/17/2025 07:00:00,2937.0,688,285,14.1021
01/17/2025 09:00:00,2937.0,688,285,0.0147
01/17/2025 11:00:00,2937.0,688,285,0.0152
01/17/2025 13:00:00,2937.0,688,285,0.0151
01/17/2025 15:00:00,2937.0,688,285,0.0205
01/17/2025 17:00:00,2937.0,688,285,9.6332
01/17/2025 19:00:00,2937.0,688,285,24.0996
01/17/2025 21:00:00,2937.0,688,285,21.8667
01/17/2025 23:00:00,2937.0,688,285,24.1599
01/16/2025 01:00:00,2941.0,742,331,29.1897
01/16/2025 03:00:00,2941.0,742,331,29.9097
01/16/2025 05:00:00,2941.0,742,331,31.0852
01/16/2025 07:00:00,2941.0,742,331,39.9605
01/16/2025 09:00:00,2941.0,742,331,25.9207
01/16/2025 13:00:00,2941.0,742,331,0.0265
01/16/2025 15:00:00,2941.0,742,331,-1.073
01/16/2025 17:00:00,2941.0,742,331,24.5201
01/16/2025 19:00:00,2941.0,742,331,24.0663
01/16/2025 21:00:00,2941.0,742,331,23.3541
01/16/2025 23:00:00,2941.0,742,331,25.5364
01/15/2025 01:00:00,2800.0,495,328,25.5449
01/15/2025 03:00:00,2800.0,495,328,29.9361
01/15/2025 05:00:00,2800.0,495,328,31.4965
01/15/2025 07:00:00,2800.0,495,328,39.5953
01/15/2025 09:00:00,2800.0,495,328,24.5677
01/15/2025 11:00:00,2800.0,495,328,18.9052
01/15/2025 17:00:00,2800.0,495,328,22.4283
01/15/2025 19:00:00,2800.0,495,328,16.2615
01/15/2025 21:00:00,2800.0,495,328,28.7077
01/15/2025 23:00:00,2800.0,495,328,28.4707
01/14/2025 01:00:00,3754.0,719,319,23.0993
01/14/2025 03:00:00,3754.0,719,319,20.3161
01/14/2025 05:00:00,3754.0,719,319,26.6169
01/14/2025 07:00:00,3754.0,719,319,59.3589
01/14/2025 09:00:00,3754.0,719,319,32.2573
01/14/2025 11:00:00,3754.0,719,319,23.9504
01/14/2025 13:00:00,3754.0,719,319,20.7517
01/14/2025 15:00:00,3754.0,719,319,0.0079
01/14/2025 17:00:00,3754.0,719,319,28.1645
01/14/2025 19:00:00,3754.0,719,319,63.9261
01/14/2025 21:00:00,3754.0,719,319,26.9559
01/14/2025 23:00:00,3754.0,719,319,26.5838
01/13/2025 01:00:00,3875.0,688,311,21.3815
01/13/2025 03:00:00,3875.0,688,311,20.4832
01/13/2025 05:00:00,3875.0,688,311,23.3166
01/13/2025 07:00:00,3875.0,688,311,34.3619
01/13/2025 09:00:00,3875.0,688,311,36.7231
01/13/2025 11:00:00,3875.0,688,311,25.8161
01/13/2025 13:00:00,3875.0,688,311,24.7115
01/13/2025 15:00:00,3875.0,688,311,25.2813
01/13/2025 17:00:00,3875.0,688,311,37.3546
01/13/2025 19:00:00,3875.0,688,311,30.0109
01/13/2025 21:00:00,3875.0,688,311,25.525
01/13/2025 23:00:00,3875.0,688,311,27.7595
01/12/2025 01:00:00,3897.0,781,300,15.7603
01/12/2025 03:00:00,3897.0,781,300,1.7981
01/12/2025 05:00:00,3897.0,781,300,15.8863
01/12/2025 07:00:00,3897.0,781,300,15.8973
01/12/2025 09:00:00,3897.0,781,300,16.3275
01/12/2025 11:00:00,3897.0,781,300,15.706
01/12/2025 15:00:00,3897.0,781,300,17.9623
01/12/2025 17:00:00,3897.0,781,300,37.149
01/12/2025 19:00:00,3897.0,781,300,40.1773
01/12/2025 21:00:00,3897.0,781,300,34.3886
01/12/2025 23:00:00,3897.0,781,300,26.3343
01/11/2025 01:00:00,3783.0,789,277,18.398
01/11/2025 03:00:00,3783.0,789,277,20.3219
01/11/2025 05:00:00,3783.0,789,277,22.3693
01/11/2025 07:00:00,3783.0,789,277,19.4715
01/11/2025 09:00:00,3783.0,789,277,21.8444
01/11/2025 11:00:00,3783.0,789,277,0.008
01/11/2025 13:00:00,3783.0,789,277,15.8377
01/11/2025 15:00:00,3783.0,789,277,15.0322
01/11/2025 17:00:00,3783.0,789,277,17.1077
01/11/2025 19:00:00,3783.0,789,277,16.958
01/11/2025 21:00:00,3783.0,789,277,23.5198
01/11/2025 23:00:00,3783.0,789,277,20.921
01/10/2025 01:00:00,3341.0,765,295,16.3138
01/10/2025 03:00:00,3341.0,765,295,16.6677
01/10/2025 05:00:00,3341.0,765,295,18.1722
01/10/2025 07:00:00,3341.0,765,295,24.399
01/10/2025 09:00:00,3341.0,765,295,79.544
01/10/2025 11:00:00,3341.0,765,295,18.4643
01/10/2025 13:00:00,3341.0,765,295,19.505
01/10/2025 15:00:00,3341.0,765,295,18.161
01/10/2025 17:00:00,3341.0,765,295,21.5964
01/10/2025 19:00:00,3341.0,765,295,22.2928
01/10/2025 21:00:00,3341.0,765,295,11.5087
01/10/2025 23:00:00,3341.0,765,295,19.4864
01/09/2025 01:00:00,3426.0,725,315,0.0128
01/09/2025 03:00:00,3426.0,725,315,0.0219
01/09/2025 05:00:00,3426.0,725,315,43.0338
01/09/2025 07:00:00,3426.0,725,315,39.6682
01/09/2025 09:00:00,3426.0,725,315,21.4953
01/09/2025 11:00:00,3426.0,725,315,17.0315
01/09/2025 13:00:00,3426.0,725,315,24.0557
01/09/2025 15:00:00,3426.0,725,315,15.4983
01/09/2025 17:00:00,3426.0,725,315,20.6373
01/09/2025 19:00:00,3426.0,725,315,21.2243
01/09/2025 21:00:00,3426.0,725,315,14.3183
01/09/2025 23:00:00,3426.0,725,315,16.0225
01/08/2025 01:00:00,3631.0,768,307,22.2398
01/08/2025 03:00:00,3631.0,768,307,26.8806
01/08/2025 05:00:00,3631.0,768,307,36.0177
01/08/2025 07:00:00,3631.0,768,307,41.9446
01/08/2025 09:00:00,3631.0,768,307,28.7054
01/08/2025 11:00:00,3631.0,768,307,19.7725
01/08/2025 13:00:00,3631.0,768,307,0.0104
01/08/2025 15:00:00,3631.0,768,307,0.0092
01/08/2025 17:00:00,3631.0,768,307,30.6505
01/08/2025 19:00:00,3631.0,768,307,32.6309
01/08/2025 21:00:00,3631.0,768,307,23.6667
01/08/2025 23:00:00,3631.0,768,307,24.4134
01/07/2025 01:00:00,2889.0,648,314,28.223
01/07/2025 03:00:00,2889.0,648,314,17.9299
01/07/2025 05:00:00,2889.0,648,314,18.6319
01/07/2025 07:00:00,2889.0,648,314,24.4378
01/07/2025 09:00:00,2889.0,648,314,28.0107
01/07/2025 11:00:00,2889.0,648,314,33.3654
01/07/2025 13:00:00,2889.0,648,314,20.4111
01/07/2025 15:00:00,2889.0,648,314,18.8954
01/07/2025 17:00:00,2889.0,648,314,18.6646
01/07/2025 19:00:00,2889.0,648,314,22.2088
01/07/2025 21:00:00,2889.0,648,314,18.738
01/07/2025 23:00:00,2889.0,648,314,22.2346
01/06/2025 01:00:00,2253.0,579,318,35.373
01/06/2025 03:00:00,2253.0,579,318,33.4111
01/06/2025 05:00:00,2253.0,579,318,48.1622
01/06/2025 07:00:00,2253.0,579,318,52.7192
01/06/2025 09:00:00,2253.0,579,318,27.593
01/06/2025 11:00:00,2253.0,579,318,29.5258
01/06/2025 13:00:00,2253.0,579,318,18.2798
01/06/2025 15:00:00,2253.0,579,318,19.5657
01/06/2025 17:00:00,2253.0,579,318,26.5364
01/06/2025 19:00:00,2253.0,579,318,24.8538
01/06/2025 21:00:00,2253.0,579,318,20.2843
01/06/2025 23:00:00,2253.0,579,318,25.4539
01/05/2025 01:00:00,3443.0,817,328,30.7101
01/05/2025 03:00:00,3443.0,817,328,24.1537
01/05/2025 05:00:00,3443.0,817,328,21.2889
01/05/2025 07:00:00,3443.0,817,328,25.199
01/05/2025 09:00:00,3443.0,817,328,32.5743
01/05/2025 11:00:00,3443.0,817,328,23.0392
01/05/2025 13:00:00,3443.0,817,328,25.4858
01/05/2025 15:00:00,3443.0,817,328,19.9861
01/05/2025 17:00:00,3443.0,817,328,22.2014
01/05/2025 19:00:00,3443.0,817,328,31.8001
01/05/2025 21:00:00,3443.0,817,328,28.5505
01/05/2025 23:00:00,3443.0,817,328,27.6774
01/04/2025 01:00:00,3324.0,725,294,46.0577
01/04/2025 03:00:00,3324.0,725,294,32.414
01/04/2025 05:00:00,3324.0,725,294,46.0987
01/04/2025 07:00:00,3324.0,725,294,45.9993
01/04/2025 09:00:00,3324.0,725,294,45.9597
01/04/2025 11:00:00,3324.0,725,294,33.8158
01/04/2025 13:00:00,3324.0,725,294,29.547
01/04/2025 15:00:00,3324.0,725,294,34.4709
01/04/2025 17:00:00,3324.0,725,294,85.3569
01/04/2025 19:00:00,3324.0,725,294,31.5291
01/04/2025 21:00:00,3324.0,725,294,27.1394
01/04/2025 23:00:00,3324.0,725,294,28.2683
01/03/2025 01:00:00,3019.0,741,303,18.7158
01/03/2025 03:00:00,3019.0,741,303,20.2549
01/03/2025 05:00:00,3019.0,741,303,18.941
01/03/2025 07:00:00,3019.0,741,303,19.7118
01/03/2025 09:00:00,3019.0,741,303,20.9588
01/03/2025 11:00:00,3019.0,741,303,20.0292
01/03/2025 13:00:00,3019.0,741,303,32.6566
01/03/2025 15:00:00,3019.0,741,303,28.3985
01/03/2025 17:00:00,3019.0,741,303,33.0433
01/03/2025 19:00:00,3019.0,741,303,31.4107
01/03/2025 21:00:00,3019.0,741,303,28.8026
01/03/2025 23:00:00,3019.0,741,303,21.9099
01/02/2025 01:00:00,2806.0,580,334,45.8044
01/02/2025 03:00:00,2806.0,580,334,20.2837
01/02/2025 05:00:00,2806.0,580,334,24.0439
01/02/2025 07:00:00,2806.0,580,334,35.9084
01/02/2025 09:00:00,2806.0,580,334,24.8595
01/02/2025 11:00:00,2806.0,580,334,19.8427
01/02/2025 13:00:00,2806.0,580,334,18.8266
01/02/2025 15:00:00,2806.0,580,334,19.9249
01/02/2025 17:00:00,2806.0,580,334,24.8618
01/02/2025 19:00:00,2806.0,580,334,25.3654
01/02/2025 21:00:00,2806.0,580,334,20.9966
01/02/2025 23:00:00,2806.0,580,334,18.119
01/01/2025 01:00:00,3396.0,755,329,31.8587
01/01/2025 03:00:00,3396.0,755,329,24.0573
01/01/2025 05:00:00,3396.0,755,329,19.3594
01/01/2025 07:00:00,3396.0,755,329,22.826
01/01/2025 09:00:00,3396.0,755,329,17.0584
01/01/2025 11:00:00,3396.0,755,329,14.6897
01/01/2025 13:00:00,3396.0,755,329,15.0115
01/01/2025 15:00:00,3396.0,755,329,0.0202
01/01/2025 17:00:00,3396.0,755,329,19.2702
01/01/2025 19:00:00,3396.0,755,329,19.6015
01/01/2025 21:00:00,3396.0,755,329,19.7508
01/01/2025 23:00:00,3396.0,755,329,21.7257
12/31/2024 01:00:00,3162.0,723,283,12.7632
12/31/2024 03:00:00,3162.0,723,283,14.9135
12/31/2024 05:00:00,3162.0,723,283,15.2855
12/31/2024 07:00:00,3162.0,723,283,21.7018
12/31/2024 09:00:00,3162.0,723,283,21.1983
12/31/2024 11:00:00,3162.0,723,283,42.0885
12/31/2024 13:00:00,3162.0,723,283,23.1571
12/31/2024 15:00:00,3162.0,723,283,16.2774
12/31/2024 17:00:00,3162.0,723,283,30.0061
12/31/2024 19:00:00,3162.0,723,283,21.2368
12/31/2024 21:00:00,3162.0,723,283,13.7161
12/31/2024 23:00:00,3162.0,723,283,20.3804
12/30/2024 01:00:00,2373.0,609,320,-1.1687
12/30/2024 07:00:00,2373.0,609,320,13.8672
12/30/2024 13:00:00,2373.0,609,320,0.0101
12/30/2024 15:00:00,2373.0,609,320,0.0131
12/30/2024 17:00:00,2373.0,609,320,12.2906
12/30/2024 19:00:00,2373.0,609,320,15.4531
12/30/2024 21:00:00,2373.0,609,320,16.0856
12/30/2024 23:00:00,2373.0,609,320,14.4775
12/29/2024 01:00:00,2649.0,637,331,15.2611
12/29/2024 03:00:00,2649.0,637,331,14.8091
12/29/2024 05:00:00,2649.0,637,331,10.7123
12/29/2024 07:00:00,2649.0,637,331,21.4276
12/29/2024 09:00:00,2649.0,637,331,22.3315
12/29/2024 11:00:00,2649.0,637,331,14.4265
12/29/2024 13:00:00,2649.0,637,331,10.1813
12/29/2024 17:00:00,2649.0,637,331,13.6117
12/29/2024 19:00:00,2649.0,637,331,14.8508
12/29/2024 21:00:00,2649.0,637,331,14.8293
12/29/2024 23:00:00,2649.0,637,331,14.8501
12/28/2024 01:00:00,2564.0,573,299,16.5765
12/28/2024 03:00:00,2564.0,573,299,17.9377
12/28/2024 05:00:00,2564.0,573,299,17.3103
12/28/2024 07:00:00,2564.0,573,299,17.5901
12/28/2024 09:00:00,2564.0,573,299,18.3943
12/28/2024 11:00:00,2564.0,573,299,29.7007
12/28/2024 13:00:00,2564.0,573,299,17.6216
12/28/2024 15:00:00,2564.0,573,299,19.777
12/28/2024 17:00:00,2564.0,573,299,19.4923
12/28/2024 19:00:00,2564.0,573,299,16.6656
12/28/2024 21:00:00,2564.0,573,299,15.1685
12/28/2024 23:00:00,2564.0,573,299,15.1302
12/27/2024 01:00:00,1680.0,500,311,17.8714
12/27/2024 03:00:00,1680.0,500,311,17.5891
12/27/2024 05:00:00,1680.0,500,311,16.1413
12/27/2024 07:00:00,1680.0,500,311,15.292
12/27/2024 09:00:00,1680.0,500,311,15.4474
12/27/2024 13:00:00,1680.0,500,311,15.9039
12/27/2024 15:00:00,1680.0,500,311,21.1623
12/27/2024 17:00:00,1680.0,500,311,42.1984
12/27/2024 19:00:00,1680.0,500,311,25.5382
12/27/2024 21:00:00,1680.0,500,311,22.1641
12/27/2024 23:00:00,1680.0,500,311,16.4895
12/26/2024 01:00:00,1445.0,563,330,10.3825
12/26/2024 03:00:00,1445.0,563,330,15.5752
12/26/2024 05:00:00,1445.0,563,330,21.4029
12/26/2024 07:00:00,1445.0,563,330,31.594
12/26/2024 09:00:00,1445.0,563,330,16.2054
12/26/2024 11:00:00,1445.0,563,330,16.4705
12/26/2024 13:00:00,1445.0,563,330,16.5231
12/26/2024 15:00:00,1445.0,563,330,17.7113
12/26/2024 17:00:00,1445.0,563,330,25.9381
12/26/2024 19:00:00,1445.0,563,330,18.7848
12/26/2024 21:00:00,1445.0,563,330,15.2129
12/26/2024 23:00:00,1445.0,563,330,16.9471
12/25/2024 05:00:00,1547.0,619,313,14.4685
12/25/2024 09:00:00,1547.0,619,313,16.822
12/25/2024 11:00:00,1547.0,619,313,0.015
12/25/2024 13:00:00,1547.0,619,313,17.0652
12/25/2024 15:00:00,1547.0,619,313,0.0078
12/25/2024 17:00:00,1547.0,619,313,18.9162
12/25/2024 19:00:00,1547.0,619,313,16.7761
12/25/2024 21:00:00,1547.0,619,313,17.6554
12/25/2024 23:00:00,1547.0,619,313,17.3786
12/24/2024 01:00:00,2323.0,556,276,15.2668
12/24/2024 03:00:00,2323.0,556,276,17.0096
12/24/2024 05:00:00,2323.0,556,276,21.9879
12/24/2024 07:00:00,2323.0,556,276,25.6993
12/24/2024 09:00:00,2323.0,556,276,13.6423
12/24/2024 11:00:00,2323.0,556,276,16.1256
12/24/2024 13:00:00,2323.0,556,276,17.6064
12/24/2024 15:00:00,2323.0,556,276,16.9694
12/24/2024 17:00:00,2323.0,556,276,21.2573
12/24/2024 19:00:00,2323.0,556,276,16.4891
12/24/2024 21:00:00,2323.0,556,276,0.0131
12/23/2024 01:00:00,1780.0,538,319,22.6748
12/23/2024 03:00:00,1780.0,538,319,18.2176
12/23/2024 05:00:00,1780.0,538,319,18.5786
12/23/2024 07:00:00,1780.0,538,319,25.6177
12/23/2024 09:00:00,1780.0,538,319,24.0673
12/23/2024 11:00:00,1780.0,538,319,23.2157
12/23/2024 13:00:00,1780.0,538,319,23.0648
12/23/2024 15:00:00,1780.0,538,319,17.5199
12/23/2024 17:00:00,1780.0,538,319,25.3904
12/23/2024 19:00:00,1780.0,538,319,20.618
12/23/2024 21:00:00,1780.0,538,319,22.4651
12/23/2024 23:00:00,1780.0,538,319,17.4681
12/22/2024 01:00:00,2351.0,621,354,16.0933
12/22/2024 03:00:00,2351.0,621,354,16.8313
12/22/2024 05:00:00,2351.0,621,354,16.1328
12/22/2024 07:00:00,2351.0,621,354,17.024
12/22/2024 09:00:00,2351.0,621,354,15.6064
12/22/2024 11:00:00,2351.0,621,354,18.0453
12/22/2024 13:00:00,2351.0,621,354,17.5933
12/22/2024 15:00:00,2351.0,621,354,20.9744
12/22/2024 17:00:00,2351.0,621,354,26.5802
12/22/2024 19:00:00,2351.0,621,354,22.2437
12/22/2024 21:00:00,2351.0,621,354,21.0304
12/22/2024 23:00:00,2351.0,621,354,20.7419
12/21/2024 01:00:00,1662.0,512,324,17.5506
12/21/2024 03:00:00,1662.0,512,324,19.0549
12/21/2024 05:00:00,1662.0,512,324,41.7397
12/21/2024 07:00:00,1662.0,512,324,27.5119
12/21/2024 09:00:00,1662.0,512,324,18.3306
12/21/2024 11:00:00,1662.0,512,324,15.4492
12/21/2024 13:00:00,1662.0,512,324,15.2228
12/21/2024 15:00:00,1662.0,512,324,14.5796
12/21/2024 17:00:00,1662.0,512,324,18.4719
12/21/2024 19:00:00,1662.0,512,324,17.4681
12/21/2024 21:00:00,1662.0,512,324,16.4838
12/21/2024 23:00:00,1662.0,512,324,15.3977
12/20/2024 01:00:00,0.0,469,280,15.7302
12/20/2024 03:00:00,0.0,469,280,17.7658
12/20/2024 05:00:00,0.0,469,280,16.7575
12/20/2024 07:00:00,0.0,469,280,18.1411
12/20/2024 09:00:00,0.0,469,280,19.3637
12/20/2024 11:00:00,0.0,469,280,17.6166
12/20/2024 13:00:00,0.0,469,280,17.5184
12/20/2024 15:00:00,0.0,469,280,15.7447
12/20/2024 17:00:00,0.0,469,280,19.3374
12/20/2024 19:00:00,0.0,469,280,19.0845
12/20/2024 21:00:00,0.0,469,280,18.0783
12/20/2024 23:00:00,0.0,469,280,19.8765
12/19/2024 01:00:00,147.0,584,0,0.0218
12/19/2024 03:00:00,147.0,584,0,16.0185
12/19/2024 05:00:00,147.0,584,0,15.8814
12/19/2024 07:00:00,147.0,584,0,20.7403
12/19/2024 09:00:00,147.0,584,0,19.8005
12/19/2024 11:00:00,147.0,584,0,0.0064
12/19/2024 13:00:00,147.0,584,0,0.0067
12/19/2024 15:00:00,147.0,584,0,0.0106
12/19/2024 17:00:00,147.0,584,0,22.0044
12/19/2024 19:00:00,147.0,584,0,16.4928
12/19/2024 21:00:00,147.0,584,0,22.3583
12/19/2024 23:00:00,147.0,584,0,19.1764
12/18/2024 01:00:00,2543.0,584,353,23.1251
12/18/2024 03:00:00,2543.0,584,353,31.5479
12/18/2024 05:00:00,2543.0,584,353,23.8487
12/18/2024 07:00:00,2543.0,584,353,23.7558
12/18/2024 09:00:00,2543.0,584,353,18.2248
12/18/2024 11:00:00,2543.0,584,353,15.2822
12/18/2024 13:00:00,2543.0,584,353,0.0185
12/18/2024 15:00:00,2543.0,584,353,17.4294
12/18/2024 17:00:00,2543.0,584,353,17.4455
12/18/2024 19:00:00,2543.0,584,353,18.8407
12/18/2024 21:00:00,2543.0,584,353,17.553
12/18/2024 23:00:00,2543.0,584,353,9.9623
12/17/2024 01:00:00,2622.0,611,356,19.4372
12/17/2024 03:00:00,2622.0,611,356,18.6118
12/17/2024 05:00:00,2622.0,611,356,18.6251
12/17/2024 07:00:00,2622.0,611,356,18.3413
12/17/2024 09:00:00,2622.0,611,356,18.1049
12/17/2024 11:00:00,2622.0,611,356,15.7175
12/17/2024 13:00:00,2622.0,611,356,0.0168
12/17/2024 15:00:00,2622.0,611,356,-39.1259
12/17/2024 17:00:00,2622.0,611,356,19.6759
12/17/2024 21:00:00,2622.0,611,356,21.9869
12/17/2024 23:00:00,2622.0,611,356,19.2197
12/16/2024 01:00:00,2468.0,589,331,18.4869
12/16/2024 03:00:00,2468.0,589,331,18.148
12/16/2024 05:00:00,2468.0,589,331,18.8365
12/16/2024 07:00:00,2468.0,589,331,21.9415
12/16/2024 09:00:00,2468.0,589,331,22.8783
12/16/2024 11:00:00,2468.0,589,331,18.9788
12/16/2024 13:00:00,2468.0,589,331,18.044
12/16/2024 17:00:00,2468.0,589,331,19.6634
12/16/2024 19:00:00,2468.0,589,331,22.851
12/16/2024 21:00:00,2468.0,589,331,18.4761
12/16/2024 23:00:00,2468.0,589,331,19.3734
12/15/2024 01:00:00,2284.0,619,318,19.1417
12/15/2024 03:00:00,2284.0,619,318,32.6223
12/15/2024 07:00:00,2284.0,619,318,15.9879
12/15/2024 09:00:00,2284.0,619,318,15.2137
12/15/2024 13:00:00,2284.0,619,318,0.0064
12/15/2024 15:00:00,2284.0,619,318,0.0065
12/15/2024 17:00:00,2284.0,619,318,17.4424
12/15/2024 19:00:00,2284.0,619,318,21.976
12/15/2024 21:00:00,2284.0,619,318,14.8972
12/15/2024 23:00:00,2284.0,619,318,18.6439
12/14/2024 07:00:00,2317.0,600,283,18.8028
12/14/2024 09:00:00,2317.0,600,283,20.1556
12/14/2024 11:00:00,2317.0,600,283,19.0144
12/14/2024 13:00:00,2317.0,600,283,17.3007
12/14/2024 15:00:00,2317.0,600,283,0.0097
12/14/2024 17:00:00,2317.0,600,283,18.324
12/14/2024 19:00:00,2317.0,600,283,16.9726
12/14/2024 21:00:00,2317.0,600,283,15.8495
12/14/2024 23:00:00,2317.0,600,283,15.7517
12/13/2024 01:00:00,1933.0,601,291,19.9899
12/13/2024 03:00:00,1933.0,601,291,20.0558
12/13/2024 05:00:00,1933.0,601,291,37.2363
12/13/2024 07:00:00,1933.0,601,291,51.4916
12/13/2024 09:00:00,1933.0,601,291,30.9687
12/13/2024 11:00:00,1933.0,601,291,19.0534
12/13/2024 13:00:00,1933.0,601,291,16.62
12/13/2024 15:00:00,1933.0,601,291,18.3103
12/13/2024 17:00:00,1933.0,601,291,28.3517
12/13/2024 19:00:00,1933.0,601,291,16.8001
12/13/2024 21:00:00,1933.0,601,291,15.8306
12/13/2024 23:00:00,1933.0,601,291,0.013
12/12/2024 01:00:00,2487.0,626,319,21.9578
12/12/2024 03:00:00,2487.0,626,319,23.1771
12/12/2024 05:00:00,2487.0,626,319,25.6416
12/12/2024 07:00:00,2487.0,626,319,26.184
12/12/2024 09:00:00,2487.0,626,319,26.725
12/12/2024 11:00:00,2487.0,626,319,28.8835
12/12/2024 13:00:00,2487.0,626,319,28.722
12/12/2024 15:00:00,2487.0,626,319,18.1494
12/12/2024 17:00:00,2487.0,626,319,25.0339
12/12/2024 19:00:00,2487.0,626,319,19.8394
12/12/2024 21:00:00,2487.0,626,319,18.3649
12/12/2024 23:00:00,2487.0,626,319,19.6229
12/11/2024 01:00:00,2519.0,644,324,33.8931
12/11/2024 03:00:00,2519.0,644,324,25.7027
12/11/2024 05:00:00,2519.0,644,324,25.4086
12/11/2024 07:00:00,2519.0,644,324,33.8604
12/11/2024 09:00:00,2519.0,644,324,16.4484
12/11/2024 11:00:00,2519.0,644,324,19.033
12/11/2024 13:00:00,2519.0,644,324,18.9211
12/11/2024 15:00:00,2519.0,644,324,18.0716
12/11/2024 17:00:00,2519.0,644,324,25.0081
12/11/2024 19:00:00,2519.0,644,324,25.9532
12/11/2024 21:00:00,2519.0,644,324,27.2092
12/11/2024 23:00:00,2519.0,644,324,28.5131
12/10/2024 01:00:00,1715.0,578,337,20.2163
12/10/2024 03:00:00,1715.0,578,337,16.7925
12/10/2024 05:00:00,1715.0,578,337,19.3972
12/10/2024 07:00:00,1715.0,578,337,38.9638
12/10/2024 09:00:00,1715.0,578,337,17.9306
12/10/2024 11:00:00,1715.0,578,337,0.008
12/10/2024 13:00:00,1715.0,578,337,-2.0618
12/10/2024 15:00:00,1715.0,578,337,-0.0015
12/10/2024 17:00:00,1715.0,578,337,21.506
12/10/2024 19:00:00,1715.0,578,337,47.8385
12/10/2024 21:00:00,1715.0,578,337,30.9807
12/10/2024 23:00:00,1715.0,578,337,24.7103
12/09/2024 01:00:00,2372.0,594,326,24.2601
12/09/2024 03:00:00,2372.0,594,326,15.9904
12/09/2024 05:00:00,2372.0,594,326,17.5515
12/09/2024 07:00:00,2372.0,594,326,23.2127
12/09/2024 09:00:00,2372.0,594,326,20.8208
12/09/2024 11:00:00,2372.0,594,326,17.3807
12/09/2024 13:00:00,2372.0,594,326,15.3497
12/09/2024 15:00:00,2372.0,594,326,14.9897
12/09/2024 17:00:00,2372.0,594,326,20.2266
12/09/2024 19:00:00,2372.0,594,326,27.5247
12/09/2024 21:00:00,2372.0,594,326,25.1917
12/09/2024 23:00:00,2372.0,594,326,22.2142
12/08/2024 01:00:00,2576.0,612,330,17.0303
12/08/2024 03:00:00,2576.0,612,330,18.4117
12/08/2024 05:00:00,2576.0,612,330,21.1899
12/08/2024 07:00:00,2576.0,612,330,39.2384
12/08/2024 09:00:00,2576.0,612,330,18.2674
12/08/2024 11:00:00,2576.0,612,330,16.0683
12/08/2024 15:00:00,2576.0,612,330,15.1465
12/08/2024 17:00:00,2576.0,612,330,17.5767
12/08/2024 19:00:00,2576.0,612,330,31.4726
12/08/2024 21:00:00,2576.0,612,330,26.1669
12/08/2024 23:00:00,2576.0,612,330,26.1648
12/07/2024 01:00:00,2549.0,552,296,18.8753
12/07/2024 03:00:00,2549.0,552,296,19.5942
12/07/2024 05:00:00,2549.0,552,296,19.1776
12/07/2024 07:00:00,2549.0,552,296,24.0404
12/07/2024 09:00:00,2549.0,552,296,19.52
12/07/2024 11:00:00,2549.0,552,296,17.4395
12/07/2024 13:00:00,2549.0,552,296,18.0368
12/07/2024 15:00:00,2549.0,552,296,17.0156
12/07/2024 17:00:00,2549.0,552,296,43.5517
12/07/2024 19:00:00,2549.0,552,296,24.1128
12/07/2024 21:00:00,2549.0,552,296,19.8919
12/07/2024 23:00:00,2549.0,552,296,27.1968
12/06/2024 01:00:00,2701.0,575,327,36.0415
12/06/2024 03:00:00,2701.0,575,327,48.2306
12/06/2024 05:00:00,2701.0,575,327,26.4786
12/06/2024 07:00:00,2701.0,575,327,22.5102
12/06/2024 11:00:00,2701.0,575,327,20.7983
12/06/2024 13:00:00,2701.0,575,327,24.3329
12/06/2024 15:00:00,2701.0,575,327,16.9142
12/06/2024 17:00:00,2701.0,575,327,25.5071
12/06/2024 19:00:00,2701.0,575,327,25.7352
12/06/2024 21:00:00,2701.0,575,327,23.9108
12/06/2024 23:00:00,2701.0,575,327,17.5324
12/05/2024 01:00:00,2644.0,650,366,22.9506
12/05/2024 03:00:00,2644.0,650,366,25.1842
12/05/2024 05:00:00,2644.0,650,366,18.9984
12/05/2024 07:00:00,2644.0,650,366,25.1585
12/05/2024 09:00:00,2644.0,650,366,28.5656
12/05/2024 11:00:00,2644.0,650,366,14.186
12/05/2024 13:00:00,2644.0,650,366,17.4957
12/05/2024 15:00:00,2644.0,650,366,16.3982
12/05/2024 17:00:00,2644.0,650,366,38.0115
12/05/2024 19:00:00,2644.0,650,366,26.7078
12/05/2024 21:00:00,2644.0,650,366,26.0998
12/05/2024 23:00:00,2644.0,650,366,26.6002
12/04/2024 01:00:00,2414.0,565,340,15.7389
12/04/2024 03:00:00,2414.0,565,340,15.9394
12/04/2024 05:00:00,2414.0,565,340,20.8458
12/04/2024 07:00:00,2414.0,565,340,25.5109
12/04/2024 09:00:00,2414.0,565,340,19.6955
12/04/2024 11:00:00,2414.0,565,340,17.9894
12/04/2024 15:00:00,2414.0,565,340,18.1608
12/04/2024 17:00:00,2414.0,565,340,39.4236
12/04/2024 19:00:00,2414.0,565,340,27.8322
12/04/2024 21:00:00,2414.0,565,340,39.2021
12/04/2024 23:00:00,2414.0,565,340,34.2745
12/03/2024 01:00:00,2567.0,580,336,19.9424
12/03/2024 03:00:00,2567.0,580,336,20.5899
12/03/2024 05:00:00,2567.0,580,336,39.0044
12/03/2024 07:00:00,2567.0,580,336,38.9571
12/03/2024 09:00:00,2567.0,580,336,23.7733
12/03/2024 11:00:00,2567.0,580,336,18.4417
12/03/2024 13:00:00,2567.0,580,336,18.5567
12/03/2024 15:00:00,2567.0,580,336,18.6316
12/03/2024 17:00:00,2567.0,580,336,40.8121
12/03/2024 19:00:00,2567.0,580,336,41.1311
12/03/2024 21:00:00,2567.0,580,336,18.8315
12/03/2024 23:00:00,2567.0,580,336,18.5078
12/02/2024 01:00:00,2501.0,583,330,27.6086
12/02/2024 03:00:00,2501.0,583,330,28.8904
12/02/2024 05:00:00,2501.0,583,330,44.9336
12/02/2024 07:00:00,2501.0,583,330,43.1447
12/02/2024 09:00:00,2501.0,583,330,28.7692
12/02/2024 11:00:00,2501.0,583,330,22.7754
12/02/2024 13:00:00,2501.0,583,330,26.0805
12/02/2024 15:00:00,2501.0,583,330,28.0385
12/02/2024 17:00:00,2501.0,583,330,40.5842
12/02/2024 19:00:00,2501.0,583,330,19.8175
12/02/2024 21:00:00,2501.0,583,330,82.6242
12/02/2024 23:00:00,2501.0,583,330,20.6789
12/01/2024 01:00:00,2611.0,606,332,23.0126
12/01/2024 03:00:00,2611.0,606,332,20.9054
12/01/2024 05:00:00,2611.0,606,332,21.9366
12/01/2024 07:00:00,2611.0,606,332,39.3946
12/01/2024 09:00:00,2611.0,606,332,27.7836
12/01/2024 11:00:00,2611.0,606,332,15.4071
12/01/2024 13:00:00,2611.0,606,332,17.7497
12/01/2024 15:00:00,2611.0,606,332,17.8508
12/01/2024 17:00:00,2611.0,606,332,41.6127
12/01/2024 19:00:00,2611.0,606,332,44.6811
12/01/2024 21:00:00,2611.0,606,332,27.3866
12/01/2024 23:00:00,2611.0,606,332,28.5797
11/30/2024 01:00:00,2309.0,608,309,0.0147
11/30/2024 03:00:00,2309.0,608,309,0.0174
11/30/2024 05:00:00,2309.0,608,309,0.0224
11/30/2024 07:00:00,2309.0,608,309,17.8991
11/30/2024 09:00:00,2309.0,608,309,18.5617
11/30/2024 11:00:00,2309.0,608,309,19.445
11/30/2024 13:00:00,2309.0,608,309,19.1325
11/30/2024 15:00:00,2309.0,608,309,17.9977
11/30/2024 17:00:00,2309.0,608,309,40.616
11/30/2024 19:00:00,2309.0,608,309,28.754
11/30/2024 21:00:00,2309.0,608,309,23.7839
11/30/2024 23:00:00,2309.0,608,309,29.4657
11/29/2024 01:00:00,2558.0,566,316,20.5804
11/29/2024 03:00:00,2558.0,566,316,18.4823
11/29/2024 05:00:00,2558.0,566,316,20.5182
11/29/2024 07:00:00,2558.0,566,316,26.8911
11/29/2024 09:00:00,2558.0,566,316,23.5844
11/29/2024 11:00:00,2558.0,566,316,21.1751
11/29/2024 13:00:00,2558.0,566,316,19.104
11/29/2024 15:00:00,2558.0,566,316,18.0464
11/29/2024 17:00:00,2558.0,566,316,28.6728
11/29/2024 19:00:00,2558.0,566,316,27.5358
11/29/2024 21:00:00,2558.0,566,316,23.905
11/29/2024 23:00:00,2558.0,566,316,19.8924
11/28/2024 01:00:00,1372.0,503,324,46.8976
11/28/2024 03:00:00,1372.0,503,324,31.204
11/28/2024 05:00:00,1372.0,503,324,26.7457
11/28/2024 07:00:00,1372.0,503,324,23.7177
11/28/2024 09:00:00,1372.0,503,324,19.8767
11/28/2024 11:00:00,1372.0,503,324,16.8489
11/28/2024 13:00:00,1372.0,503,324,16.4872
11/28/2024 15:00:00,1372.0,503,324,0.0083
11/28/2024 17:00:00,1372.0,503,324,37.6872
11/28/2024 19:00:00,1372.0,503,324,28.6894
11/28/2024 21:00:00,1372.0,503,324,24.086
11/28/2024 23:00:00,1372.0,503,324,18.9775
11/27/2024 01:00:00,2663.0,591,331,44.1503
11/27/2024 03:00:00,2663.0,591,331,17.7579
11/27/2024 05:00:00,2663.0,591,331,18.0429
11/27/2024 07:00:00,2663.0,591,331,24.5357
11/27/2024 09:00:00,2663.0,591,331,18.0606
11/27/2024 11:00:00,2663.0,591,331,25.4453
11/27/2024 13:00:00,2663.0,591,331,8.9933
11/27/2024 15:00:00,2663.0,591,331,8.0607
11/27/2024 17:00:00,2663.0,591,331,20.54
11/27/2024 19:00:00,2663.0,591,331,19.0589
11/27/2024 21:00:00,2663.0,591,331,27.9042
11/27/2024 23:00:00,2663.0,591,331,38.5115
11/26/2024 01:00:00,1777.0,566,364,17.0437
11/26/2024 03:00:00,1777.0,566,364,23.9856
11/26/2024 05:00:00,1777.0,566,364,21.7739
11/26/2024 07:00:00,1777.0,566,364,40.7943
11/26/2024 09:00:00,1777.0,566,364,23.0596
11/26/2024 11:00:00,1777.0,566,364,22.793
11/26/2024 13:00:00,1777.0,566,364,21.554
11/26/2024 15:00:00,1777.0,566,364,27.2996
11/26/2024 17:00:00,1777.0,566,364,43.12
11/26/2024 21:00:00,1777.0,566,364,24.1063
11/26/2024 23:00:00,1777.0,566,364,27.666
11/25/2024 01:00:00,1802.0,535,342,15.7398
11/25/2024 03:00:00,1802.0,535,342,15.9109
11/25/2024 05:00:00,1802.0,535,342,21.1473
11/25/2024 07:00:00,1802.0,535,342,38.2022
11/25/2024 09:00:00,1802.0,535,342,22.9995
11/25/2024 11:00:00,1802.0,535,342,18.1983
11/25/2024 13:00:00,1802.0,535,342,21.7301
11/25/2024 15:00:00,1802.0,535,342,15.4693
11/25/2024 17:00:00,1802.0,535,342,38.0279
11/25/2024 19:00:00,1802.0,535,342,21.9013
11/25/2024 21:00:00,1802.0,535,342,14.833
11/25/2024 23:00:00,1802.0,535,342,25.5617
11/24/2024 01:00:00,2393.0,646,356,15.2897
11/24/2024 03:00:00,2393.0,646,356,15.0009
11/24/2024 05:00:00,2393.0,646,356,22.8599
11/24/2024 07:00:00,2393.0,646,356,30.5539
11/24/2024 09:00:00,2393.0,646,356,15.5499
11/24/2024 11:00:00,2393.0,646,356,14.3553
11/24/2024 13:00:00,2393.0,646,356,14.9488
11/24/2024 15:00:00,2393.0,646,356,12.8774
11/24/2024 17:00:00,2393.0,646,356,0.0155
11/24/2024 19:00:00,2393.0,646,356,16.038
11/24/2024 21:00:00,2393.0,646,356,16.046
11/24/2024 23:00:00,2393.0,646,356,20.1978
11/23/2024 01:00:00,2238.0,540,304,22.4521
11/23/2024 03:00:00,2238.0,540,304,26.1989
11/23/2024 05:00:00,2238.0,540,304,28.5079
11/23/2024 07:00:00,2238.0,540,304,26.41
11/23/2024 09:00:00,2238.0,540,304,26.3277
11/23/2024 11:00:00,2238.0,540,304,18.5494
11/23/2024 13:00:00,2238.0,540,304,15.126
11/23/2024 15:00:00,2238.0,540,304,14.4683
11/23/2024 17:00:00,2238.0,540,304,14.6489
11/23/2024 19:00:00,2238.0,540,304,20.5679
11/23/2024 21:00:00,2238.0,540,304,16.2609
11/23/2024 23:00:00,2238.0,540,304,16.5397
11/22/2024 01:00:00,1534.0,623,303,22.0603
11/22/2024 03:00:00,1534.0,623,303,22.4852
11/22/2024 05:00:00,1534.0,623,303,22.4781
11/22/2024 07:00:00,1534.0,623,303,38.41
11/22/2024 09:00:00,1534.0,623,303,21.4292
11/22/2024 11:00:00,1534.0,623,303,21.2089
11/22/2024 13:00:00,1534.0,623,303,17.5448
11/22/2024 15:00:00,1534.0,623,303,16.8971
11/22/2024 17:00:00,1534.0,623,303,22.6249
11/22/2024 19:00:00,1534.0,623,303,22.251
11/22/2024 21:00:00,1534.0,623,303,18.6748
11/22/2024 23:00:00,1534.0,623,303,19.3411
11/21/2024 01:00:00,183.0,638,0,29.7935
11/21/2024 03:00:00,183.0,638,0,20.2487
11/21/2024 05:00:00,183.0,638,0,27.1539
11/21/2024 07:00:00,183.0,638,0,38.5716
11/21/2024 09:00:00,183.0,638,0,14.2652
11/21/2024 11:00:00,183.0,638,0,14.1227
11/21/2024 13:00:00,183.0,638,0,12.8149
11/21/2024 15:00:00,183.0,638,0,0.0048
11/21/2024 17:00:00,183.0,638,0,16.2991
11/21/2024 19:00:00,183.0,638,0,24.2988
11/21/2024 21:00:00,183.0,638,0,15.6022
11/21/2024 23:00:00,183.0,638,0,23.2997
11/20/2024 01:00:00,2709.0,638,333,20.9473
11/20/2024 03:00:00,2709.0,638,333,12.8907
11/20/2024 05:00:00,2709.0,638,333,17.706
11/20/2024 07:00:00,2709.0,638,333,34.5863
11/20/2024 09:00:00,2709.0,638,333,13.0609
11/20/2024 11:00:00,2709.0,638,333,0.0172
11/20/2024 13:00:00,2709.0,638,333,13.0775
11/20/2024 15:00:00,2709.0,638,333,12.7142
11/20/2024 17:00:00,2709.0,638,333,37.8806
11/20/2024 19:00:00,2709.0,638,333,19.5864
11/20/2024 21:00:00,2709.0,638,333,20.5783
11/20/2024 23:00:00,2709.0,638,333,39.031
11/19/2024 01:00:00,2993.0,617,322,-31.8599
11/19/2024 03:00:00,2993.0,617,322,0.0086
11/19/2024 05:00:00,2993.0,617,322,0.0101
11/19/2024 07:00:00,2993.0,617,322,11.649
11/19/2024 09:00:00,2993.0,617,322,25.8279
11/19/2024 11:00:00,2993.0,617,322,12.7455
11/19/2024 13:00:00,2993.0,617,322,11.473
11/19/2024 15:00:00,2993.0,617,322,0.0083
11/19/2024 17:00:00,2993.0,617,322,12.7006
11/19/2024 19:00:00,2993.0,617,322,83.0574
11/19/2024 21:00:00,2993.0,617,322,22.6883
11/19/2024 23:00:00,2993.0,617,322,20.5856
11/18/2024 01:00:00,2357.0,612,329,11.3814
11/18/2024 03:00:00,2357.0,612,329,18.3047
11/18/2024 05:00:00,2357.0,612,329,22.1001
11/18/2024 07:00:00,2357.0,612,329,25.9648
11/18/2024 09:00:00,2357.0,612,329,11.4681
11/18/2024 11:00:00,2357.0,612,329,0.0105
11/18/2024 13:00:00,2357.0,612,329,0.4349
11/18/2024 15:00:00,2357.0,612,329,0.2046
11/18/2024 17:00:00,2357.0,612,329,0.0082
11/18/2024 19:00:00,2357.0,612,329,10.9674
11/18/2024 21:00:00,2357.0,612,329,12.1565
11/18/2024 23:00:00,2357.0,612,329,11.2824
11/17/2024 01:00:00,2463.0,585,317,19.6475
11/17/2024 03:00:00,2463.0,585,317,20.1292
11/17/2024 05:00:00,2463.0,585,317,11.8102
11/17/2024 07:00:00,2463.0,585,317,20.4857
11/17/2024 09:00:00,2463.0,585,317,0.0086
11/17/2024 11:00:00,2463.0,585,317,0.0039
11/17/2024 13:00:00,2463.0,585,317,0.0014
11/17/2024 15:00:00,2463.0,585,317,-0.0005
11/17/2024 17:00:00,2463.0,585,317,37.4362
11/17/2024 19:00:00,2463.0,585,317,28.3091
11/17/2024 21:00:00,2463.0,585,317,20.0852
11/17/2024 23:00:00,2463.0,585,317,16.6365
11/16/2024 01:00:00,2625.0,629,293,0.0106
11/16/2024 07:00:00,2625.0,629,293,12.1447
11/16/2024 09:00:00,2625.0,629,293,0.0142
11/16/2024 11:00:00,2625.0,629,293,0.0064
11/16/2024 13:00:00,2625.0,629,293,0.0056
11/16/2024 15:00:00,2625.0,629,293,0.0073
11/16/2024 17:00:00,2625.0,629,293,38.0353
11/16/2024 19:00:00,2625.0,629,293,26.0878
11/16/2024 21:00:00,2625.0,629,293,16.3597
11/16/2024 23:00:00,2625.0,629,293,20.4114
11/15/2024 01:00:00,2345.0,592,301,22.5107
11/15/2024 03:00:00,2345.0,592,301,20.1776
11/15/2024 05:00:00,2345.0,592,301,22.4828
11/15/2024 07:00:00,2345.0,592,301,19.1195
11/15/2024 09:00:00,2345.0,592,301,13.865
11/15/2024 11:00:00,2345.0,592,301,12.0189
11/15/2024 13:00:00,2345.0,592,301,0.0095
11/15/2024 15:00:00,2345.0,592,301,-5.3076
11/15/2024 17:00:00,2345.0,592,301,9.5965
11/15/2024 19:00:00,2345.0,592,301,12.0078
11/15/2024 21:00:00,2345.0,592,301,11.4744
11/15/2024 23:00:00,2345.0,592,301,11.2771
11/14/2024 01:00:00,2856.0,573,311,13.3141
11/14/2024 03:00:00,2856.0,573,311,16.1909
11/14/2024 05:00:00,2856.0,573,311,23.5006
11/14/2024 07:00:00,2856.0,573,311,37.7324
11/14/2024 09:00:00,2856.0,573,311,11.3773
11/14/2024 11:00:00,2856.0,573,311,12.1493
11/14/2024 15:00:00,2856.0,573,311,12.4774
11/14/2024 17:00:00,2856.0,573,311,37.6682
11/14/2024 19:00:00,2856.0,573,311,15.2494
11/14/2024 21:00:00,2856.0,573,311,17.8072
11/14/2024 23:00:00,2856.0,573,311,27.8424
11/13/2024 01:00:00,3192.0,631,351,6.8387
11/13/2024 03:00:00,3192.0,631,351,7.2329
11/13/2024 05:00:00,3192.0,631,351,6.3954
11/13/2024 07:00:00,3192.0,631,351,7.6973
11/13/2024 11:00:00,3192.0,631,351,0.5377
11/13/2024 13:00:00,3192.0,631,351,0.0101
11/13/2024 15:00:00,3192.0,631,351,10.1178
11/13/2024 17:00:00,3192.0,631,351,17.8846
11/13/2024 19:00:00,3192.0,631,351,21.7814
11/13/2024 21:00:00,3192.0,631,351,17.4847
11/13/2024 23:00:00,3192.0,631,351,12.9909
11/12/2024 01:00:00,3143.0,620,351,7.5145
11/12/2024 03:00:00,3143.0,620,351,7.5294
11/12/2024 05:00:00,3143.0,620,351,7.341
11/12/2024 07:00:00,3143.0,620,351,20.871
11/12/2024 09:00:00,3143.0,620,351,0.721
11/12/2024 11:00:00,3143.0,620,351,7.2492
11/12/2024 13:00:00,3143.0,620,351,7.1555
11/12/2024 15:00:00,3143.0,620,351,7.0752
11/12/2024 17:00:00,3143.0,620,351,10.954
11/12/2024 19:00:00,3143.0,620,351,8.0368
11/12/2024 21:00:00,3143.0,620,351,6.5052
11/12/2024 23:00:00,3143.0,620,351,0.0244
11/11/2024 01:00:00,3062.0,673,365,38.1653
11/11/2024 03:00:00,3062.0,673,365,22.1308
11/11/2024 05:00:00,3062.0,673,365,22.1468
11/11/2024 07:00:00,3062.0,673,365,22.523
11/11/2024 09:00:00,3062.0,673,365,11.6921
11/11/2024 11:00:00,3062.0,673,365,10.7003
11/11/2024 13:00:00,3062.0,673,365,12.5146
11/11/2024 15:00:00,3062.0,673,365,12.7496
11/11/2024 17:00:00,3062.0,673,365,37.9056
11/11/2024 19:00:00,3062.0,673,365,14.6061
11/11/2024 21:00:00,3062.0,673,365,7.8092
11/11/2024 23:00:00,3062.0,673,365,6.5329
11/10/2024 01:00:00,3125.0,642,358,8.7278
11/10/2024 03:00:00,3125.0,642,358,7.4741
11/10/2024 05:00:00,3125.0,642,358,7.1448
11/10/2024 07:00:00,3125.0,642,358,8.7493
11/10/2024 09:00:00,3125.0,642,358,7.9367
11/10/2024 11:00:00,3125.0,642,358,8.8044
11/10/2024 13:00:00,3125.0,642,358,11.2584
11/10/2024 15:00:00,3125.0,642,358,6.7715
11/10/2024 17:00:00,3125.0,642,358,37.7636
11/10/2024 19:00:00,3125.0,642,358,15.632
11/10/2024 21:00:00,3125.0,642,358,11.0785
11/10/2024 23:00:00,3125.0,642,358,16.8
11/09/2024 01:00:00,2486.0,590,322,9.75
11/09/2024 05:00:00,2486.0,590,322,0.0054
11/09/2024 07:00:00,2486.0,590,322,0.0057
11/09/2024 09:00:00,2486.0,590,322,0.0063
11/09/2024 11:00:00,2486.0,590,322,-3.0652
11/09/2024 13:00:00,2486.0,590,322,5.8629
11/09/2024 15:00:00,2486.0,590,322,-40.598
11/09/2024 17:00:00,2486.0,590,322,5.8752
11/09/2024 19:00:00,2486.0,590,322,19.9058
11/09/2024 21:00:00,2486.0,590,322,11.3954
11/09/2024 23:00:00,2486.0,590,322,10.2247
11/08/2024 01:00:00,2514.0,666,322,18.6907
11/08/2024 03:00:00,2514.0,666,322,17.2177
11/08/2024 05:00:00,2514.0,666,322,17.0727
11/08/2024 07:00:00,2514.0,666,322,20.6869
11/08/2024 09:00:00,2514.0,666,322,18.5273
11/08/2024 11:00:00,2514.0,666,322,13.6265
11/08/2024 13:00:00,2514.0,666,322,8.4538
11/08/2024 15:00:00,2514.0,666,322,7.9532
11/08/2024 17:00:00,2514.0,666,322,24.7646
11/08/2024 19:00:00,2514.0,666,322,12.4847
11/08/2024 21:00:00,2514.0,666,322,8.0841
11/08/2024 23:00:00,2514.0,666,322,0.0055
11/07/2024 01:00:00,2503.0,665,331,17.1571
11/07/2024 03:00:00,2503.0,665,331,15.9266
11/07/2024 05:00:00,2503.0,665,331,17.5119
11/07/2024 07:00:00,2503.0,665,331,38.548
11/07/2024 09:00:00,2503.0,665,331,16.3328
11/07/2024 11:00:00,2503.0,665,331,14.0772
11/07/2024 13:00:00,2503.0,665,331,10.536
11/07/2024 15:00:00,2503.0,665,331,10.4443
11/07/2024 17:00:00,2503.0,665,331,13.4456
11/07/2024 19:00:00,2503.0,665,331,17.8196
11/07/2024 21:00:00,2503.0,665,331,13.843
11/07/2024 23:00:00,2503.0,665,331,14.0626
11/06/2024 01:00:00,2436.0,657,334,13.5842
11/06/2024 03:00:00,2436.0,657,334,7.3507
11/06/2024 05:00:00,2436.0,657,334,6.7638
11/06/2024 07:00:00,2436.0,657,334,0.0156
11/06/2024 09:00:00,2436.0,657,334,27.05
11/06/2024 11:00:00,2436.0,657,334,4.4532
11/06/2024 13:00:00,2436.0,657,334,0.3522
11/06/2024 15:00:00,2436.0,657,334,0.493
11/06/2024 17:00:00,2436.0,657,334,13.8973
11/06/2024 19:00:00,2436.0,657,334,20.4412
11/06/2024 21:00:00,2436.0,657,334,18.7137
11/06/2024 23:00:00,2436.0,657,334,15.9271
11/05/2024 01:00:00,2167.0,651,337,-5.2599
11/05/2024 03:00:00,2167.0,651,337,6.9723
11/05/2024 05:00:00,2167.0,651,337,14.6078
11/05/2024 07:00:00,2167.0,651,337,20.3762
11/05/2024 09:00:00,2167.0,651,337,6.8414
11/05/2024 11:00:00,2167.0,651,337,7.3813
11/05/2024 13:00:00,2167.0,651,337,9.6822
11/05/2024 15:00:00,2167.0,651,337,7.642
11/05/2024 17:00:00,2167.0,651,337,9.7889
11/05/2024 19:00:00,2167.0,651,337,32.9541
11/05/2024 21:00:00,2167.0,651,337,14.1098
11/05/2024 23:00:00,2167.0,651,337,11.7354
11/04/2024 01:00:00,2298.0,595,366,2.3039
11/04/2024 03:00:00,2298.0,595,366,2.9614
11/04/2024 05:00:00,2298.0,595,366,-0.3771
11/04/2024 07:00:00,2298.0,595,366,9.6097
11/04/2024 09:00:00,2298.0,595,366,2.4875
11/04/2024 11:00:00,2298.0,595,366,6.2346
11/04/2024 13:00:00,2298.0,595,366,0.207
11/04/2024 15:00:00,2298.0,595,366,6.902
11/04/2024 17:00:00,2298.0,595,366,29.003
11/04/2024 19:00:00,2298.0,595,366,-43.1429
11/04/2024 21:00:00,2298.0,595,366,23.2179
11/04/2024 23:00:00,2298.0,595,366,28.2881
11/03/2024 01:00:00,1883.0,637,380,12.6946
11/03/2024 03:00:00,1883.0,637,380,9.4269
11/03/2024 05:00:00,1883.0,637,380,8.0533
11/03/2024 07:00:00,1883.0,637,380,12.2875
11/03/2024 13:00:00,1883.0,637,380,7.5825
11/03/2024 15:00:00,1883.0,637,380,7.5103
11/03/2024 17:00:00,1883.0,637,380,7.5739
11/03/2024 19:00:00,1883.0,637,380,16.1383
11/03/2024 21:00:00,1883.0,637,380,7.8414
11/03/2024 23:00:00,1883.0,637,380,-2.2427
11/02/2024 01:00:00,123.0,599,0,7.8706
11/02/2024 03:00:00,123.0,599,0,11.3814
11/02/2024 05:00:00,123.0,599,0,21.0374
11/02/2024 07:00:00,123.0,599,0,33.8113
11/02/2024 09:00:00,123.0,599,0,35.6527
11/02/2024 11:00:00,123.0,599,0,14.7195
11/02/2024 13:00:00,123.0,599,0,9.2782
11/02/2024 17:00:00,123.0,599,0,-37.0482
11/02/2024 19:00:00,123.0,599,0,7.298
11/02/2024 21:00:00,123.0,599,0,-0.7081
11/02/2024 23:00:00,123.0,599,0,-19.5944
11/01/2024 01:00:00,1654.0,599,362,11.903
11/01/2024 03:00:00,1654.0,599,362,15.5732
11/01/2024 05:00:00,1654.0,599,362,20.5758
11/01/2024 07:00:00,1654.0,599,362,20.913
11/01/2024 09:00:00,1654.0,599,362,17.1305
11/01/2024 11:00:00,1654.0,599,362,9.6739
11/01/2024 13:00:00,1654.0,599,362,10.2676
11/01/2024 15:00:00,1654.0,599,362,10.6878
11/01/2024 17:00:00,1654.0,599,362,14.4069
11/01/2024 19:00:00,1654.0,599,362,15.5465
11/01/2024 21:00:00,1654.0,599,362,11.217
11/01/2024 23:00:00,1654.0,599,362,9.4843
10/31/2024 01:00:00,2384.0,652,401,19.6189
10/31/2024 03:00:00,2384.0,652,401,14.8968
10/31/2024 05:00:00,2384.0,652,401,20.2748
10/31/2024 07:00:00,2384.0,652,401,28.0545
10/31/2024 09:00:00,2384.0,652,401,21.6712
10/31/2024 11:00:00,2384.0,652,401,14.8636
10/31/2024 13:00:00,2384.0,652,401,11.6673
10/31/2024 15:00:00,2384.0,652,401,-39.8839
10/31/2024 19:00:00,2384.0,652,401,13.8865
10/31/2024 21:00:00,2384.0,652,401,3.7002
10/31/2024 23:00:00,2384.0,652,401,4.3815
10/30/2024 01:00:00,3380.0,652,391,17.5149
10/30/2024 03:00:00,3380.0,652,391,16.2446
10/30/2024 05:00:00,3380.0,652,391,15.3743
10/30/2024 07:00:00,3380.0,652,391,31.7837
10/30/2024 09:00:00,3380.0,652,391,19.0331
10/30/2024 11:00:00,3380.0,652,391,16.3869
10/30/2024 13:00:00,3380.0,652,391,15.9451
10/30/2024 15:00:00,3380.0,652,391,16.1357
10/30/2024 17:00:00,3380.0,652,391,33.2716
10/30/2024 19:00:00,3380.0,652,391,-51.4502
10/30/2024 21:00:00,3380.0,652,391,56.0105
10/30/2024 23:00:00,3380.0,652,391,14.363
10/29/2024 01:00:00,3379.0,677,398,15.4511
10/29/2024 03:00:00,3379.0,677,398,21.8523
10/29/2024 05:00:00,3379.0,677,398,35.1263
10/29/2024 07:00:00,3379.0,677,398,36.067
10/29/2024 09:00:00,3379.0,677,398,20.8617
10/29/2024 11:00:00,3379.0,677,398,1.1659
10/29/2024 13:00:00,3379.0,677,398,-2.21
10/29/2024 17:00:00,3379.0,677,398,-7.7074
10/29/2024 21:00:00,3379.0,677,398,15.332
10/29/2024 23:00:00,3379.0,677,398,16.2505
10/28/2024 03:00:00,3600.0,657,405,14.0328
10/28/2024 05:00:00,3600.0,657,405,14.9596
10/28/2024 07:00:00,3600.0,657,405,17.1335
10/28/2024 09:00:00,3600.0,657,405,18.3468
10/28/2024 11:00:00,3600.0,657,405,32.6314
10/28/2024 13:00:00,3600.0,657,405,17.4013
10/28/2024 15:00:00,3600.0,657,405,14.9218
10/28/2024 17:00:00,3600.0,657,405,12.7027
10/28/2024 19:00:00,3600.0,657,405,14.9582
10/28/2024 21:00:00,3600.0,657,405,12.8046
10/28/2024 23:00:00,3600.0,657,405,12.939
10/27/2024 01:00:00,2343.0,621,492,15.0308
10/27/2024 03:00:00,2343.0,621,492,21.8164
10/27/2024 05:00:00,2343.0,621,492,21.1102
10/27/2024 07:00:00,2343.0,621,492,21.1439
10/27/2024 09:00:00,2343.0,621,492,33.6567
10/27/2024 11:00:00,2343.0,621,492,14.9864
10/27/2024 13:00:00,2343.0,621,492,10.0443
10/27/2024 15:00:00,2343.0,621,492,12.3005
10/27/2024 17:00:00,2343.0,621,492,10.5324
10/27/2024 19:00:00,2343.0,621,492,10.2863
10/27/2024 21:00:00,2343.0,621,492,10.1296
10/27/2024 23:00:00,2343.0,621,492,0.5368
10/26/2024 05:00:00,3187.0,665,557,11.0177
10/26/2024 07:00:00,3187.0,665,557,13.2149
10/26/2024 09:00:00,3187.0,665,557,13.4034
10/26/2024 13:00:00,3187.0,665,557,-1.0565
10/26/2024 19:00:00,3187.0,665,557,16.5118
10/26/2024 21:00:00,3187.0,665,557,16.7798
10/26/2024 23:00:00,3187.0,665,557,14.3282
10/25/2024 01:00:00,3518.0,677,604,33.2904
10/25/2024 03:00:00,3518.0,677,604,30.9287
10/25/2024 05:00:00,3518.0,677,604,19.7583
10/25/2024 07:00:00,3518.0,677,604,21.9526
10/25/2024 09:00:00,3518.0,677,604,22.1994
10/25/2024 11:00:00,3518.0,677,604,12.0334
10/25/2024 13:00:00,3518.0,677,604,4.9974
10/25/2024 17:00:00,3518.0,677,604,12.8349
10/25/2024 19:00:00,3518.0,677,604,23.501
10/25/2024 21:00:00,3518.0,677,604,12.1818
10/25/2024 23:00:00,3518.0,677,604,10.6247
10/24/2024 03:00:00,3635.0,700,607,10.1819
10/24/2024 07:00:00,3635.0,700,607,26.3373
10/24/2024 09:00:00,3635.0,700,607,10.5544
10/24/2024 21:00:00,3635.0,700,607,0.0495
10/24/2024 23:00:00,3635.0,700,607,14.9405
10/23/2024 01:00:00,3654.0,741,606,12.3738
10/23/2024 03:00:00,3654.0,741,606,13.1551
10/23/2024 05:00:00,3654.0,741,606,23.2653
10/23/2024 07:00:00,3654.0,741,606,26.5196
10/23/2024 09:00:00,3654.0,741,606,13.5101
10/23/2024 11:00:00,3654.0,741,606,9.8871
10/23/2024 13:00:00,3654.0,741,606,9.9577
10/23/2024 15:00:00,3654.0,741,606,10.188
10/23/2024 17:00:00,3654.0,741,606,10.6211
10/23/2024 19:00:00,3654.0,741,606,19.8953
10/23/2024 21:00:00,3654.0,741,606,10.3326
10/23/2024 23:00:00,3654.0,741,606,-6.6366
10/22/2024 01:00:00,3676.0,724,631,66.7629
10/22/2024 03:00:00,3676.0,724,631,13.8888
10/22/2024 05:00:00,3676.0,724,631,12.2846
10/22/2024 07:00:00,3676.0,724,631,33.0367
10/22/2024 09:00:00,3676.0,724,631,23.4646
10/22/2024 11:00:00,3676.0,724,631,8.2332
10/22/2024 13:00:00,3676.0,724,631,8.2221
10/22/2024 15:00:00,3676.0,724,631,13.5379
10/22/2024 17:00:00,3676.0,724,631,20.4371
10/22/2024 19:00:00,3676.0,724,631,20.0139
10/22/2024 21:00:00,3676.0,724,631,12.4056
10/22/2024 23:00:00,3676.0,724,631,14.5438
10/21/2024 01:00:00,3676.0,734,598,9.7333
10/21/2024 07:00:00,3676.0,734,598,15.2619
10/21/2024 09:00:00,3676.0,734,598,14.3342
10/21/2024 11:00:00,3676.0,734,598,12.0401
10/21/2024 19:00:00,3676.0,734,598,32.3909
10/21/2024 21:00:00,3676.0,734,598,11.8925
10/21/2024 23:00:00,3676.0,734,598,-1.1437
10/20/2024 01:00:00,3602.0,712,527,14.4161
10/20/2024 03:00:00,3602.0,712,527,10.164
10/20/2024 05:00:00,3602.0,712,527,9.817
10/20/2024 07:00:00,3602.0,712,527,8.5111
10/20/2024 13:00:00,3602.0,712,527,-5.2726
10/20/2024 15:00:00,3602.0,712,527,0.0031
10/20/2024 17:00:00,3602.0,712,527,0.0067
10/20/2024 19:00:00,3602.0,712,527,52.2467
10/20/2024 21:00:00,3602.0,712,527,8.6573
10/20/2024 23:00:00,3602.0,712,527,0.0095
10/19/2024 01:00:00,3629.0,748,455,15.4554
10/19/2024 03:00:00,3629.0,748,455,10.9259
10/19/2024 05:00:00,3629.0,748,455,16.1464
10/19/2024 07:00:00,3629.0,748,455,17.8132
10/19/2024 09:00:00,3629.0,748,455,25.6003
10/19/2024 11:00:00,3629.0,748,455,14.1361
10/19/2024 13:00:00,3629.0,748,455,10.035
10/19/2024 15:00:00,3629.0,748,455,0.0049
10/19/2024 17:00:00,3629.0,748,455,0.0039
10/19/2024 19:00:00,3629.0,748,455,11.2226
10/19/2024 21:00:00,3629.0,748,455,12.0996
10/19/2024 23:00:00,3629.0,748,455,11.8088
10/18/2024 01:00:00,3309.0,679,464,2.1001
10/18/2024 03:00:00,3309.0,679,464,11.7045
10/18/2024 07:00:00,3309.0,679,464,0.007
10/18/2024 09:00:00,3309.0,679,464,13.3186
10/18/2024 11:00:00,3309.0,679,464,0.0048
10/18/2024 13:00:00,3309.0,679,464,1.9206
10/18/2024 17:00:00,3309.0,679,464,12.9117
10/18/2024 19:00:00,3309.0,679,464,16.8391
10/18/2024 21:00:00,3309.0,679,464,14.7176
10/18/2024 23:00:00,3309.0,679,464,16.5177
10/17/2024 01:00:00,3235.0,650,428,0.0001
10/17/2024 03:00:00,3235.0,650,428,11.3424
10/17/2024 05:00:00,3235.0,650,428,12.9314
10/17/2024 07:00:00,3235.0,650,428,13.3896
10/17/2024 09:00:00,3235.0,650,428,12.7311
10/17/2024 11:00:00,3235.0,650,428,15.9629
10/17/2024 13:00:00,3235.0,650,428,2.2467
10/17/2024 15:00:00,3235.0,650,428,1.5258
10/17/2024 17:00:00,3235.0,650,428,2.3392
10/17/2024 19:00:00,3235.0,650,428,12.4552
10/17/2024 21:00:00,3235.0,650,428,0.6355
10/17/2024 23:00:00,3235.0,650,428,2.2346
10/16/2024 01:00:00,3397.0,684,537,0.0078
10/16/2024 07:00:00,3397.0,684,537,9.8619
10/16/2024 09:00:00,3397.0,684,537,0.0001
10/16/2024 11:00:00,3397.0,684,537,0.0085
10/16/2024 13:00:00,3397.0,684,537,0.0047
10/16/2024 15:00:00,3397.0,684,537,0.0086
10/16/2024 17:00:00,3397.0,684,537,0.0117
10/16/2024 19:00:00,3397.0,684,537,16.6179
10/16/2024 21:00:00,3397.0,684,537,11.3449
10/16/2024 23:00:00,3397.0,684,537,12.8151
10/15/2024 01:00:00,3700.0,711,661,17.692
10/15/2024 03:00:00,3700.0,711,661,19.1649
10/15/2024 05:00:00,3700.0,711,661,16.9444
10/15/2024 07:00:00,3700.0,711,661,18.3946
10/15/2024 09:00:00,3700.0,711,661,18.1761
10/15/2024 11:00:00,3700.0,711,661,13.5197
10/15/2024 13:00:00,3700.0,711,661,13.7734
10/15/2024 15:00:00,3700.0,711,661,4.9613
10/15/2024 17:00:00,3700.0,711,661,14.277
10/15/2024 19:00:00,3700.0,711,661,14.3017
10/15/2024 21:00:00,3700.0,711,661,0.0069
10/15/2024 23:00:00,3700.0,711,661,0.0078
10/14/2024 01:00:00,3819.0,722,675,0.0067
10/14/2024 07:00:00,3819.0,722,675,18.1504
10/14/2024 09:00:00,3819.0,722,675,15.6138
10/14/2024 11:00:00,3819.0,722,675,16.0031
10/14/2024 13:00:00,3819.0,722,675,17.5879
10/14/2024 15:00:00,3819.0,722,675,23.3181
10/14/2024 17:00:00,3819.0,722,675,13.2924
10/14/2024 19:00:00,3819.0,722,675,21.059
10/14/2024 21:00:00,3819.0,722,675,20.2224
10/14/2024 23:00:00,3819.0,722,675,18.2445
10/13/2024 01:00:00,3900.0,751,712,20.9619
10/13/2024 03:00:00,3900.0,751,712,19.97
10/13/2024 05:00:00,3900.0,751,712,18.3553
10/13/2024 07:00:00,3900.0,751,712,15.2835
10/13/2024 09:00:00,3900.0,751,712,14.4405
10/13/2024 11:00:00,3900.0,751,712,0.0001
10/13/2024 13:00:00,3900.0,751,712,0.0001
10/13/2024 15:00:00,3900.0,751,712,14.0045
10/13/2024 17:00:00,3900.0,751,712,15.1973
10/13/2024 19:00:00,3900.0,751,712,31.6946
10/13/2024 21:00:00,3900.0,751,712,-0.7949
10/13/2024 23:00:00,3900.0,751,712,0.0082
10/12/2024 01:00:00,6115.0,852,672,18.7991
10/12/2024 03:00:00,6115.0,852,672,14.0297
10/12/2024 05:00:00,6115.0,852,672,14.2762
10/12/2024 07:00:00,6115.0,852,672,17.002
10/12/2024 09:00:00,6115.0,852,672,0.0046
10/12/2024 11:00:00,6115.0,852,672,0.0065
10/12/2024 13:00:00,6115.0,852,672,14.6939
10/12/2024 15:00:00,6115.0,852,672,18.5444
10/12/2024 17:00:00,6115.0,852,672,32.1396
10/12/2024 19:00:00,6115.0,852,672,24.4045
10/12/2024 21:00:00,6115.0,852,672,19.8597
10/12/2024 23:00:00,6115.0,852,672,19.9055
10/11/2024 01:00:00,6115.0,104,719,22.0675
10/11/2024 03:00:00,6115.0,104,719,20.613
10/11/2024 05:00:00,6115.0,104,719,15.1639
10/11/2024 07:00:00,6115.0,104,719,16.2579
10/11/2024 09:00:00,6115.0,104,719,15.4381
10/11/2024 11:00:00,6115.0,104,719,19.5731
10/11/2024 13:00:00,6115.0,104,719,20.388
10/11/2024 15:00:00,6115.0,104,719,32.9229
10/11/2024 17:00:00,6115.0,104,719,22.2722
10/11/2024 19:00:00,6115.0,104,719,32.1921
10/11/2024 21:00:00,6115.0,104,719,17.1359
10/11/2024 23:00:00,6115.0,104,719,18.5669
10/10/2024 01:00:00,3875.0,866,779,22.8104
10/10/2024 03:00:00,3875.0,866,779,18.6456
10/10/2024 05:00:00,3875.0,866,779,18.7611
10/10/2024 07:00:00,3875.0,866,779,20.9654
10/10/2024 09:00:00,3875.0,866,779,19.2373
10/10/2024 11:00:00,3875.0,866,779,19.68
10/10/2024 13:00:00,3875.0,866,779,17.8745
10/10/2024 15:00:00,3875.0,866,779,35.9989
10/10/2024 17:00:00,3875.0,866,779,18.6678
10/10/2024 19:00:00,3875.0,866,779,38.2128
10/10/2024 21:00:00,3875.0,866,779,20.7706
10/10/2024 23:00:00,3875.0,866,779,10.527
10/09/2024 01:00:00,3823.0,901,833,15.5638
10/09/2024 03:00:00,3823.0,901,833,18.1622
10/09/2024 05:00:00,3823.0,901,833,14.9896
10/09/2024 07:00:00,3823.0,901,833,20.1106
10/09/2024 09:00:00,3823.0,901,833,18.7786
10/09/2024 11:00:00,3823.0,901,833,17.9513
10/09/2024 13:00:00,3823.0,901,833,19.7581
10/09/2024 15:00:00,3823.0,901,833,26.9965
10/09/2024 17:00:00,3823.0,901,833,36.3964
10/09/2024 19:00:00,3823.0,901,833,26.8057
10/09/2024 21:00:00,3823.0,901,833,37.8819
10/09/2024 23:00:00,3823.0,901,833,22.5765
10/08/2024 01:00:00,3881.0,906,826,23.0571
10/08/2024 03:00:00,3881.0,906,826,19.829
10/08/2024 05:00:00,3881.0,906,826,22.5231
10/08/2024 07:00:00,3881.0,906,826,36.9463
10/08/2024 09:00:00,3881.0,906,826,19.4228
10/08/2024 11:00:00,3881.0,906,826,14.8072
10/08/2024 13:00:00,3881.0,906,826,16.7387
10/08/2024 15:00:00,3881.0,906,826,20.6024
10/08/2024 17:00:00,3881.0,906,826,26.1681
10/08/2024 19:00:00,3881.0,906,826,19.7172
10/08/2024 21:00:00,3881.0,906,826,19.7916
10/08/2024 23:00:00,3881.0,906,826,16.0372
10/07/2024 07:00:00,3663.0,914,908,16.128
10/07/2024 09:00:00,3663.0,914,908,13.5729
10/07/2024 11:00:00,3663.0,914,908,18.0217
10/07/2024 13:00:00,3663.0,914,908,17.3117
10/07/2024 15:00:00,3663.0,914,908,32.1765
10/07/2024 17:00:00,3663.0,914,908,51.0667
10/07/2024 19:00:00,3663.0,914,908,34.4198
10/07/2024 21:00:00,3663.0,914,908,23.2273
10/07/2024 23:00:00,3663.0,914,908,26.6076
10/06/2024 01:00:00,3746.0,891,921,20.246
10/06/2024 03:00:00,3746.0,891,921,20.1646
10/06/2024 05:00:00,3746.0,891,921,24.7454
10/06/2024 07:00:00,3746.0,891,921,26.7768
10/06/2024 09:00:00,3746.0,891,921,18.5486
10/06/2024 11:00:00,3746.0,891,921,14.1894
10/06/2024 13:00:00,3746.0,891,921,14.3681
10/06/2024 15:00:00,3746.0,891,921,13.2234
10/06/2024 17:00:00,3746.0,891,921,14.4957
10/06/2024 19:00:00,3746.0,891,921,36.9982
10/06/2024 21:00:00,3746.0,891,921,40.3522
10/06/2024 23:00:00,3746.0,891,921,0.016
10/05/2024 01:00:00,3759.0,799,947,0.0001
10/05/2024 03:00:00,3759.0,799,947,-29.5144
10/05/2024 05:00:00,3759.0,799,947,0.0001
10/05/2024 13:00:00,3759.0,799,947,10.0914
10/05/2024 15:00:00,3759.0,799,947,16.9953
10/05/2024 17:00:00,3759.0,799,947,19.7713
10/05/2024 19:00:00,3759.0,799,947,36.9889
10/05/2024 21:00:00,3759.0,799,947,18.379
10/05/2024 23:00:00,3759.0,799,947,14.9907
10/04/2024 01:00:00,3918.0,874,937,15.0717
10/04/2024 03:00:00,3918.0,874,937,14.3099
10/04/2024 05:00:00,3918.0,874,937,18.4226
10/04/2024 07:00:00,3918.0,874,937,18.0581
10/04/2024 09:00:00,3918.0,874,937,18.1967
10/04/2024 11:00:00,3918.0,874,937,14.0311
10/04/2024 13:00:00,3918.0,874,937,10.4396
10/04/2024 15:00:00,3918.0,874,937,15.5018
10/04/2024 17:00:00,3918.0,874,937,14.6216
10/04/2024 19:00:00,3918.0,874,937,21.6834
10/04/2024 21:00:00,3918.0,874,937,10.6186
10/04/2024 23:00:00,3918.0,874,937,-30.0343
10/03/2024 01:00:00,4002.0,859,919,37.2053
10/03/2024 03:00:00,4002.0,859,919,19.5647
10/03/2024 05:00:00,4002.0,859,919,-28.2905
10/03/2024 07:00:00,4002.0,859,919,9.6624
10/03/2024 11:00:00,4002.0,859,919,0.0061
10/03/2024 15:00:00,4002.0,859,919,0.0065
10/03/2024 17:00:00,4002.0,859,919,12.8418
10/3/2024 19:00,4002.0,859,919,38.1078
10/03/2024 21:00:00,4002.0,859,919,23.6139
10/03/2024 23:00:00,4002.0,859,919,16.7985
10/02/2024 01:00:00,4042.0,884,904,-38.7468
10/02/2024 03:00:00,4042.0,884,904,15.0059
10/02/2024 05:00:00,4042.0,884,904,13.4034
10/02/2024 07:00:00,4042.0,884,904,14.79
10/02/2024 09:00:00,4042.0,884,904,-0.0016
10/02/2024 11:00:00,4042.0,884,904,0.0001
10/02/2024 13:00:00,4042.0,884,904,13.2306
10/02/2024 15:00:00,4042.0,884,904,14.7345
10/02/2024 17:00:00,4042.0,884,904,15.1693
10/02/2024 19:00:00,4042.0,884,904,14.5262
10/02/2024 21:00:00,4042.0,884,904,0.0001
10/01/2024 01:00:00,3895.0,927,936,14.6361
10/01/2024 03:00:00,3895.0,927,936,18.837
10/01/2024 05:00:00,3895.0,927,936,19.8342
10/01/2024 07:00:00,3895.0,927,936,19.1966
10/01/2024 09:00:00,3895.0,927,936,15.1602
10/01/2024 11:00:00,3895.0,927,936,0.0027
10/01/2024 13:00:00,3895.0,927,936,0.0057
10/01/2024 15:00:00,3895.0,927,936,0.0086
10/01/2024 17:00:00,3895.0,927,936,14.6738
10/1/2024 19:00,3895.0,927,936,20.1041
10/01/2024 21:00:00,3895.0,927,936,14.9307
10/01/2024 23:00:00,3895.0,927,936,10.5983
09/30/2024 01:00:00,3902.0,964,1004,-1.1561
09/30/2024 03:00:00,3902.0,964,1004,11.6884
09/30/2024 05:00:00,3902.0,964,1004,15.9616
09/30/2024 07:00:00,3902.0,964,1004,21.2754
09/30/2024 09:00:00,3902.0,964,1004,19.0541
09/30/2024 11:00:00,3902.0,964,1004,14.6836
09/30/2024 13:00:00,3902.0,964,1004,0.0081
09/30/2024 15:00:00,3902.0,964,1004,11.1878
09/30/2024 17:00:00,3902.0,964,1004,19.5762
09/30/2024 19:00:00,3902.0,964,1004,37.7321
09/30/2024 21:00:00,3902.0,964,1004,19.1059
09/30/2024 23:00:00,3902.0,964,1004,16.1358
09/29/2024 01:00:00,4271.0,931,868,16.711
09/29/2024 03:00:00,4271.0,931,868,17.9486
09/29/2024 05:00:00,4271.0,931,868,17.083
09/29/2024 07:00:00,4271.0,931,868,20.4913
09/29/2024 09:00:00,4271.0,931,868,14.9793
09/29/2024 11:00:00,4271.0,931,868,0.007
09/29/2024 13:00:00,4271.0,931,868,13.7053
09/29/2024 15:00:00,4271.0,931,868,20.2462
09/29/2024 17:00:00,4271.0,931,868,23.8529
09/29/2024 19:00:00,4271.0,931,868,23.7431
09/29/2024 21:00:00,4271.0,931,868,1.4095
09/29/2024 23:00:00,4271.0,931,868,11.897
09/28/2024 01:00:00,4370.0,949,853,20.3807
09/28/2024 03:00:00,4370.0,949,853,19.801
09/28/2024 05:00:00,4370.0,949,853,20.6154
09/28/2024 07:00:00,4370.0,949,853,23.2616
09/28/2024 09:00:00,4370.0,949,853,17.7757
09/28/2024 11:00:00,4370.0,949,853,16.1518
09/28/2024 13:00:00,4370.0,949,853,14.4191
09/28/2024 15:00:00,4370.0,949,853,22.6764
09/28/2024 17:00:00,4370.0,949,853,36.8579
09/28/2024 19:00:00,4370.0,949,853,40.8392
09/28/2024 21:00:00,4370.0,949,853,14.9528
09/28/2024 23:00:00,4370.0,949,853,15.6611
09/27/2024 01:00:00,4397.0,924,930,20.4998
09/27/2024 03:00:00,4397.0,924,930,16.6908
09/27/2024 05:00:00,4397.0,924,930,16.644
09/27/2024 07:00:00,4397.0,924,930,15.2746
09/27/2024 09:00:00,4397.0,924,930,11.3864
09/27/2024 11:00:00,4397.0,924,930,12.9486
09/27/2024 13:00:00,4397.0,924,930,36.5702
09/27/2024 15:00:00,4397.0,924,930,37.0427
09/27/2024 17:00:00,4397.0,924,930,26.9287
09/27/2024 19:00:00,4397.0,924,930,34.3958
09/27/2024 21:00:00,4397.0,924,930,19.5579
09/27/2024 23:00:00,4397.0,924,930,17.8938
09/26/2024 05:00:00,4366.0,945,954,18.8947
09/26/2024 07:00:00,4366.0,945,954,37.6073
09/26/2024 09:00:00,4366.0,945,954,22.335
09/26/2024 11:00:00,4366.0,945,954,17.249
09/26/2024 13:00:00,4366.0,945,954,20.1684
09/26/2024 15:00:00,4366.0,945,954,36.8355
09/26/2024 17:00:00,4366.0,945,954,41.855
09/26/2024 19:00:00,4366.0,945,954,29.3113
09/26/2024 21:00:00,4366.0,945,954,22.8568
09/26/2024 23:00:00,4366.0,945,954,16.5244
09/25/2024 01:00:00,4465.0,921,930,21.9296
09/25/2024 03:00:00,4465.0,921,930,14.1683
09/25/2024 05:00:00,4465.0,921,930,14.3666
09/25/2024 07:00:00,4465.0,921,930,19.0286
09/25/2024 09:00:00,4465.0,921,930,17.0889
09/25/2024 11:00:00,4465.0,921,930,15.059
09/25/2024 13:00:00,4465.0,921,930,16.5051
09/25/2024 15:00:00,4465.0,921,930,19.3473
09/25/2024 17:00:00,4465.0,921,930,21.9983
09/25/2024 19:00:00,4465.0,921,930,37.4751
09/25/2024 21:00:00,4465.0,921,930,17.29
09/25/2024 23:00:00,4465.0,921,930,11.4445
09/24/2024 01:00:00,4359.0,924,946,13.9879
09/24/2024 03:00:00,4359.0,924,946,14.1396
09/24/2024 05:00:00,4359.0,924,946,-30.2115
09/24/2024 07:00:00,4359.0,924,946,16.4392
09/24/2024 09:00:00,4359.0,924,946,37.4124
09/24/2024 11:00:00,4359.0,924,946,14.0758
09/24/2024 13:00:00,4359.0,924,946,15.5741
09/24/2024 15:00:00,4359.0,924,946,13.9116
09/24/2024 17:00:00,4359.0,924,946,21.7034
09/24/2024 19:00:00,4359.0,924,946,35.8143
09/24/2024 21:00:00,4359.0,924,946,34.7104
09/24/2024 23:00:00,4359.0,924,946,22.4559
09/23/2024 01:00:00,4393.0,908,937,12.6386
09/23/2024 03:00:00,4393.0,908,937,9.2351
09/23/2024 05:00:00,4393.0,908,937,13.3889
09/23/2024 07:00:00,4393.0,908,937,36.8201
09/23/2024 09:00:00,4393.0,908,937,20.0018
09/23/2024 11:00:00,4393.0,908,937,14.8202
09/23/2024 13:00:00,4393.0,908,937,15.5457
09/23/2024 15:00:00,4393.0,908,937,14.9162
09/23/2024 17:00:00,4393.0,908,937,20.0721
09/23/2024 19:00:00,4393.0,908,937,25.8248
09/23/2024 21:00:00,4393.0,908,937,24.6217
09/23/2024 23:00:00,4393.0,908,937,10.5193
09/22/2024 01:00:00,4341.0,938,907,37.458
09/22/2024 03:00:00,4341.0,938,907,15.9437
09/22/2024 05:00:00,4341.0,938,907,18.437
09/22/2024 07:00:00,4341.0,938,907,30.1324
09/22/2024 09:00:00,4341.0,938,907,19.2871
09/22/2024 11:00:00,4341.0,938,907,17.6176
09/22/2024 13:00:00,4341.0,938,907,13.8561
09/22/2024 15:00:00,4341.0,938,907,12.5551
09/22/2024 17:00:00,4341.0,938,907,11.1994
09/22/2024 19:00:00,4341.0,938,907,19.6071
09/22/2024 21:00:00,4341.0,938,907,19.4244
09/22/2024 23:00:00,4341.0,938,907,16.1881
09/21/2024 01:00:00,4298.0,845,737,0.008
09/21/2024 03:00:00,4298.0,845,737,-38.8733
09/21/2024 05:00:00,4298.0,845,737,-39.1504
09/21/2024 07:00:00,4298.0,845,737,0.0125
09/21/2024 09:00:00,4298.0,845,737,-41.7332
09/21/2024 11:00:00,4298.0,845,737,0.0064
09/21/2024 13:00:00,4298.0,845,737,0.0083
09/21/2024 15:00:00,4298.0,845,737,8.0664
09/21/2024 17:00:00,4298.0,845,737,36.8916
09/21/2024 19:00:00,4298.0,845,737,26.0691
09/21/2024 21:00:00,4298.0,845,737,16.7171
09/21/2024 23:00:00,4298.0,845,737,16.5955
09/20/2024 01:00:00,4346.0,722,633,11.4932
09/20/2024 03:00:00,4346.0,722,633,0.0001
09/20/2024 05:00:00,4346.0,722,633,0.0001
09/20/2024 07:00:00,4346.0,722,633,13.2087
09/20/2024 09:00:00,4346.0,722,633,15.4254
09/20/2024 11:00:00,4346.0,722,633,11.1314
09/20/2024 13:00:00,4346.0,722,633,16.6946
09/20/2024 15:00:00,4346.0,722,633,9.8578
09/20/2024 17:00:00,4346.0,722,633,10.3582
09/20/2024 19:00:00,4346.0,722,633,36.2731
09/20/2024 21:00:00,4346.0,722,633,18.6565
09/20/2024 23:00:00,4346.0,722,633,11.2175
09/19/2024 01:00:00,4394.0,680,527,15.282
09/19/2024 07:00:00,4394.0,680,527,0.0001
09/19/2024 09:00:00,4394.0,680,527,-0.0001
09/19/2024 11:00:00,4394.0,680,527,0.0001
09/19/2024 13:00:00,4394.0,680,527,11.4572
09/19/2024 15:00:00,4394.0,680,527,16.8604
09/19/2024 17:00:00,4394.0,680,527,35.5847
09/19/2024 19:00:00,4394.0,680,527,23.3458
09/19/2024 21:00:00,4394.0,680,527,15.3212
09/19/2024 23:00:00,4394.0,680,527,11.3809
09/18/2024 01:00:00,4582.0,687,650,10.6154
09/18/2024 03:00:00,4582.0,687,650,10.5931
09/18/2024 05:00:00,4582.0,687,650,9.1074
09/18/2024 07:00:00,4582.0,687,650,21.0639
09/18/2024 09:00:00,4582.0,687,650,18.6828
09/18/2024 11:00:00,4582.0,687,650,11.2502
09/18/2024 13:00:00,4582.0,687,650,15.4355
09/18/2024 15:00:00,4582.0,687,650,10.5411
09/18/2024 17:00:00,4582.0,687,650,12.1748
09/18/2024 19:00:00,4582.0,687,650,36.4832
09/18/2024 21:00:00,4582.0,687,650,18.202
09/18/2024 23:00:00,4582.0,687,650,11.6237
09/17/2024 01:00:00,4283.0,719,627,14.2377
09/17/2024 03:00:00,4283.0,719,627,0.0002
09/17/2024 05:00:00,4283.0,719,627,-27.8088
09/17/2024 07:00:00,4283.0,719,627,14.5807
09/17/2024 09:00:00,4283.0,719,627,10.0898
09/17/2024 11:00:00,4283.0,719,627,0.0001
09/17/2024 13:00:00,4283.0,719,627,8.3511
09/17/2024 15:00:00,4283.0,719,627,15.7507
09/17/2024 17:00:00,4283.0,719,627,0.0001
09/17/2024 19:00:00,4283.0,719,627,10.5068
09/17/2024 21:00:00,4283.0,719,627,17.0341
09/17/2024 23:00:00,4283.0,719,627,13.7379
09/16/2024 01:00:00,3910.0,742,572,8.5505
09/16/2024 03:00:00,3910.0,742,572,9.4815
09/16/2024 05:00:00,3910.0,742,572,0.9078
09/16/2024 07:00:00,3910.0,742,572,17.153
09/16/2024 09:00:00,3910.0,742,572,15.5609
09/16/2024 11:00:00,3910.0,742,572,20.9611
09/16/2024 13:00:00,3910.0,742,572,37.8932
09/16/2024 15:00:00,3910.0,742,572,15.1648
09/16/2024 17:00:00,3910.0,742,572,14.4966
09/16/2024 19:00:00,3910.0,742,572,13.2745
09/16/2024 21:00:00,3910.0,742,572,21.8998
09/16/2024 23:00:00,3910.0,742,572,16.291
09/15/2024 01:00:00,4308.0,811,589,9.0121
09/15/2024 03:00:00,4308.0,811,589,14.0966
09/15/2024 05:00:00,4308.0,811,589,18.528
09/15/2024 07:00:00,4308.0,811,589,36.9399
09/15/2024 09:00:00,4308.0,811,589,24.2503
09/15/2024 11:00:00,4308.0,811,589,36.8005
09/15/2024 13:00:00,4308.0,811,589,13.4334
09/15/2024 15:00:00,4308.0,811,589,8.4786
09/15/2024 17:00:00,4308.0,811,589,19.9855
09/15/2024 19:00:00,4308.0,811,589,9.4081
09/15/2024 21:00:00,4308.0,811,589,16.1334
09/15/2024 23:00:00,4308.0,811,589,12.0335
09/14/2024 01:00:00,4415.0,847,730,18.835
09/14/2024 03:00:00,4415.0,847,730,22.6998
09/14/2024 05:00:00,4415.0,847,730,22.5835
09/14/2024 07:00:00,4415.0,847,730,25.5987
09/14/2024 09:00:00,4415.0,847,730,14.704
09/14/2024 11:00:00,4415.0,847,730,13.4426
09/14/2024 13:00:00,4415.0,847,730,21.8889
09/14/2024 15:00:00,4415.0,847,730,36.7801
09/14/2024 17:00:00,4415.0,847,730,36.5354
09/14/2024 19:00:00,4415.0,847,730,35.296
09/14/2024 21:00:00,4415.0,847,730,16.1887
09/14/2024 23:00:00,4415.0,847,730,10.3746
09/13/2024 01:00:00,4464.0,811,0,10.3122
09/13/2024 03:00:00,4464.0,811,0,10.7292
09/13/2024 05:00:00,4464.0,811,0,0.8564
09/13/2024 07:00:00,4464.0,811,0,16.8726
09/13/2024 09:00:00,4464.0,811,0,0.0123
09/13/2024 11:00:00,4464.0,811,0,0.0075
09/13/2024 13:00:00,4464.0,811,0,9.693
09/13/2024 15:00:00,4464.0,811,0,22.1394
09/13/2024 17:00:00,4464.0,811,0,20.2518
09/13/2024 19:00:00,4464.0,811,0,36.7491
09/13/2024 21:00:00,4464.0,811,0,16.3159
09/13/2024 23:00:00,4464.0,811,0,18.399
09/12/2024 01:00:00,4603.0,857,800,11.1466
09/12/2024 03:00:00,4603.0,857,800,0.0174
09/12/2024 05:00:00,4603.0,857,800,0.0187
09/12/2024 07:00:00,4603.0,857,800,15.5471
09/12/2024 09:00:00,4603.0,857,800,0.0161
09/12/2024 11:00:00,4603.0,857,800,0.0113
09/12/2024 13:00:00,4603.0,857,800,0.0122
09/12/2024 15:00:00,4603.0,857,800,0.0098
09/12/2024 17:00:00,4603.0,857,800,36.3575
09/12/2024 19:00:00,4603.0,857,800,37.5428
09/12/2024 21:00:00,4603.0,857,800,10.6062
09/12/2024 23:00:00,4603.0,857,800,10.5997
09/11/2024 01:00:00,4500.0,1006,826,19.4455
09/11/2024 03:00:00,4500.0,1006,826,23.8754
09/11/2024 05:00:00,4500.0,1006,826,21.2299
09/11/2024 07:00:00,4500.0,1006,826,38.1458
09/11/2024 09:00:00,4500.0,1006,826,23.7215
09/11/2024 11:00:00,4500.0,1006,826,37.0575
09/11/2024 13:00:00,4500.0,1006,826,31.3702
09/11/2024 15:00:00,4500.0,1006,826,20.4586
09/11/2024 17:00:00,4500.0,1006,826,37.2397
09/11/2024 19:00:00,4500.0,1006,826,15.6553
09/11/2024 21:00:00,4500.0,1006,826,38.4713
09/11/2024 23:00:00,4500.0,1006,826,38.3018
09/10/2024 01:00:00,4573.0,1003,918,18.7642
09/10/2024 03:00:00,4573.0,1003,918,18.0072
09/10/2024 05:00:00,4573.0,1003,918,19.2246
09/10/2024 07:00:00,4573.0,1003,918,19.6079
09/10/2024 09:00:00,4573.0,1003,918,0.0171
09/10/2024 11:00:00,4573.0,1003,918,17.9768
09/10/2024 13:00:00,4573.0,1003,918,23.0566
09/10/2024 15:00:00,4573.0,1003,918,37.6683
09/10/2024 17:00:00,4573.0,1003,918,38.1955
09/10/2024 19:00:00,4573.0,1003,918,39.3919
09/10/2024 21:00:00,4573.0,1003,918,32.3939
09/10/2024 23:00:00,4573.0,1003,918,27.4353
09/09/2024 01:00:00,4142.0,847,1001,18.5948
09/09/2024 03:00:00,4142.0,847,1001,17.9481
09/09/2024 05:00:00,4142.0,847,1001,18.9251
09/09/2024 07:00:00,4142.0,847,1001,19.4072
09/09/2024 09:00:00,4142.0,847,1001,16.2103
09/09/2024 11:00:00,4142.0,847,1001,17.2629
09/09/2024 13:00:00,4142.0,847,1001,19.8073
09/09/2024 15:00:00,4142.0,847,1001,37.4826
09/09/2024 17:00:00,4142.0,847,1001,33.3097
09/09/2024 19:00:00,4142.0,847,1001,39.5181
09/09/2024 21:00:00,4142.0,847,1001,27.0206
09/09/2024 23:00:00,4142.0,847,1001,17.6639
09/08/2024 01:00:00,4046.0,877,1019,11.5619
09/08/2024 03:00:00,4046.0,877,1019,10.8173
09/08/2024 05:00:00,4046.0,877,1019,12.2852
09/08/2024 07:00:00,4046.0,877,1019,14.8938
09/08/2024 09:00:00,4046.0,877,1019,11.6967
09/08/2024 11:00:00,4046.0,877,1019,12.5001
09/08/2024 13:00:00,4046.0,877,1019,14.3319
09/08/2024 15:00:00,4046.0,877,1019,36.9793
09/08/2024 17:00:00,4046.0,877,1019,38.6054
09/08/2024 19:00:00,4046.0,877,1019,38.7745
09/08/2024 21:00:00,4046.0,877,1019,19.1492
09/08/2024 23:00:00,4046.0,877,1019,15.5656
09/07/2024 01:00:00,3618.0,792,946,10.5249
09/07/2024 03:00:00,3618.0,792,946,11.7123
09/07/2024 05:00:00,3618.0,792,946,12.2958
09/07/2024 07:00:00,3618.0,792,946,15.2045
09/07/2024 09:00:00,3618.0,792,946,15.2796
09/07/2024 11:00:00,3618.0,792,946,14.499
09/07/2024 13:00:00,3618.0,792,946,15.457
09/07/2024 15:00:00,3618.0,792,946,37.2269
09/07/2024 17:00:00,3618.0,792,946,71.1614
09/07/2024 19:00:00,3618.0,792,946,33.649
09/07/2024 21:00:00,3618.0,792,946,12.0344
09/07/2024 23:00:00,3618.0,792,946,12.8609
09/06/2024 01:00:00,3864.0,629,959,16.5948
09/06/2024 03:00:00,3864.0,629,959,17.4356
09/06/2024 05:00:00,3864.0,629,959,15.5218
09/06/2024 07:00:00,3864.0,629,959,16.9415
09/06/2024 09:00:00,3864.0,629,959,12.9324
09/06/2024 11:00:00,3864.0,629,959,14.0656
09/06/2024 13:00:00,3864.0,629,959,19.1187
09/06/2024 15:00:00,3864.0,629,959,23.1146
09/06/2024 17:00:00,3864.0,629,959,32.5933
09/06/2024 19:00:00,3864.0,629,959,40.1362
09/06/2024 21:00:00,3864.0,629,959,24.7698
09/06/2024 23:00:00,3864.0,629,959,12.366
09/05/2024 01:00:00,4157.0,950,1051,17.1745
09/05/2024 03:00:00,4157.0,950,1051,11.1301
09/05/2024 05:00:00,4157.0,950,1051,30.3515
09/05/2024 07:00:00,4157.0,950,1051,15.9756
09/05/2024 09:00:00,4157.0,950,1051,18.4698
09/05/2024 11:00:00,4157.0,950,1051,20.4477
09/05/2024 13:00:00,4157.0,950,1051,16.3417
09/05/2024 15:00:00,4157.0,950,1051,20.3321
09/05/2024 17:00:00,4157.0,950,1051,18.3735
09/05/2024 19:00:00,4157.0,950,1051,33.7094
09/05/2024 21:00:00,4157.0,950,1051,32.9063
09/05/2024 23:00:00,4157.0,950,1051,22.7985
09/04/2024 01:00:00,4384.0,997,1177,14.7845
09/04/2024 03:00:00,4384.0,997,1177,14.4418
09/04/2024 05:00:00,4384.0,997,1177,14.5204
09/04/2024 07:00:00,4384.0,997,1177,16.0058
09/04/2024 09:00:00,4384.0,997,1177,13.2498
09/04/2024 11:00:00,4384.0,997,1177,10.1129
09/04/2024 13:00:00,4384.0,997,1177,15.0088
09/04/2024 15:00:00,4384.0,997,1177,21.1169
09/04/2024 17:00:00,4384.0,997,1177,38.1089
09/04/2024 19:00:00,4384.0,997,1177,14.5963
09/04/2024 21:00:00,4384.0,997,1177,18.9172
09/04/2024 23:00:00,4384.0,997,1177,15.6587
09/03/2024 01:00:00,4364.0,865,1109,9.9311
09/03/2024 03:00:00,4364.0,865,1109,9.4076
09/03/2024 05:00:00,4364.0,865,1109,8.5589
09/03/2024 07:00:00,4364.0,865,1109,14.365
09/03/2024 09:00:00,4364.0,865,1109,10.7802
09/03/2024 11:00:00,4364.0,865,1109,13.6387
09/03/2024 13:00:00,4364.0,865,1109,36.7185
09/03/2024 15:00:00,4364.0,865,1109,22.802
09/03/2024 17:00:00,4364.0,865,1109,37.1999
09/03/2024 19:00:00,4364.0,865,1109,31.6434
09/03/2024 21:00:00,4364.0,865,1109,17.5603
09/03/2024 23:00:00,4364.0,865,1109,12.5574
09/02/2024 07:00:00,4765.0,1003,1048,9.0279
09/02/2024 09:00:00,4765.0,1003,1048,-0.0023
09/02/2024 11:00:00,4765.0,1003,1048,-0.0023
09/02/2024 13:00:00,4765.0,1003,1048,0.0098
09/02/2024 15:00:00,4765.0,1003,1048,12.3744
09/02/2024 17:00:00,4765.0,1003,1048,18.1623
09/02/2024 19:00:00,4765.0,1003,1048,18.7497
09/02/2024 21:00:00,4765.0,1003,1048,18.3804
09/02/2024 23:00:00,4765.0,1003,1048,13.6248
09/01/2024 01:00:00,4800.0,899,1001,15.3712
09/01/2024 03:00:00,4800.0,899,1001,12.393
09/01/2024 05:00:00,4800.0,899,1001,15.1479
09/01/2024 07:00:00,4800.0,899,1001,18.9633
09/01/2024 09:00:00,4800.0,899,1001,14.8584
09/01/2024 11:00:00,4800.0,899,1001,12.109
09/01/2024 13:00:00,4800.0,899,1001,13.724
09/01/2024 15:00:00,4800.0,899,1001,36.5255
09/01/2024 17:00:00,4800.0,899,1001,22.9442
09/01/2024 19:00:00,4800.0,899,1001,21.4381
09/01/2024 21:00:00,4800.0,899,1001,15.3848
09/01/2024 23:00:00,4800.0,899,1001,10.0114
08/31/2024 01:00:00,4879.0,911,1000,9.6015
08/31/2024 03:00:00,4879.0,911,1000,-0.0021
08/31/2024 05:00:00,4879.0,911,1000,-0.0011
08/31/2024 07:00:00,4879.0,911,1000,11.8041
08/31/2024 09:00:00,4879.0,911,1000,13.1762
08/31/2024 11:00:00,4879.0,911,1000,13.2753
08/31/2024 13:00:00,4879.0,911,1000,18.4627
08/31/2024 15:00:00,4879.0,911,1000,36.7327
08/31/2024 17:00:00,4879.0,911,1000,38.2628
08/31/2024 19:00:00,4879.0,911,1000,22.2576
08/31/2024 21:00:00,4879.0,911,1000,19.7862
08/31/2024 23:00:00,4879.0,911,1000,15.8529
08/30/2024 01:00:00,4838.0,923,980,19.1302
08/30/2024 03:00:00,4838.0,923,980,17.029
08/30/2024 05:00:00,4838.0,923,980,17.697
08/30/2024 07:00:00,4838.0,923,980,20.8042
08/30/2024 09:00:00,4838.0,923,980,16.76
08/30/2024 11:00:00,4838.0,923,980,14.6064
08/30/2024 13:00:00,4838.0,923,980,15.2463
08/30/2024 15:00:00,4838.0,923,980,17.7135
08/30/2024 17:00:00,4838.0,923,980,31.7516
08/30/2024 19:00:00,4838.0,923,980,38.437
08/30/2024 21:00:00,4838.0,923,980,10.8014
08/30/2024 23:00:00,4838.0,923,980,9.0322
08/29/2024 01:00:00,4943.0,898,966,8.9939
08/29/2024 03:00:00,4943.0,898,966,-0.0001
08/29/2024 07:00:00,4943.0,898,966,14.7748
08/29/2024 09:00:00,4943.0,898,966,19.7272
08/29/2024 11:00:00,4943.0,898,966,17.0249
08/29/2024 13:00:00,4943.0,898,966,16.6464
08/29/2024 15:00:00,4943.0,898,966,36.6006
08/29/2024 17:00:00,4943.0,898,966,21.0927
08/29/2024 21:00:00,4943.0,898,966,38.3391
08/29/2024 23:00:00,4943.0,898,966,17.6296
08/28/2024 01:00:00,4635.0,938,964,9.89
08/28/2024 03:00:00,4635.0,938,964,10.6145
08/28/2024 05:00:00,4635.0,938,964,14.6463
08/28/2024 07:00:00,4635.0,938,964,18.3947
08/28/2024 09:00:00,4635.0,938,964,14.5804
08/28/2024 11:00:00,4635.0,938,964,15.5861
08/28/2024 13:00:00,4635.0,938,964,21.7819
08/28/2024 15:00:00,4635.0,938,964,18.6175
08/28/2024 17:00:00,4635.0,938,964,36.5097
08/28/2024 19:00:00,4635.0,938,964,36.2837
08/28/2024 21:00:00,4635.0,938,964,13.8052
08/28/2024 23:00:00,4635.0,938,964,15.0916
08/27/2024 01:00:00,5033.0,872,966,8.3817
08/27/2024 05:00:00,5033.0,872,966,7.876
08/27/2024 07:00:00,5033.0,872,966,8.2652
08/27/2024 09:00:00,5033.0,872,966,8.0568
08/27/2024 11:00:00,5033.0,872,966,9.679
08/27/2024 13:00:00,5033.0,872,966,16.4806
08/27/2024 15:00:00,5033.0,872,966,30.0279
08/27/2024 17:00:00,5033.0,872,966,146.8248
08/27/2024 19:00:00,5033.0,872,966,27.1781
08/27/2024 21:00:00,5033.0,872,966,-317.2892
08/27/2024 23:00:00,5033.0,872,966,0.0179
08/26/2024 01:00:00,5042.0,920,963,7.459
08/26/2024 03:00:00,5042.0,920,963,15.1128
08/26/2024 05:00:00,5042.0,920,963,15.7565
08/26/2024 07:00:00,5042.0,920,963,17.2266
08/26/2024 09:00:00,5042.0,920,963,17.0773
08/26/2024 11:00:00,5042.0,920,963,17.5992
08/26/2024 13:00:00,5042.0,920,963,15.5934
08/26/2024 15:00:00,5042.0,920,963,17.7801
08/26/2024 17:00:00,5042.0,920,963,18.4523
08/26/2024 19:00:00,5042.0,920,963,16.2321
08/26/2024 21:00:00,5042.0,920,963,37.7514
08/26/2024 23:00:00,5042.0,920,963,10.4966
08/25/2024 01:00:00,5053.0,907,881,15.2964
08/25/2024 03:00:00,5053.0,907,881,13.6928
08/25/2024 05:00:00,5053.0,907,881,8.4503
08/25/2024 07:00:00,5053.0,907,881,7.4651
08/25/2024 09:00:00,5053.0,907,881,0.0001
08/25/2024 11:00:00,5053.0,907,881,7.5654
08/25/2024 13:00:00,5053.0,907,881,16.4527
08/25/2024 15:00:00,5053.0,907,881,16.7218
08/25/2024 17:00:00,5053.0,907,881,14.9716
08/25/2024 19:00:00,5053.0,907,881,21.9736
08/25/2024 21:00:00,5053.0,907,881,22.8923
08/25/2024 23:00:00,5053.0,907,881,7.9338
08/24/2024 01:00:00,5136.0,939,758,15.2668
08/24/2024 03:00:00,5136.0,939,758,15.6561
08/24/2024 05:00:00,5136.0,939,758,16.9291
08/24/2024 07:00:00,5136.0,939,758,15.5663
08/24/2024 09:00:00,5136.0,939,758,-0.0009
08/24/2024 11:00:00,5136.0,939,758,0.0002
08/24/2024 13:00:00,5136.0,939,758,20.1582
08/24/2024 15:00:00,5136.0,939,758,29.5649
08/24/2024 17:00:00,5136.0,939,758,13.3925
08/24/2024 19:00:00,5136.0,939,758,36.8953
08/24/2024 21:00:00,5136.0,939,758,17.5727
08/24/2024 23:00:00,5136.0,939,758,18.4403
08/23/2024 01:00:00,5055.0,915,781,15.85
08/23/2024 03:00:00,5055.0,915,781,16.5198
08/23/2024 05:00:00,5055.0,915,781,13.144
08/23/2024 07:00:00,5055.0,915,781,17.4294
08/23/2024 09:00:00,5055.0,915,781,10.5996
08/23/2024 11:00:00,5055.0,915,781,19.698
08/23/2024 13:00:00,5055.0,915,781,18.4951
08/23/2024 15:00:00,5055.0,915,781,36.827
08/23/2024 17:00:00,5055.0,915,781,17.2311
08/23/2024 19:00:00,5055.0,915,781,14.6743
08/23/2024 21:00:00,5055.0,915,781,22.609
08/23/2024 23:00:00,5055.0,915,781,15.4724
08/22/2024 01:00:00,4894.0,967,876,15.2112
08/22/2024 03:00:00,4894.0,967,876,11.7089
08/22/2024 05:00:00,4894.0,967,876,20.0155
08/22/2024 07:00:00,4894.0,967,876,21.1406
08/22/2024 09:00:00,4894.0,967,876,10.5134
08/22/2024 11:00:00,4894.0,967,876,18.2278
08/22/2024 13:00:00,4894.0,967,876,19.1853
08/22/2024 15:00:00,4894.0,967,876,37.1717
08/22/2024 17:00:00,4894.0,967,876,38.4123
08/22/2024 19:00:00,4894.0,967,876,37.1332
08/22/2024 21:00:00,4894.0,967,876,21.9201
08/22/2024 23:00:00,4894.0,967,876,16.7222
08/21/2024 01:00:00,4270.0,892,930,12.8102
08/21/2024 03:00:00,4270.0,892,930,12.443
08/21/2024 07:00:00,4270.0,892,930,17.1009
08/21/2024 09:00:00,4270.0,892,930,18.476
08/21/2024 11:00:00,4270.0,892,930,36.9375
08/21/2024 13:00:00,4270.0,892,930,34.9175
08/21/2024 15:00:00,4270.0,892,930,23.1572
08/21/2024 17:00:00,4270.0,892,930,30.1157
08/21/2024 19:00:00,4270.0,892,930,17.9649
08/21/2024 21:00:00,4270.0,892,930,15.7315
08/21/2024 23:00:00,4270.0,892,930,18.9052
08/20/2024 01:00:00,4907.0,871,982,11.816
08/20/2024 03:00:00,4907.0,871,982,-40.801
08/20/2024 05:00:00,4907.0,871,982,0.0001
08/20/2024 07:00:00,4907.0,871,982,12.1974
08/20/2024 09:00:00,4907.0,871,982,11.8414
08/20/2024 11:00:00,4907.0,871,982,17.6632
08/20/2024 13:00:00,4907.0,871,982,22.4221
08/20/2024 15:00:00,4907.0,871,982,25.8465
08/20/2024 17:00:00,4907.0,871,982,41.5764
08/20/2024 19:00:00,4907.0,871,982,21.2773
08/20/2024 21:00:00,4907.0,871,982,118.4112
08/20/2024 23:00:00,4907.0,871,982,17.4811
08/19/2024 01:00:00,5055.0,888,1042,18.1655
08/19/2024 03:00:00,5055.0,888,1042,16.8543
08/19/2024 05:00:00,5055.0,888,1042,16.8438
08/19/2024 07:00:00,5055.0,888,1042,30.5411
08/19/2024 09:00:00,5055.0,888,1042,17.0993
08/19/2024 11:00:00,5055.0,888,1042,18.3472
08/19/2024 13:00:00,5055.0,888,1042,19.289
08/19/2024 15:00:00,5055.0,888,1042,39.9184
08/19/2024 17:00:00,5055.0,888,1042,36.9241
08/19/2024 19:00:00,5055.0,888,1042,25.9217
08/19/2024 21:00:00,5055.0,888,1042,15.1255
08/19/2024 23:00:00,5055.0,888,1042,16.9373
08/18/2024 01:00:00,5146.0,923,1026,14.8325
08/18/2024 03:00:00,5146.0,923,1026,15.4142
08/18/2024 05:00:00,5146.0,923,1026,14.0477
08/18/2024 07:00:00,5146.0,923,1026,17.7183
08/18/2024 09:00:00,5146.0,923,1026,12.2093
08/18/2024 11:00:00,5146.0,923,1026,13.9214
08/18/2024 13:00:00,5146.0,923,1026,18.6743
08/18/2024 15:00:00,5146.0,923,1026,18.3767
08/18/2024 17:00:00,5146.0,923,1026,37.4251
08/18/2024 19:00:00,5146.0,923,1026,21.6292
08/18/2024 21:00:00,5146.0,923,1026,22.5058
08/18/2024 23:00:00,5146.0,923,1026,18.6494
08/17/2024 01:00:00,5200.0,953,895,12.5701
08/17/2024 03:00:00,5200.0,953,895,10.4885
08/17/2024 05:00:00,5200.0,953,895,12.0591
08/17/2024 07:00:00,5200.0,953,895,18.1233
08/17/2024 09:00:00,5200.0,953,895,14.0633
08/17/2024 11:00:00,5200.0,953,895,19.8003
08/17/2024 13:00:00,5200.0,953,895,36.7835
08/17/2024 15:00:00,5200.0,953,895,36.9835
08/17/2024 17:00:00,5200.0,953,895,35.2907
08/17/2024 19:00:00,5200.0,953,895,22.01
08/17/2024 21:00:00,5200.0,953,895,15.2042
08/17/2024 23:00:00,5200.0,953,895,82.4336
08/16/2024 01:00:00,5057.0,963,963,15.4061
08/16/2024 03:00:00,5057.0,963,963,0.0001
08/16/2024 05:00:00,5057.0,963,963,15.1813
08/16/2024 07:00:00,5057.0,963,963,14.9658
08/16/2024 09:00:00,5057.0,963,963,14.4593
08/16/2024 11:00:00,5057.0,963,963,16.036
08/16/2024 13:00:00,5057.0,963,963,18.9499
08/16/2024 15:00:00,5057.0,963,963,45.5213
08/16/2024 17:00:00,5057.0,963,963,45.0781
08/16/2024 19:00:00,5057.0,963,963,46.1542
08/16/2024 21:00:00,5057.0,963,963,17.8074
08/16/2024 23:00:00,5057.0,963,963,15.2563
08/15/2024 01:00:00,4811.0,858,1007,0.0111
08/15/2024 03:00:00,4811.0,858,1007,11.4273
08/15/2024 05:00:00,4811.0,858,1007,10.3669
08/15/2024 07:00:00,4811.0,858,1007,16.5125
08/15/2024 09:00:00,4811.0,858,1007,11.7425
08/15/2024 11:00:00,4811.0,858,1007,17.6197
08/15/2024 13:00:00,4811.0,858,1007,37.0449
08/15/2024 15:00:00,4811.0,858,1007,33.0237
08/15/2024 17:00:00,4811.0,858,1007,59.1282
08/15/2024 19:00:00,4811.0,858,1007,22.5873
08/15/2024 21:00:00,4811.0,858,1007,33.8394
08/15/2024 23:00:00,4811.0,858,1007,17.8913
08/14/2024 01:00:00,5423.0,1025,968,17.3484
08/14/2024 03:00:00,5423.0,1025,968,17.1279
08/14/2024 05:00:00,5423.0,1025,968,14.9982
08/14/2024 07:00:00,5423.0,1025,968,18.4562
08/14/2024 09:00:00,5423.0,1025,968,12.3616
08/14/2024 11:00:00,5423.0,1025,968,11.0901
08/14/2024 13:00:00,5423.0,1025,968,11.0025
08/14/2024 15:00:00,5423.0,1025,968,26.3391
08/14/2024 17:00:00,5423.0,1025,968,22.022
08/14/2024 19:00:00,5423.0,1025,968,20.9228
08/14/2024 21:00:00,5423.0,1025,968,13.9445
08/14/2024 23:00:00,5423.0,1025,968,15.5635
08/13/2024 01:00:00,5414.0,979,979,16.4391
08/13/2024 03:00:00,5414.0,979,979,26.7802
08/13/2024 05:00:00,5414.0,979,979,25.8858
08/13/2024 07:00:00,5414.0,979,979,37.1289
08/13/2024 09:00:00,5414.0,979,979,22.7287
08/13/2024 11:00:00,5414.0,979,979,25.5356
08/13/2024 13:00:00,5414.0,979,979,25.3488
08/13/2024 15:00:00,5414.0,979,979,22.0731
08/13/2024 17:00:00,5414.0,979,979,27.777
08/13/2024 19:00:00,5414.0,979,979,16.2151
08/13/2024 21:00:00,5414.0,979,979,16.8647
08/13/2024 23:00:00,5414.0,979,979,130.8592
08/12/2024 01:00:00,5212.0,943,992,24.8733
08/12/2024 03:00:00,5212.0,943,992,17.6519
08/12/2024 05:00:00,5212.0,943,992,17.0809
08/12/2024 07:00:00,5212.0,943,992,37.0484
08/12/2024 09:00:00,5212.0,943,992,18.3724
08/12/2024 11:00:00,5212.0,943,992,18.2338
08/12/2024 13:00:00,5212.0,943,992,18.507
08/12/2024 15:00:00,5212.0,943,992,36.7877
08/12/2024 17:00:00,5212.0,943,992,26.2754
08/12/2024 19:00:00,5212.0,943,992,16.444
08/12/2024 21:00:00,5212.0,943,992,16.9701
08/12/2024 23:00:00,5212.0,943,992,19.249
08/11/2024 01:00:00,3533.0,933,962,11.7869
08/11/2024 03:00:00,3533.0,933,962,14.1639
08/11/2024 05:00:00,3533.0,933,962,11.5571
08/11/2024 07:00:00,3533.0,933,962,15.7489
08/11/2024 09:00:00,3533.0,933,962,10.5594
08/11/2024 11:00:00,3533.0,933,962,0.0073
08/11/2024 13:00:00,3533.0,933,962,13.8534
08/11/2024 15:00:00,3533.0,933,962,11.9148
08/11/2024 17:00:00,3533.0,933,962,18.0033
08/11/2024 19:00:00,3533.0,933,962,15.6184
08/11/2024 21:00:00,3533.0,933,962,18.5291
08/11/2024 23:00:00,3533.0,933,962,16.9935
08/10/2024 01:00:00,4093.0,684,848,15.8001
08/10/2024 03:00:00,4093.0,684,848,14.3682
08/10/2024 05:00:00,4093.0,684,848,19.2324
08/10/2024 07:00:00,4093.0,684,848,20.9188
08/10/2024 09:00:00,4093.0,684,848,18.3466
08/10/2024 11:00:00,4093.0,684,848,17.7006
08/10/2024 13:00:00,4093.0,684,848,12.1548
08/10/2024 15:00:00,4093.0,684,848,36.5401
08/10/2024 17:00:00,4093.0,684,848,36.9932
08/10/2024 19:00:00,4093.0,684,848,45.0625
08/10/2024 21:00:00,4093.0,684,848,17.7537
08/10/2024 23:00:00,4093.0,684,848,16.6108
08/09/2024 01:00:00,5180.0,973,1043,12.1174
08/09/2024 03:00:00,5180.0,973,1043,12.2556
08/09/2024 05:00:00,5180.0,973,1043,12.1816
08/09/2024 07:00:00,5180.0,973,1043,14.5597
08/09/2024 09:00:00,5180.0,973,1043,12.1397
08/09/2024 11:00:00,5180.0,973,1043,11.7068
08/09/2024 13:00:00,5180.0,973,1043,11.554
08/09/2024 15:00:00,5180.0,973,1043,15.1955
08/09/2024 17:00:00,5180.0,973,1043,20.9453
08/09/2024 19:00:00,5180.0,973,1043,15.1813
08/09/2024 21:00:00,5180.0,973,1043,27.2397
08/09/2024 23:00:00,5180.0,973,1043,16.0027
08/08/2024 01:00:00,4807.0,971,979,17.7214
08/08/2024 03:00:00,4807.0,971,979,15.3804
08/08/2024 05:00:00,4807.0,971,979,12.2016
08/08/2024 07:00:00,4807.0,971,979,17.0443
08/08/2024 09:00:00,4807.0,971,979,16.5164
08/08/2024 11:00:00,4807.0,971,979,22.2939
08/08/2024 13:00:00,4807.0,971,979,18.6774
08/08/2024 15:00:00,4807.0,971,979,19.0731
08/08/2024 17:00:00,4807.0,971,979,20.4772
08/08/2024 19:00:00,4807.0,971,979,21.4722
08/08/2024 21:00:00,4807.0,971,979,16.8317
08/08/2024 23:00:00,4807.0,971,979,29.6829
08/07/2024 01:00:00,4569.0,971,979,11.5854
08/07/2024 03:00:00,4569.0,971,979,16.9985
08/07/2024 05:00:00,4569.0,971,979,14.5964
08/07/2024 07:00:00,4569.0,971,979,32.7192
08/07/2024 09:00:00,4569.0,971,979,15.3397
08/07/2024 11:00:00,4569.0,971,979,20.9837
08/07/2024 13:00:00,4569.0,971,979,29.7878
08/07/2024 15:00:00,4569.0,971,979,38.8583
08/07/2024 17:00:00,4569.0,971,979,17.691
08/07/2024 19:00:00,4569.0,971,979,10.1797
08/07/2024 21:00:00,4569.0,971,979,18.1604
08/07/2024 23:00:00,4569.0,971,979,53.7768
08/06/2024 01:00:00,3511.0,808,964,16.1638
08/06/2024 03:00:00,3511.0,808,964,23.6331
08/06/2024 05:00:00,3511.0,808,964,15.2061
08/06/2024 07:00:00,3511.0,808,964,21.3973
08/06/2024 09:00:00,3511.0,808,964,26.4757
08/06/2024 11:00:00,3511.0,808,964,38.4962
08/06/2024 13:00:00,3511.0,808,964,34.0002
08/06/2024 15:00:00,3511.0,808,964,30.2473
08/06/2024 17:00:00,3511.0,808,964,40.1347
08/06/2024 19:00:00,3511.0,808,964,11.0822
08/06/2024 21:00:00,3511.0,808,964,108.5
08/06/2024 23:00:00,3511.0,808,964,11.2995
08/05/2024 01:00:00,4342.0,837,1049,15.4775
08/05/2024 03:00:00,4342.0,837,1049,15.1841
08/05/2024 05:00:00,4342.0,837,1049,14.911
08/05/2024 07:00:00,4342.0,837,1049,15.5484
08/05/2024 11:00:00,4342.0,837,1049,16.5965
08/05/2024 13:00:00,4342.0,837,1049,37.2763
08/05/2024 15:00:00,4342.0,837,1049,34.9762
08/05/2024 17:00:00,4342.0,837,1049,23.8278
08/05/2024 19:00:00,4342.0,837,1049,27.2624
08/05/2024 21:00:00,4342.0,837,1049,16.6798
08/05/2024 23:00:00,4342.0,837,1049,13.0335
08/04/2024 01:00:00,5069.0,744,1077,15.2511
08/04/2024 03:00:00,5069.0,744,1077,14.4038
08/04/2024 05:00:00,5069.0,744,1077,14.6594
08/04/2024 07:00:00,5069.0,744,1077,15.3557
08/04/2024 09:00:00,5069.0,744,1077,12.2506
08/04/2024 11:00:00,5069.0,744,1077,11.72
08/04/2024 13:00:00,5069.0,744,1077,23.5633
08/04/2024 15:00:00,5069.0,744,1077,39.8753
08/04/2024 17:00:00,5069.0,744,1077,69.165
08/04/2024 19:00:00,5069.0,744,1077,22.1606
08/04/2024 21:00:00,5069.0,744,1077,36.4168
08/04/2024 23:00:00,5069.0,744,1077,19.6851
08/03/2024 01:00:00,5241.0,981,1089,14.5742
08/03/2024 03:00:00,5241.0,981,1089,18.6545
08/03/2024 05:00:00,5241.0,981,1089,17.1853
08/03/2024 07:00:00,5241.0,981,1089,16.3583
08/03/2024 09:00:00,5241.0,981,1089,13.2619
08/03/2024 11:00:00,5241.0,981,1089,18.3582
08/03/2024 13:00:00,5241.0,981,1089,37.3256
08/03/2024 15:00:00,5241.0,981,1089,31.885
08/03/2024 17:00:00,5241.0,981,1089,25.6727
08/03/2024 19:00:00,5241.0,981,1089,35.4173
08/03/2024 21:00:00,5241.0,981,1089,17.4069
08/03/2024 23:00:00,5241.0,981,1089,15.6353
08/02/2024 01:00:00,5320.0,971,1076,12.9364
08/02/2024 03:00:00,5320.0,971,1076,12.8372
08/02/2024 05:00:00,5320.0,971,1076,14.2855
08/02/2024 07:00:00,5320.0,971,1076,14.953
08/02/2024 09:00:00,5320.0,971,1076,19.8348
08/02/2024 11:00:00,5320.0,971,1076,16.1895
08/02/2024 13:00:00,5320.0,971,1076,19.465
08/02/2024 15:00:00,5320.0,971,1076,34.0271
08/02/2024 17:00:00,5320.0,971,1076,34.7586
08/02/2024 19:00:00,5320.0,971,1076,11.9554
08/02/2024 21:00:00,5320.0,971,1076,15.1758
08/02/2024 23:00:00,5320.0,971,1076,23.0273
08/01/2024 01:00:00,5212.0,1063,1029,17.9991
08/01/2024 03:00:00,5212.0,1063,1029,16.8377
08/01/2024 05:00:00,5212.0,1063,1029,18.3666
08/01/2024 07:00:00,5212.0,1063,1029,23.6983
08/01/2024 09:00:00,5212.0,1063,1029,17.6286
08/01/2024 11:00:00,5212.0,1063,1029,15.1049
08/01/2024 13:00:00,5212.0,1063,1029,38.0865
08/01/2024 15:00:00,5212.0,1063,1029,25.1052
08/01/2024 17:00:00,5212.0,1063,1029,38.4371
08/01/2024 19:00:00,5212.0,1063,1029,9.9354
08/01/2024 21:00:00,5212.0,1063,1029,16.4735
08/01/2024 23:00:00,5212.0,1063,1029,11.7055
07/31/2024 01:00:00,4846.0,1097,1000,18.9323
07/31/2024 03:00:00,4846.0,1097,1000,11.8541
07/31/2024 05:00:00,4846.0,1097,1000,11.5573
07/31/2024 07:00:00,4846.0,1097,1000,12.1733
07/31/2024 09:00:00,4846.0,1097,1000,9.7335
07/31/2024 11:00:00,4846.0,1097,1000,0.013
07/31/2024 13:00:00,4846.0,1097,1000,11.8525
07/31/2024 15:00:00,4846.0,1097,1000,36.6612
07/31/2024 17:00:00,4846.0,1097,1000,37.8622
07/31/2024 19:00:00,4846.0,1097,1000,25.7911
07/31/2024 21:00:00,4846.0,1097,1000,30.607
07/31/2024 23:00:00,4846.0,1097,1000,15.0774
07/30/2024 01:00:00,5353.0,1012,1007,11.3806
07/30/2024 03:00:00,5353.0,1012,1007,11.7391
07/30/2024 05:00:00,5353.0,1012,1007,10.8724
07/30/2024 07:00:00,5353.0,1012,1007,11.5887
07/30/2024 09:00:00,5353.0,1012,1007,0.0131
07/30/2024 11:00:00,5353.0,1012,1007,10.952
07/30/2024 13:00:00,5353.0,1012,1007,37.2879
07/30/2024 15:00:00,5353.0,1012,1007,28.1154
07/30/2024 17:00:00,5353.0,1012,1007,37.2523
07/30/2024 19:00:00,5353.0,1012,1007,15.6839
07/30/2024 21:00:00,5353.0,1012,1007,15.0605
07/30/2024 23:00:00,5353.0,1012,1007,10.9701
07/29/2024 01:00:00,5508.0,1068,970,15.8658
07/29/2024 03:00:00,5508.0,1068,970,17.6749
07/29/2024 05:00:00,5508.0,1068,970,15.7731
07/29/2024 07:00:00,5508.0,1068,970,17.4475
07/29/2024 09:00:00,5508.0,1068,970,14.6724
07/29/2024 11:00:00,5508.0,1068,970,15.0232
07/29/2024 13:00:00,5508.0,1068,970,41.9469
07/29/2024 15:00:00,5508.0,1068,970,37.618
07/29/2024 17:00:00,5508.0,1068,970,14.6643
07/29/2024 19:00:00,5508.0,1068,970,13.4737
07/29/2024 21:00:00,5508.0,1068,970,10.0724
07/29/2024 23:00:00,5508.0,1068,970,12.3038
07/28/2024 01:00:00,5724.0,1094,961,10.6735
07/28/2024 03:00:00,5724.0,1094,961,12.5188
07/28/2024 05:00:00,5724.0,1094,961,11.479
07/28/2024 07:00:00,5724.0,1094,961,21.322
07/28/2024 09:00:00,5724.0,1094,961,0.6188
07/28/2024 11:00:00,5724.0,1094,961,0.0001
07/28/2024 13:00:00,5724.0,1094,961,16.0795
07/28/2024 15:00:00,5724.0,1094,961,18.4386
07/28/2024 17:00:00,5724.0,1094,961,35.6287
07/28/2024 19:00:00,5724.0,1094,961,34.5523
07/28/2024 23:00:00,5724.0,1094,961,12.8819
07/27/2024 01:00:00,5768.0,1057,909,16.5559
07/27/2024 03:00:00,5768.0,1057,909,23.868
07/27/2024 05:00:00,5768.0,1057,909,18.3179
07/27/2024 07:00:00,5768.0,1057,909,16.798
07/27/2024 09:00:00,5768.0,1057,909,16.0308
07/27/2024 11:00:00,5768.0,1057,909,16.4857
07/27/2024 13:00:00,5768.0,1057,909,37.9969
07/27/2024 15:00:00,5768.0,1057,909,41.2077
07/27/2024 17:00:00,5768.0,1057,909,41.5747
07/27/2024 19:00:00,5768.0,1057,909,17.75
07/27/2024 21:00:00,5768.0,1057,909,15.7168
07/27/2024 23:00:00,5768.0,1057,909,12.9891
07/26/2024 01:00:00,5444.0,1040,988,15.8836
07/26/2024 03:00:00,5444.0,1040,988,15.9624
07/26/2024 05:00:00,5444.0,1040,988,15.8108
07/26/2024 07:00:00,5444.0,1040,988,17.0584
07/26/2024 09:00:00,5444.0,1040,988,16.331
07/26/2024 11:00:00,5444.0,1040,988,39.2129
07/26/2024 13:00:00,5444.0,1040,988,16.4123
07/26/2024 15:00:00,5444.0,1040,988,27.2384
07/26/2024 17:00:00,5444.0,1040,988,49.9567
07/26/2024 19:00:00,5444.0,1040,988,24.9144
07/26/2024 21:00:00,5444.0,1040,988,41.3445
07/26/2024 23:00:00,5444.0,1040,988,17.0101
07/25/2024 01:00:00,5131.0,1042,1133,13.525
07/25/2024 03:00:00,5131.0,1042,1133,12.7995
07/25/2024 05:00:00,5131.0,1042,1133,13.3565
07/25/2024 07:00:00,5131.0,1042,1133,22.677
07/25/2024 09:00:00,5131.0,1042,1133,18.4222
07/25/2024 11:00:00,5131.0,1042,1133,14.8217
07/25/2024 13:00:00,5131.0,1042,1133,23.012
07/25/2024 15:00:00,5131.0,1042,1133,36.7133
07/25/2024 17:00:00,5131.0,1042,1133,18.3286
07/25/2024 21:00:00,5131.0,1042,1133,13.079
07/25/2024 23:00:00,5131.0,1042,1133,12.9986
07/24/2024 01:00:00,4867.0,982,1135,14.5067
07/24/2024 03:00:00,4867.0,982,1135,12.9611
07/24/2024 05:00:00,4867.0,982,1135,14.8665
07/24/2024 07:00:00,4867.0,982,1135,21.4227
07/24/2024 09:00:00,4867.0,982,1135,18.0779
07/24/2024 11:00:00,4867.0,982,1135,17.9011
07/24/2024 13:00:00,4867.0,982,1135,41.5434
07/24/2024 15:00:00,4867.0,982,1135,41.5683
07/24/2024 17:00:00,4867.0,982,1135,19.8774
07/24/2024 19:00:00,4867.0,982,1135,18.4324
07/24/2024 21:00:00,4867.0,982,1135,18.2174
07/24/2024 23:00:00,4867.0,982,1135,13.2754
07/23/2024 01:00:00,4596.0,890,1068,15.9731
07/23/2024 03:00:00,4596.0,890,1068,16.5473
07/23/2024 05:00:00,4596.0,890,1068,18.6579
07/23/2024 07:00:00,4596.0,890,1068,32.5734
07/23/2024 09:00:00,4596.0,890,1068,17.2174
07/23/2024 11:00:00,4596.0,890,1068,18.2445
07/23/2024 13:00:00,4596.0,890,1068,36.9639
07/23/2024 15:00:00,4596.0,890,1068,37.2444
07/23/2024 17:00:00,4596.0,890,1068,44.3358
07/23/2024 19:00:00,4596.0,890,1068,44.0563
07/23/2024 21:00:00,4596.0,890,1068,20.183
07/23/2024 23:00:00,4596.0,890,1068,12.6434
07/22/2024 01:00:00,5316.0,1035,1117,17.6961
07/22/2024 03:00:00,5316.0,1035,1117,15.5587
07/22/2024 05:00:00,5316.0,1035,1117,17.7438
07/22/2024 07:00:00,5316.0,1035,1117,15.8177
07/22/2024 09:00:00,5316.0,1035,1117,14.4315
07/22/2024 11:00:00,5316.0,1035,1117,14.0585
07/22/2024 13:00:00,5316.0,1035,1117,22.1083
07/22/2024 15:00:00,5316.0,1035,1117,22.0095
07/22/2024 17:00:00,5316.0,1035,1117,37.9397
07/22/2024 19:00:00,5316.0,1035,1117,15.3888
07/22/2024 21:00:00,5316.0,1035,1117,21.7198
07/22/2024 23:00:00,5316.0,1035,1117,18.3796
07/21/2024 01:00:00,5475.0,988,1048,17.5846
07/21/2024 03:00:00,5475.0,988,1048,18.6528
07/21/2024 05:00:00,5475.0,988,1048,12.284
07/21/2024 07:00:00,5475.0,988,1048,20.069
07/21/2024 09:00:00,5475.0,988,1048,26.8444
07/21/2024 11:00:00,5475.0,988,1048,21.9039
07/21/2024 13:00:00,5475.0,988,1048,38.3212
07/21/2024 15:00:00,5475.0,988,1048,21.1353
07/21/2024 17:00:00,5475.0,988,1048,18.2954
07/21/2024 19:00:00,5475.0,988,1048,39.2034
07/21/2024 21:00:00,5475.0,988,1048,30.7275
07/21/2024 23:00:00,5475.0,988,1048,17.5552
07/20/2024 01:00:00,5474.0,1042,1044,10.258
07/20/2024 03:00:00,5474.0,1042,1044,16.9038
07/20/2024 05:00:00,5474.0,1042,1044,10.4605
07/20/2024 07:00:00,5474.0,1042,1044,16.9213
07/20/2024 09:00:00,5474.0,1042,1044,11.6948
07/20/2024 11:00:00,5474.0,1042,1044,11.1924
07/20/2024 13:00:00,5474.0,1042,1044,15.1556
07/20/2024 15:00:00,5474.0,1042,1044,38.6265
07/20/2024 17:00:00,5474.0,1042,1044,29.0659
07/20/2024 19:00:00,5474.0,1042,1044,23.2525
07/20/2024 21:00:00,5474.0,1042,1044,38.9821
07/20/2024 23:00:00,5474.0,1042,1044,22.1511
07/19/2024 01:00:00,5561.0,1055,1047,11.544
07/19/2024 03:00:00,5561.0,1055,1047,14.5322
07/19/2024 05:00:00,5561.0,1055,1047,15.8043
07/19/2024 07:00:00,5561.0,1055,1047,20.7205
07/19/2024 09:00:00,5561.0,1055,1047,17.061
07/19/2024 11:00:00,5561.0,1055,1047,21.9409
07/19/2024 13:00:00,5561.0,1055,1047,27.1232
07/19/2024 15:00:00,5561.0,1055,1047,37.4125
07/19/2024 17:00:00,5561.0,1055,1047,39.1237
07/19/2024 19:00:00,5561.0,1055,1047,16.1818
07/19/2024 21:00:00,5561.0,1055,1047,23.6288
07/19/2024 23:00:00,5561.0,1055,1047,22.2828
07/18/2024 01:00:00,5495.0,1086,1094,12.7627
07/18/2024 03:00:00,5495.0,1086,1094,12.9293
07/18/2024 05:00:00,5495.0,1086,1094,12.186
07/18/2024 07:00:00,5495.0,1086,1094,14.7758
07/18/2024 09:00:00,5495.0,1086,1094,15.32
07/18/2024 11:00:00,5495.0,1086,1094,15.5979
07/18/2024 13:00:00,5495.0,1086,1094,20.7367
07/18/2024 15:00:00,5495.0,1086,1094,37.0009
07/18/2024 17:00:00,5495.0,1086,1094,46.5016
07/18/2024 19:00:00,5495.0,1086,1094,18.7838
07/18/2024 21:00:00,5495.0,1086,1094,16.8699
07/18/2024 23:00:00,5495.0,1086,1094,14.0791
07/17/2024 01:00:00,5322.0,976,1026,18.8509
07/17/2024 03:00:00,5322.0,976,1026,19.2292
07/17/2024 05:00:00,5322.0,976,1026,19.6786
07/17/2024 07:00:00,5322.0,976,1026,18.4557
07/17/2024 09:00:00,5322.0,976,1026,16.6722
07/17/2024 11:00:00,5322.0,976,1026,17.3264
07/17/2024 13:00:00,5322.0,976,1026,19.7833
07/17/2024 15:00:00,5322.0,976,1026,23.1526
07/17/2024 17:00:00,5322.0,976,1026,36.141
07/17/2024 19:00:00,5322.0,976,1026,12.207
07/17/2024 21:00:00,5322.0,976,1026,17.5522
07/17/2024 23:00:00,5322.0,976,1026,12.4611
07/16/2024 01:00:00,4938.0,865,977,22.5107
07/16/2024 03:00:00,4938.0,865,977,17.9689
07/16/2024 05:00:00,4938.0,865,977,17.9035
07/16/2024 07:00:00,4938.0,865,977,20.0156
07/16/2024 09:00:00,4938.0,865,977,17.5782
07/16/2024 11:00:00,4938.0,865,977,18.1626
07/16/2024 13:00:00,4938.0,865,977,37.1064
07/16/2024 15:00:00,4938.0,865,977,26.206
07/16/2024 17:00:00,4938.0,865,977,24.1795
07/16/2024 19:00:00,4938.0,865,977,16.6284
07/16/2024 21:00:00,4938.0,865,977,38.768
07/16/2024 23:00:00,4938.0,865,977,16.6729
07/15/2024 01:00:00,5416.0,1023,1024,10.6981
07/15/2024 03:00:00,5416.0,1023,1024,11.5185
07/15/2024 05:00:00,5416.0,1023,1024,-38.6796
07/15/2024 09:00:00,5416.0,1023,1024,11.3642
07/15/2024 11:00:00,5416.0,1023,1024,9.7084
07/15/2024 13:00:00,5416.0,1023,1024,157.6972
07/15/2024 15:00:00,5416.0,1023,1024,38.041
07/15/2024 17:00:00,5416.0,1023,1024,36.3005
07/15/2024 19:00:00,5416.0,1023,1024,12.4585
07/15/2024 21:00:00,5416.0,1023,1024,17.0878
07/15/2024 23:00:00,5416.0,1023,1024,21.8899
07/14/2024 01:00:00,4850.0,910,931,19.4202
07/14/2024 03:00:00,4850.0,910,931,19.5014
07/14/2024 05:00:00,4850.0,910,931,12.0746
07/14/2024 07:00:00,4850.0,910,931,13.0807
07/14/2024 11:00:00,4850.0,910,931,0.0001
07/14/2024 13:00:00,4850.0,910,931,41.8829
07/14/2024 15:00:00,4850.0,910,931,44.5056
07/14/2024 17:00:00,4850.0,910,931,38.0936
07/14/2024 19:00:00,4850.0,910,931,15.1847
07/14/2024 21:00:00,4850.0,910,931,41.8231
07/14/2024 23:00:00,4850.0,910,931,10.9835
07/13/2024 01:00:00,3674.0,774,757,14.9407
07/13/2024 03:00:00,3674.0,774,757,16.65
07/13/2024 07:00:00,3674.0,774,757,11.4706
07/13/2024 09:00:00,3674.0,774,757,11.4399
07/13/2024 11:00:00,3674.0,774,757,15.5395
07/13/2024 13:00:00,3674.0,774,757,15.7968
07/13/2024 15:00:00,3674.0,774,757,40.9361
07/13/2024 17:00:00,3674.0,774,757,41.5535
07/13/2024 19:00:00,3674.0,774,757,40.3825
07/13/2024 21:00:00,3674.0,774,757,77.6423
07/13/2024 23:00:00,3674.0,774,757,33.1249
07/12/2024 01:00:00,3803.0,931,920,13.6818
07/12/2024 03:00:00,3803.0,931,920,12.1689
07/12/2024 05:00:00,3803.0,931,920,-41.9234
07/12/2024 09:00:00,3803.0,931,920,12.1555
07/12/2024 11:00:00,3803.0,931,920,20.8974
07/12/2024 13:00:00,3803.0,931,920,19.7762
07/12/2024 15:00:00,3803.0,931,920,38.8838
07/12/2024 17:00:00,3803.0,931,920,39.0827
07/12/2024 19:00:00,3803.0,931,920,33.9605
07/12/2024 21:00:00,3803.0,931,920,39.9454
07/12/2024 23:00:00,3803.0,931,920,15.3585
07/11/2024 01:00:00,4997.0,978,1012,13.8715
07/11/2024 03:00:00,4997.0,978,1012,13.463
07/11/2024 05:00:00,4997.0,978,1012,0.0001
07/11/2024 07:00:00,4997.0,978,1012,13.4902
07/11/2024 09:00:00,4997.0,978,1012,15.1669
07/11/2024 11:00:00,4997.0,978,1012,12.8803
07/11/2024 13:00:00,4997.0,978,1012,37.795
07/11/2024 15:00:00,4997.0,978,1012,41.0452
07/11/2024 17:00:00,4997.0,978,1012,41.6252
07/11/2024 19:00:00,4997.0,978,1012,11.0986
07/11/2024 21:00:00,4997.0,978,1012,22.9009
07/11/2024 23:00:00,4997.0,978,1012,11.5029
07/10/2024 01:00:00,5187.0,1018,1096,11.6563
07/10/2024 03:00:00,5187.0,1018,1096,19.1264
07/10/2024 05:00:00,5187.0,1018,1096,27.5875
07/10/2024 07:00:00,5187.0,1018,1096,28.4284
07/10/2024 09:00:00,5187.0,1018,1096,18.2188
07/10/2024 11:00:00,5187.0,1018,1096,16.033
07/10/2024 13:00:00,5187.0,1018,1096,37.6263
07/10/2024 15:00:00,5187.0,1018,1096,43.7309
07/10/2024 17:00:00,5187.0,1018,1096,43.2925
07/10/2024 19:00:00,5187.0,1018,1096,12.2645
07/10/2024 21:00:00,5187.0,1018,1096,24.8254
07/10/2024 23:00:00,5187.0,1018,1096,13.5584
07/09/2024 01:00:00,5516.0,977,1080,10.4323
07/09/2024 03:00:00,5516.0,977,1080,10.501
07/09/2024 05:00:00,5516.0,977,1080,10.6685
07/09/2024 07:00:00,5516.0,977,1080,19.4874
07/09/2024 09:00:00,5516.0,977,1080,16.5019
07/09/2024 11:00:00,5516.0,977,1080,35.7418
07/09/2024 13:00:00,5516.0,977,1080,36.4879
07/09/2024 15:00:00,5516.0,977,1080,33.4401
07/09/2024 17:00:00,5516.0,977,1080,43.2812
07/09/2024 19:00:00,5516.0,977,1080,43.4085
07/09/2024 21:00:00,5516.0,977,1080,45.1991
07/09/2024 23:00:00,5516.0,977,1080,23.9629
07/08/2024 01:00:00,5666.0,1003,1095,16.5668
07/08/2024 03:00:00,5666.0,1003,1095,16.693
07/08/2024 05:00:00,5666.0,1003,1095,16.7147
07/08/2024 07:00:00,5666.0,1003,1095,31.1413
07/08/2024 09:00:00,5666.0,1003,1095,14.319
07/08/2024 11:00:00,5666.0,1003,1095,20.3297
07/08/2024 13:00:00,5666.0,1003,1095,18.8577
07/08/2024 15:00:00,5666.0,1003,1095,44.736
07/08/2024 17:00:00,5666.0,1003,1095,45.1003
07/08/2024 19:00:00,5666.0,1003,1095,42.6533
07/08/2024 21:00:00,5666.0,1003,1095,36.1798
07/08/2024 23:00:00,5666.0,1003,1095,86.2373
07/07/2024 01:00:00,5589.0,1090,1140,10.4553
07/07/2024 03:00:00,5589.0,1090,1140,9.5581
07/07/2024 05:00:00,5589.0,1090,1140,13.434
07/07/2024 07:00:00,5589.0,1090,1140,15.914
07/07/2024 09:00:00,5589.0,1090,1140,13.7609
07/07/2024 11:00:00,5589.0,1090,1140,14.5843
07/07/2024 13:00:00,5589.0,1090,1140,17.0424
07/07/2024 15:00:00,5589.0,1090,1140,37.3135
07/07/2024 17:00:00,5589.0,1090,1140,35.5745
07/07/2024 19:00:00,5589.0,1090,1140,16.1213
07/07/2024 21:00:00,5589.0,1090,1140,38.844
07/07/2024 23:00:00,5589.0,1090,1140,17.9132
07/06/2024 03:00:00,5682.0,1098,1053,0.0001
07/06/2024 05:00:00,5682.0,1098,1053,-28.3538
07/06/2024 07:00:00,5682.0,1098,1053,0.0001
07/06/2024 09:00:00,5682.0,1098,1053,-0.0001
07/06/2024 13:00:00,5682.0,1098,1053,15.6326
07/06/2024 15:00:00,5682.0,1098,1053,20.6031
07/06/2024 17:00:00,5682.0,1098,1053,15.0518
07/06/2024 19:00:00,5682.0,1098,1053,22.7446
07/06/2024 21:00:00,5682.0,1098,1053,19.6804
07/06/2024 23:00:00,5682.0,1098,1053,10.3935
07/05/2024 01:00:00,5666.0,1085,1017,10.1453
07/05/2024 03:00:00,5666.0,1085,1017,10.3053
07/05/2024 05:00:00,5666.0,1085,1017,18.1918
07/05/2024 07:00:00,5666.0,1085,1017,20.7588
07/05/2024 09:00:00,5666.0,1085,1017,12.1811
07/05/2024 11:00:00,5666.0,1085,1017,10.1068
07/05/2024 13:00:00,5666.0,1085,1017,10.5025
07/05/2024 15:00:00,5666.0,1085,1017,17.4845
07/05/2024 17:00:00,5666.0,1085,1017,32.7866
07/05/2024 19:00:00,5666.0,1085,1017,49.7544
07/05/2024 21:00:00,5666.0,1085,1017,54.3456
07/05/2024 23:00:00,5666.0,1085,1017,15.1432
07/04/2024 01:00:00,5681.0,1035,1127,-30.1985
07/04/2024 05:00:00,5681.0,1035,1127,-28.0104
07/04/2024 07:00:00,5681.0,1035,1127,9.4558
07/04/2024 09:00:00,5681.0,1035,1127,-2.2554
07/04/2024 13:00:00,5681.0,1035,1127,9.6613
07/04/2024 15:00:00,5681.0,1035,1127,15.0802
07/04/2024 17:00:00,5681.0,1035,1127,37.4452
07/04/2024 19:00:00,5681.0,1035,1127,39.3016
07/04/2024 21:00:00,5681.0,1035,1127,37.8486
07/04/2024 23:00:00,5681.0,1035,1127,14.6689
07/03/2024 01:00:00,5875.0,1033,1042,16.917
07/03/2024 03:00:00,5875.0,1033,1042,11.5118
07/03/2024 05:00:00,5875.0,1033,1042,11.7295
07/03/2024 07:00:00,5875.0,1033,1042,11.7649
07/03/2024 09:00:00,5875.0,1033,1042,11.9277
07/03/2024 11:00:00,5875.0,1033,1042,0.0167
07/03/2024 13:00:00,5875.0,1033,1042,10.5023
07/03/2024 15:00:00,5875.0,1033,1042,13.1422
07/03/2024 17:00:00,5875.0,1033,1042,18.1358
07/03/2024 19:00:00,5875.0,1033,1042,18.8372
07/03/2024 21:00:00,5875.0,1033,1042,201.3251
07/03/2024 23:00:00,5875.0,1033,1042,105.8284
07/02/2024 01:00:00,5893.0,1033,1042,12.3566
07/02/2024 03:00:00,5893.0,1033,1042,13.0852
07/02/2024 05:00:00,5893.0,1033,1042,-38.2086
07/02/2024 07:00:00,5893.0,1033,1042,18.2251
07/02/2024 11:00:00,5893.0,1033,1042,0.0085
07/02/2024 13:00:00,5893.0,1033,1042,-0.9991
07/02/2024 15:00:00,5893.0,1033,1042,20.8197
07/02/2024 17:00:00,5893.0,1033,1042,21.3028
07/02/2024 19:00:00,5893.0,1033,1042,38.0095
07/02/2024 21:00:00,5893.0,1033,1042,57.5136
07/02/2024 23:00:00,5893.0,1033,1042,17.5435
07/01/2024 01:00:00,5944.0,1003,1003,11.8725
07/01/2024 03:00:00,5944.0,1003,1003,13.0224
07/01/2024 05:00:00,5944.0,1003,1003,14.2861
07/01/2024 07:00:00,5944.0,1003,1003,12.6527
07/01/2024 09:00:00,5944.0,1003,1003,17.2132
07/01/2024 11:00:00,5944.0,1003,1003,14.4749
07/01/2024 13:00:00,5944.0,1003,1003,22.6128
07/01/2024 15:00:00,5944.0,1003,1003,18.1928
07/01/2024 17:00:00,5944.0,1003,1003,33.5654
07/01/2024 19:00:00,5944.0,1003,1003,20.4352
07/01/2024 21:00:00,5944.0,1003,1003,20.0179
07/01/2024 23:00:00,5944.0,1003,1003,16.3074
06/30/2024 01:00:00,6012.0,1025,991,-38.3169
06/30/2024 05:00:00,6012.0,1025,991,-38.5306
06/30/2024 07:00:00,6012.0,1025,991,-0.0001
06/30/2024 09:00:00,6012.0,1025,991,-2.182
06/30/2024 13:00:00,6012.0,1025,991,-0.0021
06/30/2024 15:00:00,6012.0,1025,991,10.7174
06/30/2024 17:00:00,6012.0,1025,991,18.7513
06/30/2024 19:00:00,6012.0,1025,991,37.3387
06/30/2024 21:00:00,6012.0,1025,991,19.8136
06/30/2024 23:00:00,6012.0,1025,991,16.9124
06/29/2024 01:00:00,4899.0,992,916,24.5324
06/29/2024 03:00:00,4899.0,992,916,13.2929
06/29/2024 05:00:00,4899.0,992,916,-0.0001
06/29/2024 07:00:00,4899.0,992,916,0.0001
06/29/2024 09:00:00,4899.0,992,916,-0.0033
06/29/2024 11:00:00,4899.0,992,916,11.5329
06/29/2024 13:00:00,4899.0,992,916,14.0868
06/29/2024 15:00:00,4899.0,992,916,16.6228
06/29/2024 17:00:00,4899.0,992,916,18.7547
06/29/2024 19:00:00,4899.0,992,916,18.5571
06/29/2024 21:00:00,4899.0,992,916,23.1163
06/29/2024 23:00:00,4899.0,992,916,12.8145
06/28/2024 01:00:00,0.0,,,-1.0908
06/28/2024 03:00:00,0.0,,,-0.0001
06/28/2024 05:00:00,0.0,,,14.4408
06/28/2024 07:00:00,0.0,,,14.4881
06/28/2024 09:00:00,0.0,,,13.8697
06/28/2024 11:00:00,0.0,,,21.9766
06/28/2024 13:00:00,0.0,,,21.4984
06/28/2024 15:00:00,0.0,,,27.1152
06/28/2024 17:00:00,0.0,,,26.7951
06/28/2024 19:00:00,0.0,,,23.2291
06/28/2024 21:00:00,0.0,,,21.6364
06/28/2024 23:00:00,0.0,,,17.4626
06/27/2024 01:00:00,995.0,,,10.3412
06/27/2024 03:00:00,995.0,,,0.016
06/27/2024 05:00:00,995.0,,,0.0172
06/27/2024 07:00:00,995.0,,,0.0162
06/27/2024 09:00:00,995.0,,,15.1902
06/27/2024 11:00:00,995.0,,,14.1386
06/27/2024 13:00:00,995.0,,,19.1006
06/27/2024 15:00:00,995.0,,,23.0652
06/27/2024 17:00:00,995.0,,,37.1019
06/27/2024 19:00:00,995.0,,,35.75
06/27/2024 21:00:00,995.0,,,20.1465
06/27/2024 23:00:00,995.0,,,12.2504
06/26/2024 01:00:00,4348.0,958,1033,25.6983
06/26/2024 03:00:00,4348.0,958,1033,21.5771
06/26/2024 05:00:00,4348.0,958,1033,19.7047
06/26/2024 07:00:00,4348.0,958,1033,18.5414
06/26/2024 09:00:00,4348.0,958,1033,14.8363
06/26/2024 11:00:00,4348.0,958,1033,0.0149
06/26/2024 13:00:00,4348.0,958,1033,14.9838
06/26/2024 15:00:00,4348.0,958,1033,29.5913
06/26/2024 17:00:00,4348.0,958,1033,14.9928
06/26/2024 19:00:00,4348.0,958,1033,0.5633
06/26/2024 21:00:00,4348.0,958,1033,13.97
06/26/2024 23:00:00,4348.0,958,1033,14.6574
06/25/2024 01:00:00,949.0,0,0,19.5591
06/25/2024 03:00:00,949.0,0,0,14.0503
06/25/2024 05:00:00,949.0,0,0,13.9722
06/25/2024 07:00:00,949.0,0,0,14.5149
06/25/2024 09:00:00,949.0,0,0,11.6556
06/25/2024 11:00:00,949.0,0,0,14.9898
06/25/2024 13:00:00,949.0,0,0,13.9511
06/25/2024 15:00:00,949.0,0,0,18.883
06/25/2024 17:00:00,949.0,0,0,29.1317
06/25/2024 21:00:00,949.0,0,0,35.1836
06/25/2024 23:00:00,949.0,0,0,45.7091
06/24/2024 01:00:00,5414.0,1019,1043,17.9808
06/24/2024 03:00:00,5414.0,1019,1043,14.4489
06/24/2024 05:00:00,5414.0,1019,1043,14.3326
06/24/2024 07:00:00,5414.0,1019,1043,14.6634
06/24/2024 09:00:00,5414.0,1019,1043,13.4178
06/24/2024 11:00:00,5414.0,1019,1043,20.6487
06/24/2024 13:00:00,5414.0,1019,1043,39.2921
06/24/2024 15:00:00,5414.0,1019,1043,36.538
06/24/2024 17:00:00,5414.0,1019,1043,20.783
06/24/2024 19:00:00,5414.0,1019,1043,23.6238
06/24/2024 21:00:00,5414.0,1019,1043,14.4484
06/24/2024 23:00:00,5414.0,1019,1043,19.3424
06/23/2024 01:00:00,5397.0,1045,1031,14.5825
06/23/2024 03:00:00,5397.0,1045,1031,13.5299
06/23/2024 05:00:00,5397.0,1045,1031,13.8039
06/23/2024 07:00:00,5397.0,1045,1031,14.0303
06/23/2024 09:00:00,5397.0,1045,1031,12.6438
06/23/2024 11:00:00,5397.0,1045,1031,12.8928
06/23/2024 13:00:00,5397.0,1045,1031,21.346
06/23/2024 15:00:00,5397.0,1045,1031,26.7684
06/23/2024 17:00:00,5397.0,1045,1031,33.399
06/23/2024 19:00:00,5397.0,1045,1031,23.2573
06/23/2024 21:00:00,5397.0,1045,1031,21.6617
06/23/2024 23:00:00,5397.0,1045,1031,14.4875
06/22/2024 01:00:00,5428.0,970,968,10.6964
06/22/2024 03:00:00,5428.0,970,968,10.6993
06/22/2024 07:00:00,5428.0,970,968,10.9202
06/22/2024 09:00:00,5428.0,970,968,12.1419
06/22/2024 11:00:00,5428.0,970,968,13.7261
06/22/2024 13:00:00,5428.0,970,968,23.4638
06/22/2024 15:00:00,5428.0,970,968,37.9836
06/22/2024 17:00:00,5428.0,970,968,38.998
06/22/2024 19:00:00,5428.0,970,968,42.5142
06/22/2024 21:00:00,5428.0,970,968,28.5246
06/22/2024 23:00:00,5428.0,970,968,20.1038
06/21/2024 01:00:00,5912.0,981,889,13.0746
06/21/2024 03:00:00,5912.0,981,889,11.8989
06/21/2024 05:00:00,5912.0,981,889,12.0112
06/21/2024 07:00:00,5912.0,981,889,26.9562
06/21/2024 09:00:00,5912.0,981,889,15.5748
06/21/2024 11:00:00,5912.0,981,889,12.068
06/21/2024 13:00:00,5912.0,981,889,21.1128
06/21/2024 15:00:00,5912.0,981,889,37.1209
06/21/2024 17:00:00,5912.0,981,889,14.6244
06/21/2024 19:00:00,5912.0,981,889,40.5649
06/21/2024 21:00:00,5912.0,981,889,20.1323
06/21/2024 23:00:00,5912.0,981,889,12.4873
06/20/2024 01:00:00,5806.0,1042,936,0.0001
06/20/2024 03:00:00,5806.0,1042,936,-1.1292
06/20/2024 05:00:00,5806.0,1042,936,-0.0001
06/20/2024 07:00:00,5806.0,1042,936,0.0001
06/20/2024 09:00:00,5806.0,1042,936,-0.0018
06/20/2024 11:00:00,5806.0,1042,936,11.32
06/20/2024 13:00:00,5806.0,1042,936,9.8363
06/20/2024 15:00:00,5806.0,1042,936,39.6006
06/20/2024 17:00:00,5806.0,1042,936,12.6809
06/20/2024 19:00:00,5806.0,1042,936,9.4905
06/20/2024 21:00:00,5806.0,1042,936,23.511
06/20/2024 23:00:00,5806.0,1042,936,15.9863
06/19/2024 01:00:00,5778.0,1057,894,13.1505
06/19/2024 03:00:00,5778.0,1057,894,21.8602
06/19/2024 05:00:00,5778.0,1057,894,10.0996
06/19/2024 07:00:00,5778.0,1057,894,10.4193
06/19/2024 09:00:00,5778.0,1057,894,-1.0728
06/19/2024 11:00:00,5778.0,1057,894,-0.0026
06/19/2024 13:00:00,5778.0,1057,894,15.0353
06/19/2024 15:00:00,5778.0,1057,894,9.4671
06/19/2024 17:00:00,5778.0,1057,894,8.4409
06/19/2024 19:00:00,5778.0,1057,894,10.0422
06/19/2024 21:00:00,5778.0,1057,894,14.5842
06/19/2024 23:00:00,5778.0,1057,894,9.479
06/18/2024 01:00:00,5949.0,959,802,10.8114
06/18/2024 03:00:00,5949.0,959,802,0.008
06/18/2024 05:00:00,5949.0,959,802,-28.2876
06/18/2024 07:00:00,5949.0,959,802,0.0106
06/18/2024 09:00:00,5949.0,959,802,0.0001
06/18/2024 11:00:00,5949.0,959,802,0.0061
06/18/2024 13:00:00,5949.0,959,802,-41.5611
06/18/2024 17:00:00,5949.0,959,802,0.0101
06/18/2024 19:00:00,5949.0,959,802,9.3285
06/18/2024 21:00:00,5949.0,959,802,37.2018
06/18/2024 23:00:00,5949.0,959,802,11.1216
06/17/2024 01:00:00,5872.0,923,809,15.4014
06/17/2024 03:00:00,5872.0,923,809,10.2209
06/17/2024 05:00:00,5872.0,923,809,8.8544
06/17/2024 07:00:00,5872.0,923,809,13.2955
06/17/2024 09:00:00,5872.0,923,809,8.854
06/17/2024 11:00:00,5872.0,923,809,20.7938
06/17/2024 13:00:00,5872.0,923,809,20.4357
06/17/2024 15:00:00,5872.0,923,809,11.0493
06/17/2024 17:00:00,5872.0,923,809,9.8253
06/17/2024 19:00:00,5872.0,923,809,16.2812
06/17/2024 21:00:00,5872.0,923,809,38.189
06/17/2024 23:00:00,5872.0,923,809,17.5387
06/16/2024 01:00:00,5595.0,930,787,47.717
06/16/2024 03:00:00,5595.0,930,787,18.0247
06/16/2024 05:00:00,5595.0,930,787,10.5991
06/16/2024 07:00:00,5595.0,930,787,0.0001
06/16/2024 11:00:00,5595.0,930,787,10.314
06/16/2024 13:00:00,5595.0,930,787,12.7563
06/16/2024 15:00:00,5595.0,930,787,17.0631
06/16/2024 17:00:00,5595.0,930,787,36.5779
06/16/2024 19:00:00,5595.0,930,787,24.8991
06/16/2024 21:00:00,5595.0,930,787,37.1409
06/16/2024 23:00:00,5595.0,930,787,17.1847
06/15/2024 01:00:00,5337.0,1086,829,12.0029
06/15/2024 03:00:00,5337.0,1086,829,11.9123
06/15/2024 05:00:00,5337.0,1086,829,14.3189
06/15/2024 07:00:00,5337.0,1086,829,15.2579
06/15/2024 09:00:00,5337.0,1086,829,0.0001
06/15/2024 11:00:00,5337.0,1086,829,10.7023
06/15/2024 13:00:00,5337.0,1086,829,20.3561
06/15/2024 15:00:00,5337.0,1086,829,36.357
06/15/2024 17:00:00,5337.0,1086,829,16.6225
06/15/2024 19:00:00,5337.0,1086,829,14.3289
06/15/2024 21:00:00,5337.0,1086,829,15.8521
06/15/2024 23:00:00,5337.0,1086,829,16.9389
06/14/2024 01:00:00,5569.0,1093,939,19.0008
06/14/2024 03:00:00,5569.0,1093,939,15.7485
06/14/2024 05:00:00,5569.0,1093,939,14.7348
06/14/2024 07:00:00,5569.0,1093,939,14.4783
06/14/2024 09:00:00,5569.0,1093,939,11.6021
06/14/2024 11:00:00,5569.0,1093,939,11.545
06/14/2024 13:00:00,5569.0,1093,939,0.0105
06/14/2024 15:00:00,5569.0,1093,939,38.6813
06/14/2024 17:00:00,5569.0,1093,939,13.8645
06/14/2024 19:00:00,5569.0,1093,939,18.3738
06/14/2024 21:00:00,5569.0,1093,939,17.9489
06/14/2024 23:00:00,5569.0,1093,939,14.2402
06/13/2024 01:00:00,5998.0,1104,963,14.3654
06/13/2024 03:00:00,5998.0,1104,963,13.0121
06/13/2024 05:00:00,5998.0,1104,963,11.8295
06/13/2024 07:00:00,5998.0,1104,963,16.4437
06/13/2024 09:00:00,5998.0,1104,963,0.0001
06/13/2024 11:00:00,5998.0,1104,963,11.0123
06/13/2024 13:00:00,5998.0,1104,963,14.1225
06/13/2024 15:00:00,5998.0,1104,963,24.0897
06/13/2024 17:00:00,5998.0,1104,963,14.6694
06/13/2024 21:00:00,5998.0,1104,963,13.8873
06/13/2024 23:00:00,5998.0,1104,963,13.3161
06/12/2024 01:00:00,5982.0,1072,873,0.0173
06/12/2024 03:00:00,5982.0,1072,873,1.1031
06/12/2024 05:00:00,5982.0,1072,873,0.0126
06/12/2024 07:00:00,5982.0,1072,873,0.0001
06/12/2024 09:00:00,5982.0,1072,873,0.0063
06/12/2024 11:00:00,5982.0,1072,873,0.0131
06/12/2024 13:00:00,5982.0,1072,873,31.3752
06/12/2024 15:00:00,5982.0,1072,873,23.123
06/12/2024 17:00:00,5982.0,1072,873,17.7108
06/12/2024 19:00:00,5982.0,1072,873,36.7272
06/12/2024 21:00:00,5982.0,1072,873,16.9884
06/12/2024 23:00:00,5982.0,1072,873,17.7615
06/11/2024 01:00:00,6078.0,1034,883,13.8396
06/11/2024 03:00:00,6078.0,1034,883,10.6213
06/11/2024 05:00:00,6078.0,1034,883,22.5784
06/11/2024 07:00:00,6078.0,1034,883,18.9558
06/11/2024 09:00:00,6078.0,1034,883,13.9329
06/11/2024 11:00:00,6078.0,1034,883,14.198
06/11/2024 13:00:00,6078.0,1034,883,13.8238
06/11/2024 15:00:00,6078.0,1034,883,36.9403
06/11/2024 17:00:00,6078.0,1034,883,38.9894
06/11/2024 19:00:00,6078.0,1034,883,39.6272
06/11/2024 21:00:00,6078.0,1034,883,14.4252
06/11/2024 23:00:00,6078.0,1034,883,14.8744
06/10/2024 01:00:00,5984.0,1031,877,7.2214
06/10/2024 03:00:00,5984.0,1031,877,-28.9153
06/10/2024 05:00:00,5984.0,1031,877,-29.265
06/10/2024 07:00:00,5984.0,1031,877,0.0186
06/10/2024 09:00:00,5984.0,1031,877,0.0202
06/10/2024 11:00:00,5984.0,1031,877,0.0112
06/10/2024 13:00:00,5984.0,1031,877,9.9498
06/10/2024 15:00:00,5984.0,1031,877,17.3443
06/10/2024 17:00:00,5984.0,1031,877,22.0216
06/10/2024 19:00:00,5984.0,1031,877,16.4043
06/10/2024 21:00:00,5984.0,1031,877,25.9321
06/10/2024 23:00:00,5984.0,1031,877,19.6105
06/09/2024 01:00:00,5936.0,1004,806,13.6535
06/09/2024 03:00:00,5936.0,1004,806,14.0482
06/09/2024 05:00:00,5936.0,1004,806,13.5431
06/09/2024 07:00:00,5936.0,1004,806,16.0945
06/09/2024 09:00:00,5936.0,1004,806,9.8002
06/09/2024 11:00:00,5936.0,1004,806,12.1495
06/09/2024 13:00:00,5936.0,1004,806,13.3239
06/09/2024 15:00:00,5936.0,1004,806,12.0866
06/09/2024 17:00:00,5936.0,1004,806,27.147
06/09/2024 19:00:00,5936.0,1004,806,17.943
06/09/2024 21:00:00,5936.0,1004,806,11.1371
06/09/2024 23:00:00,5936.0,1004,806,10.1709
06/08/2024 01:00:00,4923.0,925,729,11.3095
06/08/2024 03:00:00,4923.0,925,729,17.3365
06/08/2024 05:00:00,4923.0,925,729,18.2485
06/08/2024 07:00:00,4923.0,925,729,14.4112
06/08/2024 09:00:00,4923.0,925,729,11.065
06/08/2024 11:00:00,4923.0,925,729,9.9323
06/08/2024 13:00:00,4923.0,925,729,19.9149
06/08/2024 15:00:00,4923.0,925,729,0.0092
06/08/2024 17:00:00,4923.0,925,729,13.924
06/08/2024 19:00:00,4923.0,925,729,0.0091
06/08/2024 21:00:00,4923.0,925,729,20.2817
06/08/2024 23:00:00,4923.0,925,729,37.0891
06/07/2024 01:00:00,5820.0,989,838,14.4419
06/07/2024 03:00:00,5820.0,989,838,10.8102
06/07/2024 05:00:00,5820.0,989,838,10.9545
06/07/2024 07:00:00,5820.0,989,838,11.2879
06/07/2024 09:00:00,5820.0,989,838,0.0095
06/07/2024 11:00:00,5820.0,989,838,15.9463
06/07/2024 13:00:00,5820.0,989,838,16.7668
06/07/2024 15:00:00,5820.0,989,838,20.1688
06/07/2024 17:00:00,5820.0,989,838,9.927
06/07/2024 19:00:00,5820.0,989,838,21.7131
06/07/2024 21:00:00,5820.0,989,838,37.8654
06/07/2024 23:00:00,5820.0,989,838,13.9208
06/06/2024 01:00:00,5876.0,965,925,15.6711
06/06/2024 03:00:00,5876.0,965,925,13.7676
06/06/2024 05:00:00,5876.0,965,925,11.113
06/06/2024 07:00:00,5876.0,965,925,17.7987
06/06/2024 09:00:00,5876.0,965,925,0.7029
06/06/2024 11:00:00,5876.0,965,925,10.0445
06/06/2024 13:00:00,5876.0,965,925,15.5985
06/06/2024 15:00:00,5876.0,965,925,23.7862
06/06/2024 17:00:00,5876.0,965,925,14.049
06/06/2024 19:00:00,5876.0,965,925,22.2328
06/06/2024 21:00:00,5876.0,965,925,19.711
06/06/2024 23:00:00,5876.0,965,925,15.3312
06/05/2024 01:00:00,6128.0,932,909,13.3338
06/05/2024 03:00:00,6128.0,932,909,11.0009
06/05/2024 05:00:00,6128.0,932,909,0.0121
06/05/2024 07:00:00,6128.0,932,909,0.0197
06/05/2024 09:00:00,6128.0,932,909,0.4881
06/05/2024 11:00:00,6128.0,932,909,0.004
06/05/2024 13:00:00,6128.0,932,909,9.1504
06/05/2024 15:00:00,6128.0,932,909,13.2168
06/05/2024 17:00:00,6128.0,932,909,21.4231
06/05/2024 19:00:00,6128.0,932,909,31.5815
06/05/2024 21:00:00,6128.0,932,909,38.3172
06/05/2024 23:00:00,6128.0,932,909,22.1677
06/04/2024 01:00:00,6082.0,943,855,13.7764
06/04/2024 03:00:00,6082.0,943,855,18.2875
06/04/2024 05:00:00,6082.0,943,855,6.7305
06/04/2024 07:00:00,6082.0,943,855,17.8216
06/04/2024 09:00:00,6082.0,943,855,0.0039
06/04/2024 11:00:00,6082.0,943,855,11.8158
06/04/2024 13:00:00,6082.0,943,855,9.2603
06/04/2024 15:00:00,6082.0,943,855,9.1156
06/04/2024 17:00:00,6082.0,943,855,0.0095
06/04/2024 19:00:00,6082.0,943,855,36.5218
06/04/2024 21:00:00,6082.0,943,855,38.1756
06/04/2024 23:00:00,6082.0,943,855,17.7015
06/03/2024 01:00:00,5557.0,943,791,21.1753
06/03/2024 03:00:00,5557.0,943,791,13.3356
06/03/2024 05:00:00,5557.0,943,791,8.3417
06/03/2024 07:00:00,5557.0,943,791,6.8916
06/03/2024 09:00:00,5557.0,943,791,9.2909
06/03/2024 11:00:00,5557.0,943,791,6.4819
06/03/2024 15:00:00,5557.0,943,791,19.8172
06/03/2024 17:00:00,5557.0,943,791,15.2345
06/03/2024 19:00:00,5557.0,943,791,14.0215
06/03/2024 21:00:00,5557.0,943,791,6.8392
06/03/2024 23:00:00,5557.0,943,791,13.4514
06/02/2024 01:00:00,5919.0,1008,776,7.0805
06/02/2024 03:00:00,5919.0,1008,776,7.7639
06/02/2024 05:00:00,5919.0,1008,776,21.0993
06/02/2024 07:00:00,5919.0,1008,776,11.7436
06/02/2024 09:00:00,5919.0,1008,776,0.0012
06/02/2024 11:00:00,5919.0,1008,776,-0.0008
06/02/2024 13:00:00,5919.0,1008,776,6.773
06/02/2024 15:00:00,5919.0,1008,776,16.4862
06/02/2024 17:00:00,5919.0,1008,776,-0.0505
06/02/2024 19:00:00,5919.0,1008,776,6.7195
06/02/2024 21:00:00,5919.0,1008,776,6.8859
06/02/2024 23:00:00,5919.0,1008,776,12.3932
06/01/2024 01:00:00,4938.0,868,677,9.6297
06/01/2024 03:00:00,4938.0,868,677,9.1687
06/01/2024 05:00:00,4938.0,868,677,9.1969
06/01/2024 07:00:00,4938.0,868,677,-27.3708
06/01/2024 09:00:00,4938.0,868,677,0.0063
06/01/2024 11:00:00,4938.0,868,677,-25.3096
06/01/2024 13:00:00,4938.0,868,677,0.001
06/01/2024 15:00:00,4938.0,868,677,-0.0035
06/01/2024 17:00:00,4938.0,868,677,0.0026
06/01/2024 19:00:00,4938.0,868,677,4.9485
06/01/2024 21:00:00,4938.0,868,677,19.3568
06/01/2024 23:00:00,4938.0,868,677,11.1779
05/31/2024 01:00:00,5153.0,907,741,9.1827
05/31/2024 03:00:00,5153.0,907,741,-28.0013
05/31/2024 05:00:00,5153.0,907,741,10.4825
05/31/2024 07:00:00,5153.0,907,741,10.0324
05/31/2024 09:00:00,5153.0,907,741,19.1122
05/31/2024 11:00:00,5153.0,907,741,20.0011
05/31/2024 13:00:00,5153.0,907,741,12.0066
05/31/2024 15:00:00,5153.0,907,741,10.7689
05/31/2024 17:00:00,5153.0,907,741,11.2302
05/31/2024 19:00:00,5153.0,907,741,14.9911
05/31/2024 21:00:00,5153.0,907,741,20.6786
05/31/2024 23:00:00,5153.0,907,741,12.259
05/30/2024 01:00:00,6089.0,898,789,0.3323
05/30/2024 03:00:00,6089.0,898,789,8.767
05/30/2024 05:00:00,6089.0,898,789,11.0714
05/30/2024 07:00:00,6089.0,898,789,24.3476
05/30/2024 09:00:00,6089.0,898,789,0.007
05/30/2024 11:00:00,6089.0,898,789,0.005
05/30/2024 13:00:00,6089.0,898,789,8.5144
05/30/2024 15:00:00,6089.0,898,789,30.6769
05/30/2024 17:00:00,6089.0,898,789,31.549
05/30/2024 19:00:00,6089.0,898,789,16.0643
05/30/2024 21:00:00,6089.0,898,789,35.8953
05/30/2024 23:00:00,6089.0,898,789,16.783
05/29/2024 01:00:00,5978.0,899,802,0.0134
05/29/2024 03:00:00,5978.0,899,802,7.7125
05/29/2024 05:00:00,5978.0,899,802,9.0196
05/29/2024 07:00:00,5978.0,899,802,20.4368
05/29/2024 09:00:00,5978.0,899,802,7.7939
05/29/2024 11:00:00,5978.0,899,802,8.0406
05/29/2024 13:00:00,5978.0,899,802,0.0104
05/29/2024 15:00:00,5978.0,899,802,0.0091
05/29/2024 17:00:00,5978.0,899,802,9.7129
05/29/2024 19:00:00,5978.0,899,802,14.9438
05/29/2024 21:00:00,5978.0,899,802,14.1202
05/29/2024 23:00:00,5978.0,899,802,10.6441
05/28/2024 01:00:00,5277.0,827,748,7.796
05/28/2024 03:00:00,5277.0,827,748,0.0152
05/28/2024 05:00:00,5277.0,827,748,0.0126
05/28/2024 07:00:00,5277.0,827,748,20.8054
05/28/2024 09:00:00,5277.0,827,748,11.8274
05/28/2024 11:00:00,5277.0,827,748,10.0394
05/28/2024 13:00:00,5277.0,827,748,8.2606
05/28/2024 15:00:00,5277.0,827,748,34.3181
05/28/2024 17:00:00,5277.0,827,748,11.6714
05/28/2024 21:00:00,5277.0,827,748,8.5376
05/28/2024 23:00:00,5277.0,827,748,12.83
05/27/2024 01:00:00,5888.0,893,770,26.7808
05/27/2024 03:00:00,5888.0,893,770,12.7298
05/27/2024 05:00:00,5888.0,893,770,11.5738
05/27/2024 07:00:00,5888.0,893,770,21.2614
05/27/2024 09:00:00,5888.0,893,770,7.2848
05/27/2024 11:00:00,5888.0,893,770,7.5282
05/27/2024 13:00:00,5888.0,893,770,-0.0009
05/27/2024 15:00:00,5888.0,893,770,9.9835
05/27/2024 17:00:00,5888.0,893,770,13.0975
05/27/2024 19:00:00,5888.0,893,770,17.5017
05/27/2024 21:00:00,5888.0,893,770,36.0357
05/27/2024 23:00:00,5888.0,893,770,9.5541
05/26/2024 01:00:00,5076.0,885,682,7.6338
05/26/2024 03:00:00,5076.0,885,682,0.0128
05/26/2024 05:00:00,5076.0,885,682,-27.5842
05/26/2024 07:00:00,5076.0,885,682,-27.877
05/26/2024 09:00:00,5076.0,885,682,-26.859
05/26/2024 11:00:00,5076.0,885,682,-1.9797
05/26/2024 13:00:00,5076.0,885,682,-35.8582
05/26/2024 15:00:00,5076.0,885,682,-24.9915
05/26/2024 17:00:00,5076.0,885,682,-27.1414
05/26/2024 19:00:00,5076.0,885,682,-0.2957
05/26/2024 21:00:00,5076.0,885,682,26.9955
05/26/2024 23:00:00,5076.0,885,682,16.6227
05/25/2024 01:00:00,3878.0,743,595,7.4677
05/25/2024 03:00:00,3878.0,743,595,0.0141
05/25/2024 05:00:00,3878.0,743,595,7.1948
05/25/2024 07:00:00,3878.0,743,595,7.5148
05/25/2024 09:00:00,3878.0,743,595,0.002
05/25/2024 11:00:00,3878.0,743,595,0.0074
05/25/2024 13:00:00,3878.0,743,595,-0.0003
05/25/2024 15:00:00,3878.0,743,595,0.0025
05/25/2024 17:00:00,3878.0,743,595,-35.5569
05/25/2024 19:00:00,3878.0,743,595,0.0061
05/25/2024 21:00:00,3878.0,743,595,20.7908
05/25/2024 23:00:00,3878.0,743,595,7.1101
05/24/2024 01:00:00,3182.0,632,505,0.6703
05/24/2024 03:00:00,3182.0,632,505,0.0109
05/24/2024 05:00:00,3182.0,632,505,0.0143
05/24/2024 07:00:00,3182.0,632,505,7.1661
05/24/2024 09:00:00,3182.0,632,505,-36.375
05/24/2024 11:00:00,3182.0,632,505,0.0015
05/24/2024 13:00:00,3182.0,632,505,0.0076
05/24/2024 15:00:00,3182.0,632,505,10.0685
05/24/2024 17:00:00,3182.0,632,505,35.6953
05/24/2024 19:00:00,3182.0,632,505,36.0094
05/24/2024 21:00:00,3182.0,632,505,31.2631
05/24/2024 23:00:00,3182.0,632,505,7.791
05/23/2024 01:00:00,4773.0,810,576,0.022
05/23/2024 03:00:00,4773.0,810,576,7.997
05/23/2024 05:00:00,4773.0,810,576,9.0736
05/23/2024 07:00:00,4773.0,810,576,21.5567
05/23/2024 09:00:00,4773.0,810,576,8.6319
05/23/2024 11:00:00,4773.0,810,576,7.3921
05/23/2024 13:00:00,4773.0,810,576,7.5518
05/23/2024 15:00:00,4773.0,810,576,5.425
05/23/2024 17:00:00,4773.0,810,576,5.6626
05/23/2024 19:00:00,4773.0,810,576,5.6351
05/23/2024 21:00:00,4773.0,810,576,27.04
05/23/2024 23:00:00,4773.0,810,576,7.61
05/22/2024 01:00:00,4433.0,811,630,10.1148
05/22/2024 03:00:00,4433.0,811,630,11.2849
05/22/2024 05:00:00,4433.0,811,630,10.4436
05/22/2024 07:00:00,4433.0,811,630,26.5537
05/22/2024 09:00:00,4433.0,811,630,14.7475
05/22/2024 11:00:00,4433.0,811,630,10.7593
05/22/2024 13:00:00,4433.0,811,630,0.0079
05/22/2024 15:00:00,4433.0,811,630,-39.1077
05/22/2024 17:00:00,4433.0,811,630,0.0066
05/22/2024 19:00:00,4433.0,811,630,8.5459
05/22/2024 21:00:00,4433.0,811,630,19.9335
05/22/2024 23:00:00,4433.0,811,630,9.9939
05/21/2024 01:00:00,5047.0,751,661,-29.3919
05/21/2024 03:00:00,5047.0,751,661,7.9573
05/21/2024 05:00:00,5047.0,751,661,8.0537
05/21/2024 07:00:00,5047.0,751,661,0.5423
05/21/2024 09:00:00,5047.0,751,661,-38.3069
05/21/2024 11:00:00,5047.0,751,661,-2.0557
05/21/2024 13:00:00,5047.0,751,661,-2.0995
05/21/2024 15:00:00,5047.0,751,661,9.6358
05/21/2024 17:00:00,5047.0,751,661,-27.0816
05/21/2024 19:00:00,5047.0,751,661,9.349
05/21/2024 21:00:00,5047.0,751,661,20.9755
05/21/2024 23:00:00,5047.0,751,661,26.5979
05/20/2024 01:00:00,5199.0,919,624,12.0936
05/20/2024 03:00:00,5199.0,919,624,12.9319
05/20/2024 05:00:00,5199.0,919,624,7.954
05/20/2024 07:00:00,5199.0,919,624,0.0122
05/20/2024 09:00:00,5199.0,919,624,0.0095
05/20/2024 11:00:00,5199.0,919,624,0.0048
05/20/2024 13:00:00,5199.0,919,624,11.2065
05/20/2024 15:00:00,5199.0,919,624,10.6335
05/20/2024 17:00:00,5199.0,919,624,21.6362
05/20/2024 19:00:00,5199.0,919,624,29.788
05/20/2024 21:00:00,5199.0,919,624,8.388
05/20/2024 23:00:00,5199.0,919,624,0.0102
05/19/2024 01:00:00,4407.0,806,580,0.0113
05/19/2024 03:00:00,4407.0,806,580,0.0093
05/19/2024 05:00:00,4407.0,806,580,0.0127
05/19/2024 07:00:00,4407.0,806,580,7.4824
05/19/2024 09:00:00,4407.0,806,580,0.0051
05/19/2024 11:00:00,4407.0,806,580,-0.0036
05/19/2024 13:00:00,4407.0,806,580,-0.0069
05/19/2024 15:00:00,4407.0,806,580,-0.0033
05/19/2024 17:00:00,4407.0,806,580,-0.9863
05/19/2024 19:00:00,4407.0,806,580,12.0333
05/19/2024 21:00:00,4407.0,806,580,19.3962
05/19/2024 23:00:00,4407.0,806,580,8.0168
05/18/2024 01:00:00,3046.0,644,601,0.0145
05/18/2024 03:00:00,3046.0,644,601,11.9344
05/18/2024 05:00:00,3046.0,644,601,11.2421
05/18/2024 07:00:00,3046.0,644,601,11.1258
05/18/2024 09:00:00,3046.0,644,601,0.0041
05/18/2024 13:00:00,3046.0,644,601,4.9211
05/18/2024 15:00:00,3046.0,644,601,7.0347
05/18/2024 17:00:00,3046.0,644,601,7.0449
05/18/2024 19:00:00,3046.0,644,601,30.6294
05/18/2024 21:00:00,3046.0,644,601,14.7562
05/18/2024 23:00:00,3046.0,644,601,8.2617
05/17/2024 01:00:00,5229.0,913,661,0.0165
05/17/2024 03:00:00,5229.0,913,661,0.0136
05/17/2024 05:00:00,5229.0,913,661,10.0819
05/17/2024 07:00:00,5229.0,913,661,11.3985
05/17/2024 09:00:00,5229.0,913,661,0.0001
05/17/2024 11:00:00,5229.0,913,661,0.001
05/17/2024 13:00:00,5229.0,913,661,9.7251
05/17/2024 15:00:00,5229.0,913,661,11.6544
05/17/2024 17:00:00,5229.0,913,661,11.7752
05/17/2024 19:00:00,5229.0,913,661,15.8735
05/17/2024 21:00:00,5229.0,913,661,37.1982
05/17/2024 23:00:00,5229.0,913,661,14.107
05/16/2024 01:00:00,4813.0,794,712,11.5137
05/16/2024 03:00:00,4813.0,794,712,15.3171
05/16/2024 05:00:00,4813.0,794,712,14.1655
05/16/2024 07:00:00,4813.0,794,712,15.3193
05/16/2024 09:00:00,4813.0,794,712,10.879
05/16/2024 11:00:00,4813.0,794,712,11.187
05/16/2024 13:00:00,4813.0,794,712,12.8112
05/16/2024 15:00:00,4813.0,794,712,11.1485
05/16/2024 17:00:00,4813.0,794,712,14.7124
05/16/2024 19:00:00,4813.0,794,712,18.4651
05/16/2024 21:00:00,4813.0,794,712,37.1059
05/16/2024 23:00:00,4813.0,794,712,13.7567
05/15/2024 01:00:00,5364.0,785,718,13.5676
05/15/2024 03:00:00,5364.0,785,718,10.0208
05/15/2024 05:00:00,5364.0,785,718,10.3132
05/15/2024 07:00:00,5364.0,785,718,14.075
05/15/2024 09:00:00,5364.0,785,718,9.7795
05/15/2024 11:00:00,5364.0,785,718,0.0092
05/15/2024 13:00:00,5364.0,785,718,0.0064
05/15/2024 15:00:00,5364.0,785,718,0.0142
05/15/2024 17:00:00,5364.0,785,718,10.9637
05/15/2024 19:00:00,5364.0,785,718,14.55
05/15/2024 21:00:00,5364.0,785,718,38.1504
05/15/2024 23:00:00,5364.0,785,718,16.0151
05/14/2024 01:00:00,5250.0,775,609,15.6271
05/14/2024 03:00:00,5250.0,775,609,14.2881
05/14/2024 05:00:00,5250.0,775,609,11.3746
05/14/2024 07:00:00,5250.0,775,609,11.5847
05/14/2024 09:00:00,5250.0,775,609,10.296
05/14/2024 11:00:00,5250.0,775,609,9.7007
05/14/2024 13:00:00,5250.0,775,609,10.2276
05/14/2024 15:00:00,5250.0,775,609,17.3611
05/14/2024 17:00:00,5250.0,775,609,19.2509
05/14/2024 19:00:00,5250.0,775,609,0.0042
05/14/2024 21:00:00,5250.0,775,609,37.9394
05/14/2024 23:00:00,5250.0,775,609,15.716
05/13/2024 01:00:00,5820.0,939,694,37.4379
05/13/2024 03:00:00,5820.0,939,694,10.0809
05/13/2024 05:00:00,5820.0,939,694,11.4387
05/13/2024 07:00:00,5820.0,939,694,16.5584
05/13/2024 09:00:00,5820.0,939,694,10.4062
05/13/2024 11:00:00,5820.0,939,694,10.4514
05/13/2024 13:00:00,5820.0,939,694,14.6156
05/13/2024 15:00:00,5820.0,939,694,17.2086
05/13/2024 17:00:00,5820.0,939,694,40.6867
05/13/2024 19:00:00,5820.0,939,694,22.4972
05/13/2024 21:00:00,5820.0,939,694,41.7875
05/13/2024 23:00:00,5820.0,939,694,15.5624
05/12/2024 01:00:00,5710.0,783,720,14.9704
05/12/2024 03:00:00,5710.0,783,720,14.3533
05/12/2024 05:00:00,5710.0,783,720,10.6322
05/12/2024 07:00:00,5710.0,783,720,22.581
05/12/2024 09:00:00,5710.0,783,720,9.9099
05/12/2024 11:00:00,5710.0,783,720,11.2555
05/12/2024 13:00:00,5710.0,783,720,12.7096
05/12/2024 15:00:00,5710.0,783,720,9.6171
05/12/2024 17:00:00,5710.0,783,720,0.0011
05/12/2024 19:00:00,5710.0,783,720,10.0819
05/12/2024 21:00:00,5710.0,783,720,42.0653
05/12/2024 23:00:00,5710.0,783,720,15.5837
05/11/2024 01:00:00,4854.0,867,672,18.7547
05/11/2024 03:00:00,4854.0,867,672,17.9914
05/11/2024 05:00:00,4854.0,867,672,17.4673
05/11/2024 07:00:00,4854.0,867,672,18.8232
05/11/2024 09:00:00,4854.0,867,672,14.9255
05/11/2024 11:00:00,4854.0,867,672,10.565
05/11/2024 13:00:00,4854.0,867,672,9.3165
05/11/2024 15:00:00,4854.0,867,672,0.0019
05/11/2024 17:00:00,4854.0,867,672,9.8247
05/11/2024 19:00:00,4854.0,867,672,9.8837
05/11/2024 21:00:00,4854.0,867,672,18.6135
05/11/2024 23:00:00,4854.0,867,672,10.4673
05/10/2024 01:00:00,4954.0,858,589,13.0859
05/10/2024 03:00:00,4954.0,858,589,12.4549
05/10/2024 05:00:00,4954.0,858,589,16.8198
05/10/2024 07:00:00,4954.0,858,589,17.5378
05/10/2024 15:00:00,4954.0,858,589,14.3745
05/10/2024 17:00:00,4954.0,858,589,14.948
05/10/2024 19:00:00,4954.0,858,589,15.6178
05/10/2024 21:00:00,4954.0,858,589,40.5466
05/10/2024 23:00:00,4954.0,858,589,22.7784
05/09/2024 01:00:00,6251.0,984,611,13.3697
05/09/2024 03:00:00,6251.0,984,611,13.1105
05/09/2024 05:00:00,6251.0,984,611,13.9602
05/09/2024 09:00:00,6251.0,984,611,13.9471
05/09/2024 11:00:00,6251.0,984,611,13.917
05/09/2024 13:00:00,6251.0,984,611,10.3644
05/09/2024 15:00:00,6251.0,984,611,20.9376
05/09/2024 17:00:00,6251.0,984,611,15.0387
05/09/2024 19:00:00,6251.0,984,611,15.6599
05/09/2024 21:00:00,6251.0,984,611,15.3425
05/09/2024 23:00:00,6251.0,984,611,15.2
05/08/2024 01:00:00,6017.0,946,552,9.4749
05/08/2024 03:00:00,6017.0,946,552,9.5971
05/08/2024 05:00:00,6017.0,946,552,9.5479
05/08/2024 07:00:00,6017.0,946,552,13.6495
05/08/2024 09:00:00,6017.0,946,552,8.6383
05/08/2024 11:00:00,6017.0,946,552,9.4788
05/08/2024 13:00:00,6017.0,946,552,10.1146
05/08/2024 15:00:00,6017.0,946,552,9.0082
05/08/2024 17:00:00,6017.0,946,552,9.6666
05/08/2024 19:00:00,6017.0,946,552,18.0728
05/08/2024 21:00:00,6017.0,946,552,42.4321
05/08/2024 23:00:00,6017.0,946,552,0.014
05/07/2024 01:00:00,4620.0,864,532,8.8724
05/07/2024 03:00:00,4620.0,864,532,0.0001
05/07/2024 05:00:00,4620.0,864,532,8.564
05/07/2024 07:00:00,4620.0,864,532,13.7968
05/07/2024 09:00:00,4620.0,864,532,0.0067
05/07/2024 11:00:00,4620.0,864,532,0.0048
05/07/2024 13:00:00,4620.0,864,532,0.0007
05/07/2024 15:00:00,4620.0,864,532,-0.0027
05/07/2024 17:00:00,4620.0,864,532,-1.9964
05/07/2024 19:00:00,4620.0,864,532,4.7787
05/07/2024 21:00:00,4620.0,864,532,9.7335
05/07/2024 23:00:00,4620.0,864,532,9.1883
05/06/2024 01:00:00,4042.0,792,565,-5.494
05/06/2024 03:00:00,4042.0,792,565,-5.322
05/06/2024 05:00:00,4042.0,792,565,8.3747
05/06/2024 07:00:00,4042.0,792,565,0.0001
05/06/2024 09:00:00,4042.0,792,565,-2.1032
05/06/2024 11:00:00,4042.0,792,565,8.3417
05/06/2024 13:00:00,4042.0,792,565,-2.1316
05/06/2024 15:00:00,4042.0,792,565,-1.0
05/06/2024 17:00:00,4042.0,792,565,8.0349
05/06/2024 19:00:00,4042.0,792,565,8.5452
05/06/2024 21:00:00,4042.0,792,565,41.9748
05/06/2024 23:00:00,4042.0,792,565,14.775
05/05/2024 01:00:00,4538.0,787,444,0.0322
05/05/2024 03:00:00,4538.0,787,444,0.0205
05/05/2024 05:00:00,4538.0,787,444,0.3072
05/05/2024 07:00:00,4538.0,787,444,0.6772
05/05/2024 09:00:00,4538.0,787,444,0.0692
05/05/2024 11:00:00,4538.0,787,444,0.0035
05/05/2024 13:00:00,4538.0,787,444,0.0073
05/05/2024 15:00:00,4538.0,787,444,-26.6852
05/05/2024 17:00:00,4538.0,787,444,-0.994
05/05/2024 19:00:00,4538.0,787,444,8.4504
05/05/2024 21:00:00,4538.0,787,444,9.0641
05/05/2024 23:00:00,4538.0,787,444,8.4571
05/04/2024 01:00:00,3160.0,719,336,1.1519
05/04/2024 03:00:00,3160.0,719,336,8.9867
05/04/2024 05:00:00,3160.0,719,336,14.4486
05/04/2024 07:00:00,3160.0,719,336,31.5567
05/04/2024 09:00:00,3160.0,719,336,13.2507
05/04/2024 11:00:00,3160.0,719,336,21.6558
05/04/2024 13:00:00,3160.0,719,336,9.2266
05/04/2024 15:00:00,3160.0,719,336,7.8255
05/04/2024 17:00:00,3160.0,719,336,0.0001
05/04/2024 19:00:00,3160.0,719,336,11.7761
05/04/2024 21:00:00,3160.0,719,336,13.909
05/04/2024 23:00:00,3160.0,719,336,8.6126
05/03/2024 01:00:00,5634.0,808,542,12.3252
05/03/2024 03:00:00,5634.0,808,542,13.5078
05/03/2024 05:00:00,5634.0,808,542,0.0824
05/03/2024 07:00:00,5634.0,808,542,8.924
05/03/2024 09:00:00,5634.0,808,542,5.5972
05/03/2024 11:00:00,5634.0,808,542,-0.8446
05/03/2024 13:00:00,5634.0,808,542,0.0191
05/03/2024 15:00:00,5634.0,808,542,0.0109
05/03/2024 17:00:00,5634.0,808,542,-1.0139
05/03/2024 19:00:00,5634.0,808,542,8.1284
05/03/2024 21:00:00,5634.0,808,542,9.3108
05/03/2024 23:00:00,5634.0,808,542,0.0247
05/02/2024 01:00:00,5476.0,811,593,15.2794
05/02/2024 03:00:00,5476.0,811,593,1.0535
05/02/2024 05:00:00,5476.0,811,593,9.2745
05/02/2024 07:00:00,5476.0,811,593,14.3605
05/02/2024 09:00:00,5476.0,811,593,9.9574
05/02/2024 11:00:00,5476.0,811,593,0.0691
05/02/2024 13:00:00,5476.0,811,593,8.2408
05/02/2024 15:00:00,5476.0,811,593,0.0165
05/02/2024 17:00:00,5476.0,811,593,8.5619
05/02/2024 19:00:00,5476.0,811,593,9.0503
05/02/2024 21:00:00,5476.0,811,593,22.7904
05/01/2024 01:00:00,5499.0,796,595,9.4428
05/01/2024 03:00:00,5499.0,796,595,8.9778
05/01/2024 05:00:00,5499.0,796,595,9.2891
05/01/2024 07:00:00,5499.0,796,595,9.3402
05/01/2024 09:00:00,5499.0,796,595,0.0116
05/01/2024 11:00:00,5499.0,796,595,-5.4543
05/01/2024 13:00:00,5499.0,796,595,0.011
05/01/2024 15:00:00,5499.0,796,595,8.8836
05/01/2024 17:00:00,5499.0,796,595,7.6907
05/01/2024 19:00:00,5499.0,796,595,9.9197
05/01/2024 21:00:00,5499.0,796,595,12.9305
05/01/2024 23:00:00,5499.0,796,595,17.7005
04/30/2024 01:00:00,4117.0,729,583,8.0721
04/30/2024 03:00:00,4117.0,729,583,14.2536
04/30/2024 05:00:00,4117.0,729,583,9.8105
04/30/2024 07:00:00,4117.0,729,583,7.5462
04/30/2024 09:00:00,4117.0,729,583,-1.4623
04/30/2024 11:00:00,4117.0,729,583,6.4326
04/30/2024 13:00:00,4117.0,729,583,12.8122
04/30/2024 15:00:00,4117.0,729,583,8.5124
04/30/2024 17:00:00,4117.0,729,583,0.0764
04/30/2024 19:00:00,4117.0,729,583,0.0705
04/30/2024 21:00:00,4117.0,729,583,8.2145
04/30/2024 23:00:00,4117.0,729,583,16.2648
04/29/2024 01:00:00,5411.0,848,594,10.2642
04/29/2024 03:00:00,5411.0,848,594,7.3376
04/29/2024 05:00:00,5411.0,848,594,10.0114
04/29/2024 07:00:00,5411.0,848,594,22.85
04/29/2024 09:00:00,5411.0,848,594,9.9266
04/29/2024 11:00:00,5411.0,848,594,7.6163
04/29/2024 13:00:00,5411.0,848,594,6.9099
04/29/2024 15:00:00,5411.0,848,594,9.4645
04/29/2024 17:00:00,5411.0,848,594,7.4222
04/29/2024 19:00:00,5411.0,848,594,13.1198
04/29/2024 21:00:00,5411.0,848,594,35.6264
04/29/2024 23:00:00,5411.0,848,594,7.7094
04/28/2024 01:00:00,7147.0,838,579,11.1104
04/28/2024 03:00:00,7147.0,838,579,7.5337
04/28/2024 05:00:00,7147.0,838,579,8.0206
04/28/2024 07:00:00,7147.0,838,579,10.5369
04/28/2024 09:00:00,7147.0,838,579,6.3105
04/28/2024 11:00:00,7147.0,838,579,-26.3297
04/28/2024 13:00:00,7147.0,838,579,-33.9735
04/28/2024 15:00:00,7147.0,838,579,-0.006
04/28/2024 17:00:00,7147.0,838,579,-0.0012
04/28/2024 19:00:00,7147.0,838,579,6.493
04/28/2024 21:00:00,7147.0,838,579,9.4924
04/28/2024 23:00:00,7147.0,838,579,11.0468
04/27/2024 01:00:00,7009.0,42,24,8.0711
04/27/2024 03:00:00,7009.0,42,24,7.9753
04/27/2024 05:00:00,7009.0,42,24,6.7223
04/27/2024 07:00:00,7009.0,42,24,5.9096
04/27/2024 09:00:00,7009.0,42,24,6.7672
04/27/2024 11:00:00,7009.0,42,24,7.1963
04/27/2024 13:00:00,7009.0,42,24,36.5085
04/27/2024 15:00:00,7009.0,42,24,6.7976
04/27/2024 17:00:00,7009.0,42,24,6.3081
04/27/2024 19:00:00,7009.0,42,24,6.5741
04/27/2024 21:00:00,7009.0,42,24,38.1186
04/27/2024 23:00:00,7009.0,42,24,11.5255
04/26/2024 01:00:00,3094.0,757,426,7.83
04/26/2024 03:00:00,3094.0,757,426,7.4034
04/26/2024 05:00:00,3094.0,757,426,8.5121
04/26/2024 07:00:00,3094.0,757,426,10.1648
04/26/2024 09:00:00,3094.0,757,426,-0.0001
04/26/2024 11:00:00,3094.0,757,426,-40.4521
04/26/2024 13:00:00,3094.0,757,426,-2.0554
04/26/2024 17:00:00,3094.0,757,426,7.6406
04/26/2024 19:00:00,3094.0,757,426,11.1944
04/26/2024 21:00:00,3094.0,757,426,11.9693
04/26/2024 23:00:00,3094.0,757,426,0.0001
04/25/2024 01:00:00,5236.0,877,387,1.3307
04/25/2024 03:00:00,5236.0,877,387,0.7193
04/25/2024 05:00:00,5236.0,877,387,22.1902
04/25/2024 07:00:00,5236.0,877,387,36.3832
04/25/2024 09:00:00,5236.0,877,387,12.8434
04/25/2024 11:00:00,5236.0,877,387,10.4734
04/25/2024 13:00:00,5236.0,877,387,7.8607
04/25/2024 15:00:00,5236.0,877,387,8.1678
04/25/2024 17:00:00,5236.0,877,387,14.2947
04/25/2024 19:00:00,5236.0,877,387,8.8116
04/25/2024 21:00:00,5236.0,877,387,7.814
04/25/2024 23:00:00,5236.0,877,387,7.6115
04/24/2024 01:00:00,4832.0,820,511,1.013
04/24/2024 03:00:00,4832.0,820,511,8.4046
04/24/2024 05:00:00,4832.0,820,511,1.0242
04/24/2024 07:00:00,4832.0,820,511,8.7261
04/24/2024 09:00:00,4832.0,820,511,5.4566
04/24/2024 11:00:00,4832.0,820,511,-0.172
04/24/2024 13:00:00,4832.0,820,511,5.8509
04/24/2024 15:00:00,4832.0,820,511,16.5978
04/24/2024 17:00:00,4832.0,820,511,6.3302
04/24/2024 19:00:00,4832.0,820,511,14.753
04/24/2024 21:00:00,4832.0,820,511,12.123
04/24/2024 23:00:00,4832.0,820,511,8.1329
04/23/2024 01:00:00,4928.0,827,518,17.8117
04/23/2024 03:00:00,4928.0,827,518,10.5628
04/23/2024 05:00:00,4928.0,827,518,0.0239
04/23/2024 07:00:00,4928.0,827,518,8.3535
04/23/2024 09:00:00,4928.0,827,518,13.1414
04/23/2024 11:00:00,4928.0,827,518,7.0151
04/23/2024 13:00:00,4928.0,827,518,15.9592
04/23/2024 15:00:00,4928.0,827,518,11.0085
04/23/2024 17:00:00,4928.0,827,518,34.8016
04/23/2024 23:00:00,4928.0,827,518,0.0727
04/22/2024 01:00:00,5774.0,907,590,0.019
04/22/2024 03:00:00,5774.0,907,590,1.6666
04/22/2024 05:00:00,5774.0,907,590,0.0155
04/22/2024 07:00:00,5774.0,907,590,11.7147
04/22/2024 09:00:00,5774.0,907,590,7.9408
04/22/2024 11:00:00,5774.0,907,590,0.0078
04/22/2024 13:00:00,5774.0,907,590,8.1789
04/22/2024 15:00:00,5774.0,907,590,11.8682
04/22/2024 17:00:00,5774.0,907,590,8.866
04/22/2024 19:00:00,5774.0,907,590,13.0097
04/22/2024 21:00:00,5774.0,907,590,25.3805
04/22/2024 23:00:00,5774.0,907,590,12.3658
04/21/2024 01:00:00,5786.0,908,639,12.704
04/21/2024 03:00:00,5786.0,908,639,14.8395
04/21/2024 05:00:00,5786.0,908,639,19.2553
04/21/2024 07:00:00,5786.0,908,639,36.8822
04/21/2024 09:00:00,5786.0,908,639,18.1046
04/21/2024 11:00:00,5786.0,908,639,8.5081
04/21/2024 13:00:00,5786.0,908,639,10.7797
04/21/2024 15:00:00,5786.0,908,639,0.0014
04/21/2024 17:00:00,5786.0,908,639,0.0027
04/21/2024 19:00:00,5786.0,908,639,7.4495
04/21/2024 21:00:00,5786.0,908,639,8.7292
04/21/2024 23:00:00,5786.0,908,639,1.3424
04/20/2024 01:00:00,4872.0,919,590,18.9196
04/20/2024 03:00:00,4872.0,919,590,16.5471
04/20/2024 05:00:00,4872.0,919,590,15.2892
04/20/2024 07:00:00,4872.0,919,590,35.8716
04/20/2024 09:00:00,4872.0,919,590,16.5665
04/20/2024 11:00:00,4872.0,919,590,9.7011
04/20/2024 13:00:00,4872.0,919,590,14.388
04/20/2024 15:00:00,4872.0,919,590,14.2381
04/20/2024 17:00:00,4872.0,919,590,11.9786
04/20/2024 19:00:00,4872.0,919,590,18.1787
04/20/2024 21:00:00,4872.0,919,590,28.8785
04/20/2024 23:00:00,4872.0,919,590,19.5383
04/19/2024 01:00:00,3484.0,834,554,18.1118
04/19/2024 03:00:00,3484.0,834,554,21.723
04/19/2024 05:00:00,3484.0,834,554,36.1026
04/19/2024 07:00:00,3484.0,834,554,10.8391
04/19/2024 09:00:00,3484.0,834,554,8.7795
04/19/2024 11:00:00,3484.0,834,554,9.0307
04/19/2024 13:00:00,3484.0,834,554,19.4824
04/19/2024 15:00:00,3484.0,834,554,12.034
04/19/2024 17:00:00,3484.0,834,554,34.4262
04/19/2024 19:00:00,3484.0,834,554,20.676
04/19/2024 21:00:00,3484.0,834,554,8.6845
04/19/2024 23:00:00,3484.0,834,554,13.828
04/18/2024 01:00:00,4328.0,756,531,0.0906
04/18/2024 03:00:00,4328.0,756,531,6.4258
04/18/2024 05:00:00,4328.0,756,531,7.0363
04/18/2024 07:00:00,4328.0,756,531,15.8632
04/18/2024 09:00:00,4328.0,756,531,10.9116
04/18/2024 11:00:00,4328.0,756,531,35.2446
04/18/2024 13:00:00,4328.0,756,531,37.9777
04/18/2024 15:00:00,4328.0,756,531,26.1098
04/18/2024 17:00:00,4328.0,756,531,30.8327
04/18/2024 19:00:00,4328.0,756,531,37.8506
04/18/2024 21:00:00,4328.0,756,531,38.0261
04/18/2024 23:00:00,4328.0,756,531,18.8502
04/17/2024 01:00:00,4302.0,756,531,17.889
04/17/2024 03:00:00,4302.0,756,531,8.0251
04/17/2024 05:00:00,4302.0,756,531,10.1703
04/17/2024 07:00:00,4302.0,756,531,26.2874
04/17/2024 09:00:00,4302.0,756,531,9.0837
04/17/2024 11:00:00,4302.0,756,531,7.1576
04/17/2024 13:00:00,4302.0,756,531,8.2903
04/17/2024 15:00:00,4302.0,756,531,6.8575
04/17/2024 17:00:00,4302.0,756,531,0.0089
04/17/2024 19:00:00,4302.0,756,531,8.5449
04/17/2024 21:00:00,4302.0,756,531,7.5138
04/17/2024 23:00:00,4302.0,756,531,0.0207
04/16/2024 01:00:00,4816.0,765,555,0.0191
04/16/2024 03:00:00,4816.0,765,555,0.0182
04/16/2024 05:00:00,4816.0,765,555,0.0172
04/16/2024 07:00:00,4816.0,765,555,6.3914
04/16/2024 09:00:00,4816.0,765,555,0.0242
04/16/2024 11:00:00,4816.0,765,555,-4.9495
04/16/2024 13:00:00,4816.0,765,555,0.0078
04/16/2024 15:00:00,4816.0,765,555,-2.1642
04/16/2024 17:00:00,4816.0,765,555,0.0047
04/16/2024 19:00:00,4816.0,765,555,0.0077
04/16/2024 21:00:00,4816.0,765,555,38.285
04/16/2024 23:00:00,4816.0,765,555,38.8865
04/15/2024 05:00:00,4222.0,718,461,6.947
04/15/2024 07:00:00,4222.0,718,461,31.3486
04/15/2024 09:00:00,4222.0,718,461,6.1184
04/15/2024 11:00:00,4222.0,718,461,6.7222
04/15/2024 13:00:00,4222.0,718,461,0.0021
04/15/2024 15:00:00,4222.0,718,461,0.1972
04/15/2024 17:00:00,4222.0,718,461,0.0076
04/15/2024 19:00:00,4222.0,718,461,0.0608
04/15/2024 21:00:00,4222.0,718,461,7.2335
04/15/2024 23:00:00,4222.0,718,461,0.6199
04/14/2024 01:00:00,4402.0,747,358,20.3538
04/14/2024 03:00:00,4402.0,747,358,22.4188
04/14/2024 05:00:00,4402.0,747,358,14.9973
04/14/2024 07:00:00,4402.0,747,358,16.4026
04/14/2024 09:00:00,4402.0,747,358,6.2353
04/14/2024 11:00:00,4402.0,747,358,6.1634
04/14/2024 13:00:00,4402.0,747,358,6.6501
04/14/2024 15:00:00,4402.0,747,358,0.0021
04/14/2024 17:00:00,4402.0,747,358,0.0488
04/14/2024 19:00:00,4402.0,747,358,6.1695
04/14/2024 21:00:00,4402.0,747,358,7.7363
04/14/2024 23:00:00,4402.0,747,358,0.0682
04/13/2024 01:00:00,4876.0,823,305,2.0622
04/13/2024 03:00:00,4876.0,823,305,0.644
04/13/2024 05:00:00,4876.0,823,305,7.3946
04/13/2024 07:00:00,4876.0,823,305,7.6059
04/13/2024 09:00:00,4876.0,823,305,0.0031
04/13/2024 11:00:00,4876.0,823,305,0.0563
04/13/2024 13:00:00,4876.0,823,305,0.0058
04/13/2024 15:00:00,4876.0,823,305,5.746
04/13/2024 17:00:00,4876.0,823,305,6.1687
04/13/2024 19:00:00,4876.0,823,305,6.549
04/13/2024 21:00:00,4876.0,823,305,24.0816
04/13/2024 23:00:00,4876.0,823,305,13.8558
04/12/2024 01:00:00,4758.0,838,380,11.2921
04/12/2024 03:00:00,4758.0,838,380,8.6968
04/12/2024 05:00:00,4758.0,838,380,10.0904
04/12/2024 07:00:00,4758.0,838,380,21.1614
04/12/2024 09:00:00,4758.0,838,380,17.461
04/12/2024 11:00:00,4758.0,838,380,8.7847
04/12/2024 13:00:00,4758.0,838,380,9.4522
04/12/2024 15:00:00,4758.0,838,380,15.237
04/12/2024 17:00:00,4758.0,838,380,19.6477
04/12/2024 19:00:00,4758.0,838,380,10.2135
04/12/2024 21:00:00,4758.0,838,380,8.8798
04/12/2024 23:00:00,4758.0,838,380,0.0743
04/11/2024 01:00:00,4148.0,793,500,13.2282
04/11/2024 03:00:00,4148.0,793,500,14.5851
04/11/2024 05:00:00,4148.0,793,500,23.7377
04/11/2024 07:00:00,4148.0,793,500,40.4884
04/11/2024 09:00:00,4148.0,793,500,8.6078
04/11/2024 11:00:00,4148.0,793,500,8.9792
04/11/2024 13:00:00,4148.0,793,500,9.0744
04/11/2024 15:00:00,4148.0,793,500,9.9957
04/11/2024 17:00:00,4148.0,793,500,12.8232
04/11/2024 19:00:00,4148.0,793,500,20.0304
04/11/2024 21:00:00,4148.0,793,500,28.8349
04/11/2024 23:00:00,4148.0,793,500,12.7206
04/10/2024 01:00:00,4891.0,870,528,9.491
04/10/2024 03:00:00,4891.0,870,528,9.5014
04/10/2024 05:00:00,4891.0,870,528,14.2021
04/10/2024 07:00:00,4891.0,870,528,13.433
04/10/2024 09:00:00,4891.0,870,528,9.8227
04/10/2024 11:00:00,4891.0,870,528,-5.3389
04/10/2024 13:00:00,4891.0,870,528,0.0039
04/10/2024 15:00:00,4891.0,870,528,8.4512
04/10/2024 17:00:00,4891.0,870,528,0.0084
04/10/2024 19:00:00,4891.0,870,528,0.0064
04/10/2024 21:00:00,4891.0,870,528,14.1092
04/10/2024 23:00:00,4891.0,870,528,10.9985
04/09/2024 01:00:00,4110.0,866,461,14.5272
04/09/2024 03:00:00,4110.0,866,461,13.7887
04/09/2024 05:00:00,4110.0,866,461,14.5805
04/09/2024 07:00:00,4110.0,866,461,22.9157
04/09/2024 09:00:00,4110.0,866,461,10.4796
04/09/2024 11:00:00,4110.0,866,461,-2.0973
04/09/2024 13:00:00,4110.0,866,461,-5.0273
04/09/2024 15:00:00,4110.0,866,461,-0.0006
04/09/2024 17:00:00,4110.0,866,461,8.2812
04/09/2024 19:00:00,4110.0,866,461,12.2239
04/09/2024 21:00:00,4110.0,866,461,8.4426
04/09/2024 23:00:00,4110.0,866,461,9.1802
04/08/2024 01:00:00,3863.0,750,468,10.1222
04/08/2024 03:00:00,3863.0,750,468,15.8187
04/08/2024 05:00:00,3863.0,750,468,13.1351
04/08/2024 07:00:00,3863.0,750,468,14.0961
04/08/2024 09:00:00,3863.0,750,468,0.0145
04/08/2024 11:00:00,3863.0,750,468,0.0111
04/08/2024 13:00:00,3863.0,750,468,8.2661
04/08/2024 17:00:00,3863.0,750,468,8.6655
04/08/2024 19:00:00,3863.0,750,468,35.1182
04/08/2024 21:00:00,3863.0,750,468,19.4458
04/08/2024 23:00:00,3863.0,750,468,8.7804
04/07/2024 01:00:00,3332.0,848,311,8.0958
04/07/2024 03:00:00,3332.0,848,311,8.473
04/07/2024 05:00:00,3332.0,848,311,12.3575
04/07/2024 07:00:00,3332.0,848,311,8.586
04/07/2024 09:00:00,3332.0,848,311,0.0169
04/07/2024 11:00:00,3332.0,848,311,-1.015
04/07/2024 13:00:00,3332.0,848,311,0.0052
04/07/2024 15:00:00,3332.0,848,311,0.0055
04/07/2024 17:00:00,3332.0,848,311,0.0062
04/07/2024 19:00:00,3332.0,848,311,0.001
04/07/2024 21:00:00,3332.0,848,311,8.6496
04/07/2024 23:00:00,3332.0,848,311,8.6813
04/06/2024 01:00:00,2550.0,639,269,-5.5317
04/06/2024 03:00:00,2550.0,639,269,-5.6263
04/06/2024 05:00:00,2550.0,639,269,0.0151
04/06/2024 07:00:00,2550.0,639,269,0.0137
04/06/2024 09:00:00,2550.0,639,269,8.9696
04/06/2024 11:00:00,2550.0,639,269,0.0116
04/06/2024 13:00:00,2550.0,639,269,0.0102
04/06/2024 15:00:00,2550.0,639,269,0.0096
04/06/2024 17:00:00,2550.0,639,269,6.1463
04/06/2024 19:00:00,2550.0,639,269,35.0339
04/06/2024 21:00:00,2550.0,639,269,44.5908
04/06/2024 23:00:00,2550.0,639,269,8.2411
04/05/2024 01:00:00,2618.0,731,255,-30.2469
04/05/2024 03:00:00,2618.0,731,255,0.6565
04/05/2024 05:00:00,2618.0,731,255,7.8231
04/05/2024 07:00:00,2618.0,731,255,10.3966
04/05/2024 09:00:00,2618.0,731,255,10.5759
04/05/2024 11:00:00,2618.0,731,255,9.4057
04/05/2024 13:00:00,2618.0,731,255,4.7719
04/05/2024 15:00:00,2618.0,731,255,-36.4636
04/05/2024 17:00:00,2618.0,731,255,-41.0156
04/05/2024 19:00:00,2618.0,731,255,8.6598
04/05/2024 21:00:00,2618.0,731,255,8.746
04/05/2024 23:00:00,2618.0,731,255,0.0138
04/04/2024 01:00:00,3788.0,827,277,16.5916
04/04/2024 03:00:00,3788.0,827,277,11.1432
04/04/2024 05:00:00,3788.0,827,277,9.4739
04/04/2024 07:00:00,3788.0,827,277,17.2356
04/04/2024 09:00:00,3788.0,827,277,8.4088
04/04/2024 11:00:00,3788.0,827,277,0.0054
04/04/2024 13:00:00,3788.0,827,277,7.4838
04/04/2024 15:00:00,3788.0,827,277,9.1089
04/04/2024 17:00:00,3788.0,827,277,9.1406
04/04/2024 19:00:00,3788.0,827,277,0.0056
04/04/2024 21:00:00,3788.0,827,277,10.0914
04/04/2024 23:00:00,3788.0,827,277,0.0129
04/03/2024 01:00:00,3567.0,828,362,13.5708
04/03/2024 03:00:00,3567.0,828,362,9.5102
04/03/2024 05:00:00,3567.0,828,362,12.5553
04/03/2024 07:00:00,3567.0,828,362,13.3624
04/03/2024 09:00:00,3567.0,828,362,-0.0012
04/03/2024 11:00:00,3567.0,828,362,-2.1369
04/03/2024 13:00:00,3567.0,828,362,0.0005
04/03/2024 15:00:00,3567.0,828,362,0.0023
04/03/2024 17:00:00,3567.0,828,362,0.0017
04/03/2024 19:00:00,3567.0,828,362,11.107
04/03/2024 21:00:00,3567.0,828,362,27.454
04/03/2024 23:00:00,3567.0,828,362,16.4092
04/02/2024 01:00:00,2480.0,742,393,59.8344
04/02/2024 03:00:00,2480.0,742,393,0.6971
04/02/2024 05:00:00,2480.0,742,393,0.0133
04/02/2024 07:00:00,2480.0,742,393,7.8858
04/02/2024 09:00:00,2480.0,742,393,0.7555
04/02/2024 13:00:00,2480.0,742,393,-2.1869
04/02/2024 15:00:00,2480.0,742,393,0.0029
04/02/2024 17:00:00,2480.0,742,393,-2.0655
04/02/2024 19:00:00,2480.0,742,393,0.0033
04/02/2024 21:00:00,2480.0,742,393,16.9455
04/02/2024 23:00:00,2480.0,742,393,15.4747
04/01/2024 01:00:00,2909.0,780,300,16.7072
04/01/2024 03:00:00,2909.0,780,300,8.4207
04/01/2024 05:00:00,2909.0,780,300,15.1922
04/01/2024 07:00:00,2909.0,780,300,35.708
04/01/2024 09:00:00,2909.0,780,300,12.2155
04/01/2024 11:00:00,2909.0,780,300,0.0068
04/01/2024 13:00:00,2909.0,780,300,7.3318
04/01/2024 15:00:00,2909.0,780,300,7.5334
04/01/2024 17:00:00,2909.0,780,300,7.3945
04/01/2024 19:00:00,2909.0,780,300,7.7893
04/01/2024 21:00:00,2909.0,780,300,50.0759
04/01/2024 23:00:00,2909.0,780,300,7.9
03/31/2024 01:00:00,2659.0,780,300,15.8866
03/31/2024 03:00:00,2659.0,780,300,10.7733
03/31/2024 05:00:00,2659.0,780,300,37.6608
03/31/2024 07:00:00,2659.0,780,300,42.2144
03/31/2024 09:00:00,2659.0,780,300,17.1582
03/31/2024 11:00:00,2659.0,780,300,11.7792
03/31/2024 13:00:00,2659.0,780,300,8.627
03/31/2024 15:00:00,2659.0,780,300,0.0067
03/31/2024 17:00:00,2659.0,780,300,0.0101
03/31/2024 19:00:00,2659.0,780,300,-0.0038
03/31/2024 21:00:00,2659.0,780,300,9.9848
03/31/2024 23:00:00,2659.0,780,300,10.637
03/30/2024 01:00:00,2695.0,663,254,10.8237
03/30/2024 03:00:00,2695.0,663,254,11.2623
03/30/2024 05:00:00,2695.0,663,254,27.7881
03/30/2024 07:00:00,2695.0,663,254,15.3849
03/30/2024 09:00:00,2695.0,663,254,12.4786
03/30/2024 11:00:00,2695.0,663,254,0.0101
03/30/2024 13:00:00,2695.0,663,254,0.0044
03/30/2024 15:00:00,2695.0,663,254,-26.319
03/30/2024 17:00:00,2695.0,663,254,0.0061
03/30/2024 19:00:00,2695.0,663,254,10.0214
03/30/2024 21:00:00,2695.0,663,254,8.9292
03/30/2024 23:00:00,2695.0,663,254,15.3816
03/29/2024 01:00:00,2715.0,596,286,10.1739
03/29/2024 03:00:00,2715.0,596,286,10.3241
03/29/2024 05:00:00,2715.0,596,286,12.2264
03/29/2024 07:00:00,2715.0,596,286,13.8392
03/29/2024 09:00:00,2715.0,596,286,10.3356
03/29/2024 11:00:00,2715.0,596,286,0.0105
03/29/2024 13:00:00,2715.0,596,286,7.0944
03/29/2024 15:00:00,2715.0,596,286,10.6074
03/29/2024 17:00:00,2715.0,596,286,14.0228
03/29/2024 19:00:00,2715.0,596,286,10.6758
03/29/2024 21:00:00,2715.0,596,286,7.3116
03/29/2024 23:00:00,2715.0,596,286,13.1512
03/28/2024 01:00:00,2328.0,794,344,12.9966
03/28/2024 03:00:00,2328.0,794,344,23.8578
03/28/2024 05:00:00,2328.0,794,344,15.3677
03/28/2024 07:00:00,2328.0,794,344,23.2562
03/28/2024 09:00:00,2328.0,794,344,16.7566
03/28/2024 11:00:00,2328.0,794,344,11.8352
03/28/2024 13:00:00,2328.0,794,344,10.0166
03/28/2024 15:00:00,2328.0,794,344,7.6738
03/28/2024 17:00:00,2328.0,794,344,0.0095
03/28/2024 19:00:00,2328.0,794,344,8.3288
03/28/2024 21:00:00,2328.0,794,344,13.7501
03/28/2024 23:00:00,2328.0,794,344,10.3575
03/27/2024 01:00:00,1797.0,776,381,11.3892
03/27/2024 03:00:00,1797.0,776,381,13.1265
03/27/2024 05:00:00,1797.0,776,381,16.3925
03/27/2024 07:00:00,1797.0,776,381,24.3954
03/27/2024 09:00:00,1797.0,776,381,18.9954
03/27/2024 11:00:00,1797.0,776,381,11.6204
03/27/2024 13:00:00,1797.0,776,381,11.1427
03/27/2024 15:00:00,1797.0,776,381,11.0627
03/27/2024 17:00:00,1797.0,776,381,11.0053
03/27/2024 19:00:00,1797.0,776,381,11.1747
03/27/2024 21:00:00,1797.0,776,381,14.5077
03/27/2024 23:00:00,1797.0,776,381,11.8225
03/26/2024 01:00:00,2991.0,701,354,14.0642
03/26/2024 03:00:00,2991.0,701,354,12.9375
03/26/2024 05:00:00,2991.0,701,354,15.3414
03/26/2024 07:00:00,2991.0,701,354,42.4857
03/26/2024 09:00:00,2991.0,701,354,19.1337
03/26/2024 11:00:00,2991.0,701,354,12.2151
03/26/2024 13:00:00,2991.0,701,354,11.132
03/26/2024 15:00:00,2991.0,701,354,9.301
03/26/2024 17:00:00,2991.0,701,354,8.5631
03/26/2024 19:00:00,2991.0,701,354,18.8365
03/26/2024 21:00:00,2991.0,701,354,11.7778
03/26/2024 23:00:00,2991.0,701,354,11.9168
03/25/2024 01:00:00,2723.0,651,328,38.3022
03/25/2024 03:00:00,2723.0,651,328,36.3402
03/25/2024 05:00:00,2723.0,651,328,183.6151
03/25/2024 07:00:00,2723.0,651,328,30.7155
03/25/2024 09:00:00,2723.0,651,328,28.9271
03/25/2024 11:00:00,2723.0,651,328,8.9561
03/25/2024 13:00:00,2723.0,651,328,7.9418
03/25/2024 15:00:00,2723.0,651,328,6.9623
03/25/2024 17:00:00,2723.0,651,328,7.7443
03/25/2024 19:00:00,2723.0,651,328,14.7763
03/25/2024 21:00:00,2723.0,651,328,18.5777
03/25/2024 23:00:00,2723.0,651,328,16.8634
03/24/2024 01:00:00,3984.0,787,327,8.2531
03/24/2024 03:00:00,3984.0,787,327,9.5327
03/24/2024 05:00:00,3984.0,787,327,20.6047
03/24/2024 07:00:00,3984.0,787,327,36.0318
03/24/2024 09:00:00,3984.0,787,327,18.1013
03/24/2024 11:00:00,3984.0,787,327,13.6245
03/24/2024 13:00:00,3984.0,787,327,17.1292
03/24/2024 15:00:00,3984.0,787,327,7.901
03/24/2024 17:00:00,3984.0,787,327,7.6456
03/24/2024 19:00:00,3984.0,787,327,8.8908
03/24/2024 21:00:00,3984.0,787,327,10.9042
03/24/2024 23:00:00,3984.0,787,327,9.6703
03/23/2024 01:00:00,4193.0,879,272,53.312
03/23/2024 03:00:00,4193.0,879,272,180.011
03/23/2024 05:00:00,4193.0,879,272,180.8085
03/23/2024 07:00:00,4193.0,879,272,9.4259
03/23/2024 09:00:00,4193.0,879,272,7.1648
03/23/2024 11:00:00,4193.0,879,272,0.0158
03/23/2024 13:00:00,4193.0,879,272,0.0203
03/23/2024 15:00:00,4193.0,879,272,-2.1228
03/23/2024 17:00:00,4193.0,879,272,12.492
03/23/2024 19:00:00,4193.0,879,272,7.9994
03/23/2024 21:00:00,4193.0,879,272,14.2413
03/23/2024 23:00:00,4193.0,879,272,10.8395
03/22/2024 01:00:00,3515.0,606,312,7.5051
03/22/2024 03:00:00,3515.0,606,312,0.0165
03/22/2024 05:00:00,3515.0,606,312,7.2961
03/22/2024 07:00:00,3515.0,606,312,10.8811
03/22/2024 09:00:00,3515.0,606,312,9.9982
03/22/2024 11:00:00,3515.0,606,312,8.0038
03/22/2024 13:00:00,3515.0,606,312,9.2522
03/22/2024 15:00:00,3515.0,606,312,8.3875
03/22/2024 17:00:00,3515.0,606,312,0.0019
03/22/2024 19:00:00,3515.0,606,312,0.0084
03/22/2024 21:00:00,3515.0,606,312,8.8831
03/22/2024 23:00:00,3515.0,606,312,7.5663
03/21/2024 01:00:00,4407.0,863,397,9.916
03/21/2024 03:00:00,4407.0,863,397,8.8334
03/21/2024 05:00:00,4407.0,863,397,15.3082
03/21/2024 07:00:00,4407.0,863,397,19.1041
03/21/2024 09:00:00,4407.0,863,397,13.8377
03/21/2024 11:00:00,4407.0,863,397,8.908
03/21/2024 13:00:00,4407.0,863,397,7.8807
03/21/2024 15:00:00,4407.0,863,397,-0.0023
03/21/2024 17:00:00,4407.0,863,397,-0.0069
03/21/2024 19:00:00,4407.0,863,397,8.4051
03/21/2024 21:00:00,4407.0,863,397,17.8533
03/21/2024 23:00:00,4407.0,863,397,9.9974
03/20/2024 01:00:00,3593.0,766,386,9.2999
03/20/2024 03:00:00,3593.0,766,386,0.0135
03/20/2024 05:00:00,3593.0,766,386,9.628
03/20/2024 07:00:00,3593.0,766,386,26.7856
03/20/2024 09:00:00,3593.0,766,386,16.7623
03/20/2024 11:00:00,3593.0,766,386,0.0124
03/20/2024 13:00:00,3593.0,766,386,8.6132
03/20/2024 15:00:00,3593.0,766,386,9.7505
03/20/2024 17:00:00,3593.0,766,386,8.9183
03/20/2024 19:00:00,3593.0,766,386,12.5843
03/20/2024 21:00:00,3593.0,766,386,10.2005
03/20/2024 23:00:00,3593.0,766,386,10.314
03/19/2024 01:00:00,4202.0,838,350,9.1149
03/19/2024 03:00:00,4202.0,838,350,8.9967
03/19/2024 05:00:00,4202.0,838,350,13.428
03/19/2024 07:00:00,4202.0,838,350,38.3354
03/19/2024 09:00:00,4202.0,838,350,9.0091
03/19/2024 11:00:00,4202.0,838,350,8.4772
03/19/2024 13:00:00,4202.0,838,350,13.0476
03/19/2024 15:00:00,4202.0,838,350,10.4989
03/19/2024 17:00:00,4202.0,838,350,7.8063
03/19/2024 19:00:00,4202.0,838,350,12.6413
03/19/2024 21:00:00,4202.0,838,350,16.1672
03/19/2024 23:00:00,4202.0,838,350,11.6566
03/18/2024 01:00:00,4369.0,958,334,14.0472
03/18/2024 03:00:00,4369.0,958,334,18.2857
03/18/2024 05:00:00,4369.0,958,334,23.2735
03/18/2024 07:00:00,4369.0,958,334,31.2607
03/18/2024 09:00:00,4369.0,958,334,19.5189
03/18/2024 11:00:00,4369.0,958,334,14.0506
03/18/2024 13:00:00,4369.0,958,334,12.7658
03/18/2024 15:00:00,4369.0,958,334,13.2404
03/18/2024 17:00:00,4369.0,958,334,10.5708
03/18/2024 19:00:00,4369.0,958,334,13.2811
03/18/2024 21:00:00,4369.0,958,334,45.9504
03/18/2024 23:00:00,4369.0,958,334,9.5374
03/17/2024 01:00:00,3620.0,747,299,14.9002
03/17/2024 03:00:00,3620.0,747,299,18.2221
03/17/2024 05:00:00,3620.0,747,299,23.4331
03/17/2024 07:00:00,3620.0,747,299,42.3098
03/17/2024 09:00:00,3620.0,747,299,18.4976
03/17/2024 11:00:00,3620.0,747,299,8.8188
03/17/2024 13:00:00,3620.0,747,299,8.4571
03/17/2024 15:00:00,3620.0,747,299,8.3621
03/17/2024 17:00:00,3620.0,747,299,7.6033
03/17/2024 19:00:00,3620.0,747,299,12.7301
03/17/2024 21:00:00,3620.0,747,299,13.0666
03/17/2024 23:00:00,3620.0,747,299,17.0932
03/16/2024 01:00:00,2792.0,710,261,13.6148
03/16/2024 03:00:00,2792.0,710,261,0.037
03/16/2024 05:00:00,2792.0,710,261,8.7231
03/16/2024 07:00:00,2792.0,710,261,9.0274
03/16/2024 09:00:00,2792.0,710,261,8.2131
03/16/2024 11:00:00,2792.0,710,261,0.0218
03/16/2024 13:00:00,2792.0,710,261,0.015
03/16/2024 15:00:00,2792.0,710,261,7.7591
03/16/2024 17:00:00,2792.0,710,261,13.9282
03/16/2024 19:00:00,2792.0,710,261,43.7864
03/16/2024 21:00:00,2792.0,710,261,43.8262
03/16/2024 23:00:00,2792.0,710,261,14.0647
03/15/2024 01:00:00,2919.0,553,281,14.0429
03/15/2024 03:00:00,2919.0,553,281,13.2002
03/15/2024 05:00:00,2919.0,553,281,15.508
03/15/2024 07:00:00,2919.0,553,281,20.6214
03/15/2024 09:00:00,2919.0,553,281,22.3668
03/15/2024 11:00:00,2919.0,553,281,20.4318
03/15/2024 13:00:00,2919.0,553,281,14.9294
03/15/2024 15:00:00,2919.0,553,281,10.7274
03/15/2024 17:00:00,2919.0,553,281,8.2703
03/15/2024 19:00:00,2919.0,553,281,7.8547
03/15/2024 21:00:00,2919.0,553,281,13.1163
03/15/2024 23:00:00,2919.0,553,281,14.2655
03/14/2024 01:00:00,2948.0,727,295,8.8811
03/14/2024 03:00:00,2948.0,727,295,0.022
03/14/2024 05:00:00,2948.0,727,295,0.0232
03/14/2024 07:00:00,2948.0,727,295,0.0272
03/14/2024 09:00:00,2948.0,727,295,8.5887
03/14/2024 11:00:00,2948.0,727,295,-1.1154
03/14/2024 13:00:00,2948.0,727,295,0.0095
03/14/2024 15:00:00,2948.0,727,295,-1.0526
03/14/2024 17:00:00,2948.0,727,295,7.2171
03/14/2024 19:00:00,2948.0,727,295,11.7851
03/14/2024 21:00:00,2948.0,727,295,14.1553
03/14/2024 23:00:00,2948.0,727,295,12.0641
03/13/2024 01:00:00,2083.0,664,299,8.8296
03/13/2024 03:00:00,2083.0,664,299,9.1289
03/13/2024 05:00:00,2083.0,664,299,17.3006
03/13/2024 07:00:00,2083.0,664,299,18.9619
03/13/2024 09:00:00,2083.0,664,299,9.0256
03/13/2024 11:00:00,2083.0,664,299,6.834
03/13/2024 13:00:00,2083.0,664,299,7.3326
03/13/2024 15:00:00,2083.0,664,299,0.0018
03/13/2024 17:00:00,2083.0,664,299,7.8171
03/13/2024 19:00:00,2083.0,664,299,13.8146
03/13/2024 21:00:00,2083.0,664,299,13.9818
03/13/2024 23:00:00,2083.0,664,299,8.3487
03/12/2024 01:00:00,4006.0,774,335,18.1387
03/12/2024 03:00:00,4006.0,774,335,10.0195
03/12/2024 05:00:00,4006.0,774,335,0.0104
03/12/2024 07:00:00,4006.0,774,335,19.1367
03/12/2024 09:00:00,4006.0,774,335,15.5978
03/12/2024 11:00:00,4006.0,774,335,0.0203
03/12/2024 13:00:00,4006.0,774,335,8.7641
03/12/2024 15:00:00,4006.0,774,335,9.8531
03/12/2024 17:00:00,4006.0,774,335,13.638
03/12/2024 21:00:00,4006.0,774,335,9.9013
03/12/2024 23:00:00,4006.0,774,335,8.9856
03/11/2024 01:00:00,4027.0,871,321,9.0502
03/11/2024 03:00:00,4027.0,871,321,9.6555
03/11/2024 05:00:00,4027.0,871,321,10.343
03/11/2024 07:00:00,4027.0,871,321,11.6695
03/11/2024 09:00:00,4027.0,871,321,16.4941
03/11/2024 11:00:00,4027.0,871,321,15.0849
03/11/2024 13:00:00,4027.0,871,321,16.4173
03/11/2024 15:00:00,4027.0,871,321,14.6365
03/11/2024 17:00:00,4027.0,871,321,8.0414
03/11/2024 19:00:00,4027.0,871,321,18.5753
03/11/2024 21:00:00,4027.0,871,321,18.1509
03/11/2024 23:00:00,4027.0,871,321,17.4251
03/10/2024 01:00:00,3752.0,659,316,15.0998
03/10/2024 03:00:00,3752.0,659,316,11.7898
03/10/2024 07:00:00,3752.0,659,316,19.4376
03/10/2024 09:00:00,3752.0,659,316,16.5783
03/10/2024 11:00:00,3752.0,659,316,9.3746
03/10/2024 13:00:00,3752.0,659,316,0.0038
03/10/2024 15:00:00,3752.0,659,316,7.0403
03/10/2024 17:00:00,3752.0,659,316,0.0053
03/10/2024 19:00:00,3752.0,659,316,18.1727
03/10/2024 21:00:00,3752.0,659,316,16.8142
03/10/2024 23:00:00,3752.0,659,316,10.414
03/09/2024 01:00:00,3792.0,892,275,19.0571
03/09/2024 03:00:00,3792.0,892,275,16.9055
03/09/2024 05:00:00,3792.0,892,275,15.7481
03/09/2024 07:00:00,3792.0,892,275,18.3236
03/09/2024 09:00:00,3792.0,892,275,13.0475
03/09/2024 11:00:00,3792.0,892,275,10.1872
03/09/2024 13:00:00,3792.0,892,275,9.6486
03/09/2024 15:00:00,3792.0,892,275,9.1714
03/09/2024 17:00:00,3792.0,892,275,8.6082
03/09/2024 19:00:00,3792.0,892,275,28.3853
03/09/2024 21:00:00,3792.0,892,275,11.5993
03/09/2024 23:00:00,3792.0,892,275,14.9313
03/08/2024 01:00:00,3669.0,842,289,22.8363
03/08/2024 03:00:00,3669.0,842,289,24.9076
03/08/2024 05:00:00,3669.0,842,289,24.8823
03/08/2024 07:00:00,3669.0,842,289,27.509
03/08/2024 09:00:00,3669.0,842,289,20.3747
03/08/2024 11:00:00,3669.0,842,289,14.4261
03/08/2024 13:00:00,3669.0,842,289,15.0613
03/08/2024 15:00:00,3669.0,842,289,16.8368
03/08/2024 17:00:00,3669.0,842,289,15.7925
03/08/2024 19:00:00,3669.0,842,289,17.9599
03/08/2024 21:00:00,3669.0,842,289,17.8413
03/08/2024 23:00:00,3669.0,842,289,20.4354
03/07/2024 01:00:00,2890.0,743,314,14.9362
03/07/2024 03:00:00,2890.0,743,314,15.1129
03/07/2024 05:00:00,2890.0,743,314,14.5421
03/07/2024 07:00:00,2890.0,743,314,17.3114
03/07/2024 09:00:00,2890.0,743,314,14.54
03/07/2024 11:00:00,2890.0,743,314,10.496
03/07/2024 13:00:00,2890.0,743,314,14.9153
03/07/2024 15:00:00,2890.0,743,314,17.8811
03/07/2024 17:00:00,2890.0,743,314,17.7796
03/07/2024 19:00:00,2890.0,743,314,25.5909
03/07/2024 21:00:00,2890.0,743,314,25.1503
03/07/2024 23:00:00,2890.0,743,314,19.0829
03/06/2024 01:00:00,3525.0,762,313,8.2687
03/06/2024 03:00:00,3525.0,762,313,12.4945
03/06/2024 05:00:00,3525.0,762,313,14.3383
03/06/2024 07:00:00,3525.0,762,313,21.1084
03/06/2024 09:00:00,3525.0,762,313,8.7227
03/06/2024 11:00:00,3525.0,762,313,9.6682
03/06/2024 13:00:00,3525.0,762,313,10.9272
03/06/2024 15:00:00,3525.0,762,313,14.0886
03/06/2024 17:00:00,3525.0,762,313,19.2008
03/06/2024 19:00:00,3525.0,762,313,18.5428
03/06/2024 21:00:00,3525.0,762,313,14.3084
03/06/2024 23:00:00,3525.0,762,313,16.363
03/05/2024 01:00:00,3555.0,801,345,0.0164
03/05/2024 03:00:00,3555.0,801,345,9.0367
03/05/2024 05:00:00,3555.0,801,345,10.2891
03/05/2024 07:00:00,3555.0,801,345,27.3342
03/05/2024 09:00:00,3555.0,801,345,11.9303
03/05/2024 11:00:00,3555.0,801,345,9.7389
03/05/2024 13:00:00,3555.0,801,345,8.7862
03/05/2024 15:00:00,3555.0,801,345,0.0083
03/05/2024 17:00:00,3555.0,801,345,10.704
03/05/2024 19:00:00,3555.0,801,345,17.8062
03/05/2024 21:00:00,3555.0,801,345,12.5435
03/05/2024 23:00:00,3555.0,801,345,9.5582
03/04/2024 01:00:00,3184.0,708,331,8.7805
03/04/2024 03:00:00,3184.0,708,331,8.6298
03/04/2024 05:00:00,3184.0,708,331,9.5562
03/04/2024 07:00:00,3184.0,708,331,27.3713
03/04/2024 09:00:00,3184.0,708,331,15.8609
03/04/2024 11:00:00,3184.0,708,331,14.4219
03/04/2024 13:00:00,3184.0,708,331,19.0327
03/04/2024 15:00:00,3184.0,708,331,9.0838
03/04/2024 17:00:00,3184.0,708,331,8.6189
03/04/2024 19:00:00,3184.0,708,331,28.6423
03/04/2024 21:00:00,3184.0,708,331,13.3131
03/04/2024 23:00:00,3184.0,708,331,8.395
03/03/2024 01:00:00,3506.0,814,320,44.9313
03/03/2024 03:00:00,3506.0,814,320,0.0257
03/03/2024 05:00:00,3506.0,814,320,0.0271
03/03/2024 07:00:00,3506.0,814,320,8.5735
03/03/2024 09:00:00,3506.0,814,320,0.0245
03/03/2024 11:00:00,3506.0,814,320,-2.1378
03/03/2024 13:00:00,3506.0,814,320,8.8642
03/03/2024 15:00:00,3506.0,814,320,0.0093
03/03/2024 17:00:00,3506.0,814,320,0.0063
03/03/2024 19:00:00,3506.0,814,320,16.8126
03/03/2024 21:00:00,3506.0,814,320,14.3129
03/03/2024 23:00:00,3506.0,814,320,14.8617
03/02/2024 01:00:00,1960.0,620,262,13.529
03/02/2024 03:00:00,1960.0,620,262,14.0746
03/02/2024 05:00:00,1960.0,620,262,16.402
03/02/2024 07:00:00,1960.0,620,262,26.9898
03/02/2024 09:00:00,1960.0,620,262,9.1062
03/02/2024 11:00:00,1960.0,620,262,-27.1936
03/02/2024 13:00:00,1960.0,620,262,-2.0885
03/02/2024 15:00:00,1960.0,620,262,-40.5253
03/02/2024 17:00:00,1960.0,620,262,0.0141
03/02/2024 19:00:00,1960.0,620,262,14.4149
03/02/2024 21:00:00,1960.0,620,262,16.9584
03/02/2024 23:00:00,1960.0,620,262,53.9227
